BlockNumber,ExtraNonce,Satoshi
0,4,False
1,4,True
2,11,True
3,14,True
4,26,True
5,32,True
6,35,True
7,43,True
8,44,True
9,52,False
10,54,True
11,59,True
12,12,False
13,60,True
14,62,True
15,10,True
16,11,True
17,13,True
18,18,True
19,22,True
20,32,True
21,37,True
22,48,True
23,49,True
24,63,True
25,65,True
26,5,True
27,16,True
28,9,False
29,13,False
30,33,True
31,41,True
32,54,True
33,56,True
34,71,True
35,77,True
36,80,True
37,87,True
38,7,True
39,9,True
40,14,True
41,18,True
42,21,True
43,22,True
44,30,True
45,33,True
46,36,True
47,48,True
48,55,True
49,58,True
50,63,True
51,68,True
52,86,True
53,97,True
54,98,True
55,115,True
56,116,True
57,122,True
58,130,True
59,131,True
60,140,True
61,146,True
62,148,True
63,159,True
64,6,False
65,161,True
66,167,True
67,173,True
68,180,True
69,181,True
70,188,True
71,198,True
72,199,True
73,1,True
74,3,True
75,4,True
76,11,True
77,14,True
78,15,False
79,3,True
80,4,True
81,5,True
82,11,True
83,16,True
84,21,True
85,25,True
86,26,True
87,32,True
88,33,True
89,34,True
90,35,True
91,42,True
92,47,True
93,48,True
94,50,True
95,55,True
96,58,True
97,62,True
98,67,True
99,69,True
100,77,True
101,78,True
102,84,True
103,85,True
104,111,True
105,121,True
106,122,True
107,135,True
108,138,True
109,143,True
110,164,True
111,167,True
112,170,True
113,171,True
114,174,True
115,175,True
116,177,True
117,184,True
118,191,True
119,196,True
120,204,True
121,209,True
122,218,True
123,223,True
124,233,True
125,237,True
126,244,True
127,6,False
128,9,True
129,12,True
130,21,True
131,10,False
132,32,True
133,33,True
134,35,True
135,36,True
136,39,True
137,41,True
138,44,True
139,45,True
140,77,True
141,78,True
142,83,True
143,92,True
144,114,True
145,135,True
146,136,True
147,138,True
148,140,True
149,145,True
150,166,True
151,174,True
152,183,True
153,185,True
154,189,True
155,196,True
156,203,True
157,210,True
158,212,True
159,213,True
160,214,True
161,217,True
162,219,True
163,12,False
164,8,False
165,1,False
166,1,True
167,4,True
168,3,False
169,1,False
170,2,False
171,14,True
172,6,False
173,21,True
174,19,False
175,7,False
176,18,False
177,22,True
178,5,False
179,22,True
180,31,True
181,40,True
182,41,True
183,42,True
184,2,True
185,17,True
186,2,False
187,26,True
188,3,False
189,11,False
190,10,False
191,33,True
192,13,False
193,15,False
194,17,False
195,26,False
196,28,False
197,31,False
198,36,True
199,48,True
200,56,True
201,59,True
202,60,True
203,68,True
204,13,False
205,70,True
206,14,False
207,84,True
208,88,True
209,90,True
210,18,False
211,91,True
212,92,True
213,103,True
214,109,True
215,118,True
216,131,True
217,133,True
218,148,True
219,150,True
220,154,True
221,158,True
222,161,True
223,163,True
224,172,True
225,177,True
226,189,True
227,197,True
228,199,True
229,201,True
230,202,True
231,212,True
232,214,True
233,216,True
234,220,True
235,9,False
236,7,False
237,221,True
238,226,True
239,227,True
240,11,False
241,228,True
242,245,True
243,252,True
244,253,True
245,254,True
246,256,True
247,261,True
248,266,True
249,277,True
250,279,True
251,281,True
252,286,True
253,290,True
254,297,True
255,304,True
256,306,True
257,310,True
258,317,True
259,334,True
260,342,True
261,344,True
262,349,True
263,354,True
264,361,True
265,36,False
266,37,False
267,38,False
268,14,False
269,369,True
270,376,True
271,378,True
272,381,True
273,392,True
274,393,True
275,397,True
276,2,True
277,7,True
278,48,False
279,8,True
280,9,True
281,13,True
282,17,True
283,23,True
284,28,True
285,43,True
286,51,False
287,59,True
288,61,True
289,63,True
290,67,True
291,73,True
292,79,True
293,82,True
294,90,True
295,93,True
296,38,False
297,94,True
298,96,True
299,100,True
300,106,True
301,111,True
302,112,True
303,122,True
304,130,True
305,136,True
306,148,True
307,160,True
308,166,True
309,36,False
310,168,True
311,53,False
312,176,True
313,177,True
314,186,True
315,189,True
316,200,True
317,128,False
318,212,True
319,216,True
320,87,False
321,218,True
322,221,True
323,222,True
324,227,True
325,243,True
326,246,True
327,283,True
328,284,True
329,96,False
330,298,True
331,299,True
332,308,True
333,312,True
334,78,False
335,313,True
336,319,True
337,326,True
338,330,True
339,332,True
340,335,True
341,343,True
342,346,True
343,347,True
344,354,True
345,357,True
346,359,True
347,366,True
348,368,True
349,372,True
350,376,True
351,401,True
352,402,True
353,403,True
354,405,True
355,418,True
356,424,True
357,124,False
358,430,True
359,433,True
360,75,False
361,12,False
362,437,True
363,445,True
364,453,True
365,459,True
366,461,True
367,462,True
368,465,True
369,471,True
370,480,True
371,481,True
372,23,False
373,482,True
374,498,True
375,503,True
376,509,True
377,513,True
378,522,True
379,524,True
380,526,True
381,533,True
382,535,True
383,545,True
384,547,True
385,560,True
386,569,True
387,571,True
388,572,True
389,574,True
390,591,True
391,599,True
392,601,True
393,609,True
394,9,False
395,610,True
396,615,True
397,617,True
398,623,True
399,627,True
400,629,True
401,636,True
402,638,True
403,641,True
404,643,True
405,672,True
406,690,True
407,22,False
408,699,True
409,702,True
410,709,True
411,710,True
412,716,True
413,64,False
414,738,True
415,739,True
416,740,True
417,132,False
418,748,True
419,70,False
420,749,True
421,43,False
422,750,True
423,760,True
424,763,True
425,767,True
426,773,True
427,793,True
428,807,True
429,820,True
430,822,True
431,146,False
432,831,True
433,48,False
434,847,True
435,857,True
436,859,True
437,866,True
438,876,True
439,54,False
440,878,True
441,886,True
442,157,False
443,890,True
444,898,True
445,903,True
446,905,True
447,907,True
448,908,True
449,920,True
450,165,False
451,943,True
452,948,True
453,952,True
454,953,True
455,955,True
456,967,True
457,975,True
458,977,True
459,979,True
460,980,True
461,76,False
462,982,True
463,190,False
464,984,True
465,80,False
466,990,True
467,991,True
468,1001,True
469,1013,True
470,1017,True
471,1019,True
472,1023,True
473,88,False
474,1026,True
475,1035,True
476,1039,True
477,1042,True
478,1043,True
479,1054,True
480,1060,True
481,1073,True
482,1074,True
483,1075,True
484,1077,True
485,17,False
486,1080,True
487,1101,True
488,1102,True
489,1114,True
490,133,False
491,1117,True
492,1119,True
493,108,False
494,1120,True
495,1122,True
496,1134,True
497,1137,True
498,1138,True
499,1142,True
500,1145,True
501,6,False
502,1146,True
503,1154,True
504,1160,True
505,1167,True
506,11,False
507,1176,True
508,1179,True
509,125,False
510,1182,True
511,1187,True
512,240,False
513,1196,True
514,1199,True
515,1201,True
516,1210,True
517,1211,True
518,1221,True
519,1229,True
520,1242,True
521,137,False
522,1271,True
523,1274,True
524,1275,True
525,1276,True
526,1277,True
527,1284,True
528,173,False
529,1294,True
530,1314,True
531,1315,True
532,1319,True
533,1324,True
534,1361,True
535,1366,True
536,1367,True
537,1369,True
538,1374,True
539,1383,True
540,1384,True
541,158,False
542,1385,True
543,1388,True
544,1399,True
545,1404,True
546,1425,True
547,1426,True
548,1433,True
549,1435,True
550,1439,True
551,1444,True
552,1451,True
553,1473,True
554,1474,True
555,1478,True
556,1488,True
557,1494,True
558,1501,True
559,1511,True
560,1512,True
561,1514,True
562,183,False
563,296,False
564,1515,True
565,1516,True
566,1531,True
567,110,False
568,1538,True
569,1539,True
570,1542,True
571,1543,True
572,1552,True
573,1553,True
574,1554,True
575,308,False
576,1563,True
577,1586,True
578,1590,True
579,1594,True
580,1599,True
581,1601,True
582,1602,True
583,1606,True
584,1612,True
585,1618,True
586,1629,True
587,1659,True
588,1665,True
589,1666,True
590,1672,True
591,214,False
592,1675,True
593,1676,True
594,1691,True
595,1695,True
596,12,False
597,1699,True
598,334,False
599,1709,True
600,1711,True
601,1713,True
602,1721,True
603,1734,True
604,22,False
605,1739,True
606,1747,True
607,15,False
608,1749,True
609,1750,True
610,1757,True
611,1758,True
612,1761,True
613,30,False
614,350,False
615,1764,True
616,1767,True
617,1770,True
618,1781,True
619,1782,True
620,1790,True
621,1791,True
622,1792,True
623,1799,True
624,1,False
625,1800,True
626,1805,True
627,1814,True
628,1815,True
629,1818,True
630,1820,True
631,1821,True
632,1829,True
633,1833,True
634,51,False
635,1834,True
636,1839,True
637,1849,True
638,1855,True
639,1859,True
640,1860,True
641,1862,True
642,1866,True
643,1867,True
644,59,False
645,1874,True
646,1882,True
647,1887,True
648,1902,True
649,1905,True
650,1920,True
651,21,False
652,1929,True
653,1934,True
654,1946,True
655,1947,True
656,1958,True
657,1975,True
658,394,False
659,1977,True
660,7,True
661,13,True
662,20,True
663,21,True
664,25,True
665,80,False
666,43,False
667,35,True
668,36,True
669,41,True
670,61,True
671,69,True
672,72,True
673,88,False
674,75,True
675,87,True
676,90,True
677,97,True
678,98,True
679,103,True
680,104,True
681,107,True
682,116,True
683,118,True
684,128,True
685,55,False
686,145,True
687,16,False
688,152,False
689,170,True
690,171,True
691,173,True
692,181,True
693,192,True
694,197,True
695,233,True
696,248,True
697,254,True
698,257,True
699,28,False
700,265,True
701,279,True
702,31,False
703,281,True
704,285,True
705,289,True
706,291,True
707,78,False
708,292,True
709,312,True
710,314,True
711,317,True
712,5,True
713,36,False
714,9,True
715,11,True
716,12,True
717,15,True
718,16,True
719,18,True
720,91,False
721,33,True
722,46,True
723,47,True
724,49,True
725,51,True
726,56,False
727,53,True
728,100,False
729,57,True
730,16,False
731,65,True
732,67,True
733,72,True
734,73,True
735,79,True
736,83,True
737,86,True
738,90,True
739,33,False
740,131,False
741,121,True
742,126,True
743,139,True
744,140,True
745,148,True
746,150,True
747,158,True
748,40,False
749,159,True
750,160,True
751,162,True
752,124,False
753,165,True
754,170,True
755,179,True
756,182,True
757,43,False
758,185,True
759,195,True
760,151,False
761,196,True
762,198,True
763,199,True
764,201,True
765,213,True
766,220,True
767,53,False
768,225,True
769,240,True
770,241,True
771,244,True
772,66,False
773,59,False
774,251,True
775,255,True
776,257,True
777,149,False
778,278,True
779,287,True
780,288,True
781,289,True
782,113,False
783,293,True
784,317,True
785,321,True
786,117,False
787,111,False
788,112,False
789,323,True
790,324,True
791,329,True
792,341,True
793,343,True
794,347,True
795,360,True
796,367,True
797,372,True
798,382,True
799,383,True
800,387,True
801,394,True
802,395,True
803,175,False
804,397,True
805,403,True
806,412,True
807,415,True
808,423,True
809,95,False
810,435,True
811,180,False
812,448,True
813,20,False
814,100,False
815,456,True
816,458,True
817,459,True
818,465,True
819,191,False
820,474,True
821,10,False
822,475,True
823,481,True
824,110,False
825,484,True
826,486,True
827,487,True
828,114,False
829,491,True
830,199,False
831,494,True
832,507,True
833,512,True
834,544,True
835,549,True
836,550,True
837,552,True
838,554,True
839,557,True
840,571,True
841,573,True
842,214,False
843,582,True
844,212,False
845,588,True
846,596,True
847,602,True
848,613,True
849,625,True
850,37,False
851,633,True
852,635,True
853,642,True
854,656,True
855,657,True
856,662,True
857,663,True
858,226,False
859,672,True
860,677,True
861,684,True
862,687,True
863,696,True
864,714,True
865,719,True
866,234,False
867,722,True
868,727,True
869,241,False
870,746,True
871,757,True
872,771,True
873,783,True
874,785,True
875,789,True
876,791,True
877,798,False
878,804,True
879,817,True
880,836,True
881,848,True
882,849,True
883,856,True
884,858,True
885,177,False
886,861,True
887,250,False
888,862,True
889,866,True
890,887,True
891,890,True
892,893,True
893,901,True
894,918,True
895,922,True
896,928,True
897,930,True
898,932,True
899,262,False
900,938,True
901,939,True
902,941,True
903,953,True
904,959,True
905,112,False
906,972,True
907,270,False
908,973,True
909,974,True
910,978,True
911,979,True
912,982,True
913,120,False
914,985,True
915,276,False
916,986,True
917,992,True
918,995,True
919,1003,True
920,1004,True
921,1007,True
922,1012,True
923,110,False
924,1020,True
925,1024,True
926,1028,True
927,116,False
928,1032,True
929,1040,True
930,1044,True
931,1049,True
932,1055,True
933,1060,True
934,1063,True
935,221,False
936,1065,True
937,1070,True
938,1073,True
939,1084,True
940,226,False
941,302,False
942,1087,True
943,1089,True
944,1093,True
945,232,False
946,1097,True
947,1098,True
948,1106,True
949,236,False
950,1108,True
951,1113,True
952,1118,True
953,1126,True
954,1130,True
955,157,False
956,164,False
957,1137,True
958,306,False
959,246,False
960,1148,True
961,1149,True
962,1157,True
963,1158,True
964,165,False
965,1160,True
966,314,False
967,1176,True
968,1184,True
969,1194,True
970,1197,True
971,1198,True
972,1199,True
973,1205,True
974,1222,True
975,1225,True
976,1226,True
977,1229,True
978,1230,True
979,178,False
980,1237,True
981,1241,True
982,1246,True
983,1247,True
984,42,False
985,1251,True
986,176,False
987,1253,True
988,347,False
989,1257,True
990,1259,True
991,1264,True
992,279,False
993,349,False
994,193,False
995,1272,True
996,195,False
997,1274,True
998,56,False
999,286,False
1000,1277,True
1001,1279,True
1002,1305,True
1003,290,False
1004,1306,True
1005,1314,True
1006,1325,True
1007,1332,True
1008,1333,True
1009,1342,True
1010,207,False
1011,1343,True
1012,1344,True
1013,1346,True
1014,222,False
1015,1353,True
1016,1360,True
1017,1379,True
1018,366,False
1019,1421,True
1020,1423,True
1021,1430,True
1022,1431,True
1023,378,False
1024,1439,True
1025,373,False
1026,1440,True
1027,223,False
1028,383,False
1029,1441,True
1030,1445,True
1031,89,False
1032,1446,True
1033,1447,True
1034,1457,True
1035,1459,True
1036,1463,True
1037,1465,True
1038,1470,True
1039,1474,True
1040,1500,True
1041,1512,True
1042,390,False
1043,1514,True
1044,1519,True
1045,1520,True
1046,1524,True
1047,1531,True
1048,1535,True
1049,1536,True
1050,1538,True
1051,1546,True
1052,1548,True
1053,1549,True
1054,1552,True
1055,1554,True
1056,1562,True
1057,1564,True
1058,1569,True
1059,1582,True
1060,414,False
1061,415,False
1062,1599,True
1063,413,False
1064,1606,True
1065,419,False
1066,1616,True
1067,1617,True
1068,261,False
1069,1620,True
1070,1631,True
1071,1636,True
1072,1643,True
1073,1654,True
1074,1657,True
1075,285,False
1076,1670,True
1077,1695,True
1078,1696,True
1079,1713,True
1080,1717,True
1081,1727,True
1082,1734,True
1083,66,False
1084,1736,True
1085,1737,True
1086,1742,True
1087,1743,True
1088,279,False
1089,1763,True
1090,1764,True
1091,301,False
1092,1775,True
1093,437,False
1094,444,False
1095,1793,True
1096,385,False
1097,1796,True
1098,1813,True
1099,1817,True
1100,1825,True
1101,1827,True
1102,290,False
1103,1832,True
1104,1833,True
1105,449,False
1106,1842,True
1107,457,False
1108,1843,True
1109,1845,True
1110,1848,True
1111,1850,True
1112,1851,True
1113,323,False
1114,174,False
1115,1858,True
1116,460,False
1117,1870,True
1118,1873,True
1119,408,False
1120,1878,True
1121,1881,True
1122,1885,True
1123,306,False
1124,1887,True
1125,414,False
1126,1891,True
1127,1893,True
1128,1902,True
1129,1904,True
1130,1908,True
1131,1911,True
1132,1917,True
1133,1927,True
1134,1934,True
1135,195,False
1136,196,False
1137,1941,True
1138,1945,True
1139,428,False
1140,1949,True
1141,1963,True
1142,1964,True
1143,493,False
1144,433,False
1145,1974,True
1146,1983,True
1147,1987,True
1148,1992,True
1149,1998,True
1150,328,False
1151,2000,True
1152,2002,True
1153,503,False
1154,2005,True
1155,2008,True
1156,2025,True
1157,2032,True
1158,2037,True
1159,2041,True
1160,470,False
1161,2043,True
1162,2045,True
1163,2046,True
1164,2047,True
1165,2059,True
1166,2063,True
1167,2064,True
1168,2067,True
1169,2069,True
1170,2083,True
1171,2089,True
1172,482,False
1173,2093,True
1174,2095,True
1175,2096,True
1176,2113,True
1177,2120,True
1178,387,False
1179,489,False
1180,2122,True
1181,2132,True
1182,2136,True
1183,2138,True
1184,2141,True
1185,2150,True
1186,2168,True
1187,2173,True
1188,2177,True
1189,2179,True
1190,2188,True
1191,2191,True
1192,13,False
1193,2195,True
1194,2199,True
1195,546,False
1196,2201,True
1197,505,False
1198,2203,True
1199,2209,True
1200,2215,True
1201,2225,True
1202,2227,True
1203,2232,True
1204,2234,True
1205,2237,True
1206,267,False
1207,2238,True
1208,15,False
1209,2243,True
1210,2244,True
1211,2255,True
1212,2262,True
1213,2270,True
1214,566,False
1215,2273,True
1216,524,False
1217,428,False
1218,379,False
1219,430,False
1220,2287,True
1221,2289,True
1222,2291,True
1223,2297,True
1224,2304,True
1225,2317,True
1226,2319,True
1227,388,False
1228,2320,True
1229,2324,True
1230,2335,True
1231,2341,True
1232,2343,True
1233,585,False
1234,2344,True
1235,2345,True
1236,2350,True
1237,2353,True
1238,2356,True
1239,2364,True
1240,62,False
1241,2378,True
1242,400,False
1243,2383,True
1244,2390,True
1245,597,False
1246,2396,True
1247,2401,True
1248,406,False
1249,2413,True
1250,2414,True
1251,2417,True
1252,2421,True
1253,2428,True
1254,465,False
1255,48,False
1256,2430,True
1257,2433,True
1258,2456,True
1259,2468,True
1260,418,False
1261,2472,True
1262,2480,True
1263,554,False
1264,2486,True
1265,2487,True
1266,2490,True
1267,478,False
1268,2502,True
1269,331,False
1270,6,False
1271,2522,True
1272,2524,True
1273,2528,True
1274,2546,True
1275,2550,True
1276,487,False
1277,2551,True
1278,2552,True
1279,2556,True
1280,2557,True
1281,2558,True
1282,2563,True
1283,2564,True
1284,19,False
1285,20,False
1286,2572,True
1287,2576,True
1288,2590,True
1289,24,False
1290,2591,True
1291,2602,True
1292,2607,True
1293,2610,True
1294,2612,True
1295,2614,True
1296,119,False
1297,585,False
1298,32,False
1299,122,False
1300,16,True
1301,17,True
1302,42,True
1303,43,True
1304,47,True
1305,56,True
1306,59,True
1307,70,True
1308,74,True
1309,521,False
1310,78,True
1311,79,True
1312,86,True
1313,90,True
1314,92,True
1315,95,True
1316,669,False
1317,105,True
1318,106,True
1319,121,True
1320,130,True
1321,136,True
1322,149,True
1323,150,True
1324,156,True
1325,159,True
1326,164,True
1327,166,True
1328,181,True
1329,185,True
1330,192,True
1331,195,True
1332,196,True
1333,156,False
1334,199,True
1335,214,True
1336,237,True
1337,238,True
1338,254,True
1339,258,True
1340,259,True
1341,262,True
1342,165,False
1343,268,True
1344,272,True
1345,273,True
1346,276,True
1347,278,True
1348,281,True
1349,291,True
1350,301,True
1351,304,True
1352,85,False
1353,316,True
1354,320,True
1355,328,True
1356,334,True
1357,335,True
1358,337,True
1359,339,True
1360,342,True
1361,348,True
1362,350,True
1363,373,True
1364,375,True
1365,376,True
1366,377,True
1367,378,True
1368,388,True
1369,390,True
1370,392,True
1371,2,False
1372,394,True
1373,402,True
1374,409,True
1375,424,True
1376,729,False
1377,435,True
1378,109,False
1379,445,True
1380,447,True
1381,451,True
1382,469,True
1383,206,False
1384,475,True
1385,16,False
1386,478,True
1387,18,False
1388,600,False
1389,602,False
1390,214,False
1391,604,False
1392,12,False
1393,13,False
1394,607,False
1395,6,False
1396,220,False
1397,221,False
1398,222,False
1399,223,False
1400,7,True
1401,20,True
1402,21,True
1403,15,True
1404,19,True
1405,25,True
1406,30,True
1407,40,True
1408,25,False
1409,199,False
1410,63,True
1411,47,True
1412,29,False
1413,73,True
1414,78,True
1415,83,True
1416,83,True
1417,630,False
1418,86,True
1419,87,True
1420,89,True
1421,90,True
1422,87,True
1423,88,True
1424,91,True
1425,779,False
1426,97,True
1427,100,True
1428,105,True
1429,93,True
1430,112,True
1431,98,True
1432,113,True
1433,105,True
1434,114,True
1435,106,True
1436,119,True
1437,118,True
1438,124,True
1439,120,True
1440,794,False
1441,125,True
1442,125,True
1443,129,True
1444,130,True
1445,130,True
1446,137,True
1447,152,True
1448,156,True
1449,149,True
1450,160,True
1451,156,True
1452,176,True
1453,158,True
1454,167,True
1455,178,True
1456,179,True
1457,182,True
1458,169,True
1459,174,True
1460,222,True
1461,184,True
1462,187,True
1463,229,True
1464,188,True
1465,230,True
1466,196,True
1467,235,True
1468,208,True
1469,238,True
1470,216,True
1471,826,False
1472,239,True
1473,227,True
1474,240,True
1475,229,True
1476,234,True
1477,241,True
1478,236,True
1479,834,False
1480,246,True
1481,237,True
1482,245,True
1483,259,True
1484,257,True
1485,262,True
1486,841,False
1487,101,False
1488,270,True
1489,268,True
1490,272,True
1491,273,True
1492,284,True
1493,276,True
1494,295,True
1495,287,True
1496,300,True
1497,290,True
1498,302,True
1499,293,True
1500,300,True
1501,303,True
1502,308,True
1503,304,True
1504,310,True
1505,312,True
1506,311,True
1507,721,False
1508,312,True
1509,315,True
1510,314,True
1511,316,True
1512,317,True
1513,338,False
1514,34,False
1515,330,True
1516,335,True
1517,318,True
1518,337,True
1519,320,True
1520,345,False
1521,130,False
1522,42,False
1523,326,True
1524,338,True
1525,880,False
1526,344,True
1527,341,True
1528,359,True
1529,366,True
1530,369,True
1531,362,True
1532,378,True
1533,372,True
1534,393,True
1535,400,True
1536,374,True
1537,405,True
1538,375,True
1539,379,True
1540,381,True
1541,408,True
1542,386,True
1543,409,True
1544,399,True
1545,417,True
1546,412,True
1547,761,False
1548,420,True
1549,416,True
1550,423,True
1551,419,True
1552,428,True
1553,432,True
1554,427,True
1555,432,True
1556,435,True
1557,447,True
1558,436,True
1559,460,True
1560,442,True
1561,471,True
1562,444,True
1563,473,True
1564,450,True
1565,920,False
1566,463,True
1567,475,True
1568,173,False
1569,486,True
1570,466,True
1571,785,False
1572,487,True
1573,471,True
1574,493,True
1575,478,True
1576,401,False
1577,506,True
1578,482,True
1579,404,False
1580,507,True
1581,488,True
1582,509,True
1583,511,True
1584,489,True
1585,512,True
1586,490,True
1587,514,True
1588,493,True
1589,520,True
1590,500,True
1591,417,False
1592,515,True
1593,523,True
1594,516,True
1595,524,True
1596,519,True
1597,525,True
1598,424,False
1599,532,True
1600,536,True
1601,542,True
1602,529,True
1603,533,True
1604,544,True
1605,539,True
1606,547,True
1607,26,False
1608,541,True
1609,568,True
1610,576,True
1611,547,True
1612,578,True
1613,549,True
1614,970,False
1615,583,True
1616,553,True
1617,587,True
1618,554,True
1619,596,True
1620,555,True
1621,447,False
1622,610,True
1623,569,True
1624,614,True
1625,615,True
1626,570,True
1627,572,True
1628,579,True
1629,633,True
1630,634,True
1631,52,False
1632,591,True
1633,636,True
1634,596,True
1635,638,True
1636,603,True
1637,640,True
1638,605,True
1639,644,True
1640,606,True
1641,650,True
1642,612,True
1643,618,True
1644,655,True
1645,642,True
1646,666,True
1647,666,True
1648,670,True
1649,668,True
1650,12,False
1651,677,True
1652,69,False
1653,681,True
1654,687,True
1655,678,True
1656,691,True
1657,699,True
1658,683,True
1659,74,False
1660,706,True
1661,707,True
1662,687,True
1663,712,True
1664,26,False
1665,718,True
1666,689,True
1667,724,True
1668,725,True
1669,690,True
1670,733,True
1671,710,True
1672,711,True
1673,35,False
1674,192,False
1675,739,True
1676,712,True
1677,740,True
1678,469,False
1679,730,True
1680,757,True
1681,733,True
1682,759,True
1683,734,True
1684,739,True
1685,752,True
1686,770,True
1687,774,True
1688,765,True
1689,766,True
1690,780,True
1691,785,True
1692,767,True
1693,770,True
1694,792,True
1695,775,True
1696,793,True
1697,782,True
1698,783,True
1699,799,True
1700,785,True
1701,17,False
1702,800,True
1703,789,True
1704,812,True
1705,816,True
1706,799,True
1707,824,True
1708,804,True
1709,830,True
1710,805,True
1711,843,True
1712,814,True
1713,539,False
1714,847,True
1715,816,True
1716,131,False
1717,848,True
1718,819,True
1719,849,True
1720,546,False
1721,820,True
1722,822,True
1723,851,True
1724,857,True
1725,824,True
1726,858,True
1727,827,True
1728,861,True
1729,862,True
1730,828,True
1731,868,True
1732,839,True
1733,869,True
1734,841,True
1735,561,False
1736,874,True
1737,875,True
1738,846,True
1739,879,True
1740,848,True
1741,882,True
1742,854,True
1743,569,False
1744,891,True
1745,862,True
1746,904,True
1747,878,True
1748,911,True
1749,880,True
1750,913,True
1751,930,True
1752,100,False
1753,885,True
1754,888,True
1755,946,True
1756,898,True
1757,948,True
1758,106,False
1759,904,True
1760,953,False
1761,109,False
1762,955,True
1763,916,True
1764,963,True
1765,966,True
1766,917,True
1767,971,True
1768,923,True
1769,925,True
1770,975,True
1771,980,True
1772,927,True
1773,10,False
1774,988,True
1775,939,True
1776,944,True
1777,989,True
1778,957,True
1779,996,True
1780,17,False
1781,961,True
1782,997,True
1783,970,True
1784,1003,True
1785,973,True
1786,1009,True
1787,981,True
1788,1011,True
1789,983,True
1790,984,True
1791,1013,True
1792,991,True
1793,1038,True
1794,1039,True
1795,1008,True
1796,1047,True
1797,1017,True
1798,1049,True
1799,1054,True
1800,1020,True
1801,1024,True
1802,1068,True
1803,1075,True
1804,1044,True
1805,1063,True
1806,1078,True
1807,1070,True
1808,1073,True
1809,1089,True
1810,1080,True
1811,1093,True
1812,1082,True
1813,1099,True
1814,1083,True
1815,1106,True
1816,1105,True
1817,1112,True
1818,1108,True
1819,1119,True
1820,1036,False
1821,1111,True
1822,81,False
1823,1114,True
1824,1121,True
1825,1115,True
1826,653,False
1827,1125,True
1828,1118,True
1829,1138,True
1830,1119,True
1831,1139,True
1832,1120,True
1833,1141,True
1834,1123,True
1835,1142,True
1836,663,False
1837,1145,True
1838,1125,True
1839,1129,True
1840,1148,True
1841,12,False
1842,1134,True
1843,1151,True
1844,1151,True
1845,1159,True
1846,1164,True
1847,1181,True
1848,1172,True
1849,1188,True
1850,1173,True
1851,1195,True
1852,1178,True
1853,1196,True
1854,1179,True
1855,1200,True
1856,1184,True
1857,1186,True
1858,1202,True
1859,1195,True
1860,1211,True
1861,1215,True
1862,1213,True
1863,1225,True
1864,121,False
1865,1230,True
1866,1224,True
1867,1238,True
1868,1234,True
1869,1247,True
1870,1238,True
1871,287,False
1872,1241,True
1873,1259,True
1874,1276,True
1875,1247,True
1876,1281,True
1877,1283,True
1878,1255,True
1879,1285,True
1880,1256,True
1881,1292,True
1882,1293,True
1883,1266,True
1884,1305,True
1885,1273,True
1886,1307,True
1887,1308,True
1888,1278,True
1889,1312,True
1890,1286,True
1891,1318,True
1892,1292,True
1893,1321,True
1894,1303,True
1895,1304,True
1896,1311,True
1897,1325,True
1898,1338,True
1899,1318,True
1900,727,False
1901,1320,True
1902,1361,True
1903,1346,True
1904,731,False
1905,1352,True
1906,1364,True
1907,1359,True
1908,1375,True
1909,164,False
1910,1403,True
1911,1386,True
1912,28,False
1913,1408,True
1914,1410,True
1915,1418,True
1916,332,False
1917,1,False
1918,2,False
1919,334,False
1920,4,False
1921,5,True
1922,7,True
1923,338,False
1924,8,True
1925,15,True
1926,38,True
1927,42,True
1928,44,True
1929,162,False
1930,55,True
1931,66,True
1932,67,True
1933,85,True
1934,96,True
1935,9,False
1936,1149,False
1937,100,True
1938,764,False
1939,105,True
1940,112,True
1941,118,True
1942,119,True
1943,120,True
1944,127,True
1945,130,True
1946,132,True
1947,181,False
1948,137,True
1949,139,True
1950,141,True
1951,143,True
1952,154,True
1953,163,True
1954,165,True
1955,168,True
1956,169,True
1957,174,True
1958,177,True
1959,187,True
1960,189,True
1961,199,True
1962,235,True
1963,236,True
1964,12,False
1965,240,True
1966,243,True
1967,2,False
1968,252,True
1969,18,False
1970,255,True
1971,22,False
1972,257,True
1973,258,True
1974,259,True
1975,274,True
1976,282,True
1977,286,True
1978,29,False
1979,288,True
1980,293,True
1981,299,True
1982,306,True
1983,307,True
1984,316,True
1985,318,True
1986,319,True
1987,338,True
1988,346,True
1989,350,True
1990,356,True
1991,358,True
1992,365,True
1993,370,True
1994,382,True
1995,384,True
1996,824,False
1997,386,True
1998,397,True
1999,407,True
2000,411,True
2001,423,True
2002,436,True
2003,48,False
2004,439,True
2005,445,True
2006,452,True
2007,453,True
2008,456,True
2009,466,True
2010,469,True
2011,485,True
2012,500,True
2013,505,True
2014,508,True
2015,510,True
2016,514,True
2017,519,True
2018,522,True
2019,523,True
2020,524,True
2021,533,True
2022,550,True
2023,558,True
2024,571,True
2025,260,False
2026,576,True
2027,577,True
2028,578,True
2029,588,True
2030,598,True
2031,66,False
2032,621,True
2033,84,False
2034,631,True
2035,632,True
2036,635,True
2037,637,True
2038,866,False
2039,640,True
2040,641,True
2041,645,True
2042,649,True
2043,653,True
2044,655,True
2045,658,True
2046,661,True
2047,662,True
2048,666,True
2049,670,True
2050,680,True
2051,714,True
2052,715,True
2053,727,True
2054,728,True
2055,741,True
2056,744,True
2057,750,True
2058,752,True
2059,759,True
2060,762,True
2061,769,True
2062,13,False
2063,771,True
2064,785,True
2065,792,True
2066,794,True
2067,814,True
2068,816,True
2069,820,True
2070,49,False
2071,831,True
2072,832,True
2073,835,True
2074,837,True
2075,847,True
2076,849,True
2077,861,True
2078,906,False
2079,866,True
2080,875,True
2081,878,True
2082,882,True
2083,883,True
2084,884,True
2085,120,False
2086,888,True
2087,59,False
2088,901,True
2089,61,False
2090,903,True
2091,904,True
2092,907,True
2093,912,True
2094,917,True
2095,918,True
2096,921,True
2097,923,True
2098,929,True
2099,41,False
2100,22,False
2101,933,True
2102,44,False
2103,942,True
2104,54,False
2105,945,True
2106,952,True
2107,953,True
2108,936,False
2109,958,True
2110,966,True
2111,973,True
2112,976,True
2113,980,True
2114,8,False
2115,981,True
2116,944,False
2117,86,False
2118,985,True
2119,13,False
2120,986,True
2121,987,True
2122,989,True
2123,1017,True
2124,1021,True
2125,1032,True
2126,1036,True
2127,955,False
2128,1,True
2129,18,True
2130,24,False
2131,41,True
2132,6,False
2133,9,False
2134,17,False
2135,19,False
2136,58,False
2137,22,False
2138,23,False
2139,27,False
2140,34,False
2141,40,False
2142,42,True
2143,54,True
2144,88,True
2145,95,True
2146,99,True
2147,59,False
2148,93,False
2149,121,True
2150,125,True
2151,128,True
2152,46,False
2153,137,True
2154,982,False
2155,138,True
2156,141,True
2157,142,True
2158,51,False
2159,147,True
2160,162,True
2161,111,False
2162,165,True
2163,235,False
2164,178,True
2165,115,False
2166,188,True
2167,201,True
2168,213,True
2169,220,True
2170,222,True
2171,228,True
2172,11,False
2173,4,True
2174,7,True
2175,8,True
2176,88,False
2177,9,True
2178,90,False
2179,11,True
2180,12,True
2181,14,True
2182,15,True
2183,20,True
2184,96,False
2185,23,True
2186,77,False
2187,28,True
2188,30,True
2189,224,False
2190,81,False
2191,39,True
2192,40,True
2193,50,True
2194,52,True
2195,61,True
2196,63,True
2197,88,False
2198,84,True
2199,85,True
2200,98,True
2201,99,True
2202,111,True
2203,154,False
2204,117,True
2205,96,False
2206,119,True
2207,124,True
2208,133,True
2209,43,False
2210,135,True
2211,58,False
2212,33,False
2213,140,True
2214,105,False
2215,143,True
2216,145,True
2217,152,True
2218,156,True
2219,1047,False
2220,172,True
2221,174,True
2222,177,True
2223,185,True
2224,296,False
2225,186,True
2226,187,True
2227,189,True
2228,9,False
2229,193,True
2230,181,False
2231,200,True
2232,203,True
2233,209,True
2234,18,False
2235,210,True
2236,212,True
2237,218,True
2238,219,True
2239,222,True
2240,232,True
2241,233,True
2242,235,True
2243,27,False
2244,255,True
2245,92,False
2246,262,True
2247,94,False
2248,266,True
2249,83,False
2250,34,False
2251,275,True
2252,99,False
2253,87,False
2254,276,True
2255,13,False
2256,279,True
2257,280,True
2258,283,True
2259,79,False
2260,288,True
2261,37,False
2262,290,True
2263,296,True
2264,301,True
2265,305,True
2266,1094,False
2267,309,True
2268,310,True
2269,53,False
2270,342,False
2271,313,True
2272,106,False
2273,320,True
2274,321,True
2275,51,False
2276,325,True
2277,328,True
2278,352,True
2279,38,False
2280,358,True
2281,361,True
2282,366,True
2283,372,True
2284,320,False
2285,382,True
2286,383,True
2287,389,True
2288,21,False
2289,397,True
2290,1119,False
2291,401,True
2292,51,False
2293,407,True
2294,409,True
2295,413,True
2296,29,False
2297,333,False
2298,424,True
2299,429,True
2300,83,False
2301,432,True
2302,433,True
2303,436,True
2304,41,False
2305,437,True
2306,443,True
2307,445,True
2308,446,True
2309,448,True
2310,469,True
2311,470,True
2312,472,True
2313,1142,False
2314,476,True
2315,479,True
2316,483,True
2317,485,True
2318,534,True
2319,392,False
2320,544,True
2321,545,True
2322,560,True
2323,158,False
2324,561,True
2325,566,True
2326,569,True
2327,400,False
2328,573,True
2329,586,True
2330,89,False
2331,587,True
2332,596,True
2333,598,True
2334,407,False
2335,605,True
2336,616,True
2337,620,True
2338,97,False
2339,412,False
2340,628,True
2341,650,True
2342,652,True
2343,4,False
2344,658,True
2345,665,True
2346,668,True
2347,672,True
2348,673,True
2349,701,True
2350,702,True
2351,424,False
2352,703,True
2353,1182,False
2354,704,True
2355,203,False
2356,710,True
2357,13,False
2358,711,True
2359,1188,False
2360,1189,False
2361,714,True
2362,22,False
2363,715,True
2364,720,True
2365,725,True
2366,726,True
2367,440,False
2368,734,True
2369,745,True
2370,753,True
2371,755,True
2372,771,True
2373,775,True
2374,778,True
2375,787,True
2376,790,True
2377,802,True
2378,804,True
2379,1208,False
2380,817,True
2381,835,True
2382,845,True
2383,847,True
2384,861,True
2385,864,True
2386,874,True
2387,423,False
2388,876,True
2389,883,True
2390,463,False
2391,903,True
2392,920,True
2393,928,True
2394,933,True
2395,948,True
2396,952,True
2397,956,True
2398,6,True
2399,7,True
2400,248,False
2401,249,False
2402,8,True
2403,12,True
2404,14,True
2405,26,True
2406,28,True
2407,1236,False
2408,19,False
2409,44,True
2410,45,True
2411,46,True
2412,47,True
2413,50,True
2414,54,True
2415,61,True
2416,6,True
2417,10,True
2418,11,True
2419,12,True
2420,17,True
2421,48,False
2422,495,False
2423,21,True
2424,29,True
2425,36,False
2426,35,True
2427,40,True
2428,50,True
2429,54,True
2430,55,True
2431,64,True
2432,65,True
2433,67,True
2434,68,True
2435,508,False
2436,79,True
2437,84,True
2438,89,True
2439,91,True
2440,1269,False
2441,97,True
2442,102,True
2443,106,True
2444,107,True
2445,108,True
2446,116,True
2447,58,False
2448,119,True
2449,120,True
2450,126,True
2451,134,True
2452,79,False
2453,142,True
2454,150,True
2455,303,False
2456,153,True
2457,530,False
2458,159,True
2459,160,False
2460,162,True
2461,169,True
2462,297,False
2463,171,True
2464,312,False
2465,174,True
2466,93,False
2467,176,True
2468,2,False
2469,180,True
2470,183,True
2471,82,False
2472,184,True
2473,192,True
2474,196,True
2475,86,False
2476,204,True
2477,205,True
2478,213,True
2479,225,True
2480,553,False
2481,227,True
2482,330,False
2483,233,True
2484,236,True
2485,238,False
2486,334,False
2487,239,True
2488,336,False
2489,525,False
2490,241,True
2491,244,True
2492,3,False
2493,566,False
2494,252,True
2495,253,True
2496,261,True
2497,275,True
2498,109,False
2499,287,True
2500,9,False
2501,10,False
2502,1331,False
2503,296,True
2504,15,False
2505,303,True
2506,341,False
2507,304,True
2508,307,True
2509,454,False
2510,321,True
2511,324,True
2512,1341,False
2513,22,False
2514,3,False
2515,325,True
2516,328,True
2517,1346,False
2518,555,False
2519,331,True
2520,335,True
2521,339,True
2522,340,True
2523,347,True
2524,350,True
2525,35,False
2526,352,True
2527,354,True
2528,367,True
2529,368,True
2530,369,True
2531,387,True
2532,393,True
2533,398,True
2534,401,True
2535,402,True
2536,1366,False
2537,403,True
2538,405,True
2539,408,True
2540,614,False
2541,578,False
2542,410,True
2543,431,True
2544,441,True
2545,450,True
2546,457,True
2547,465,True
2548,470,True
2549,471,True
2550,475,True
2551,483,True
2552,486,True
2553,496,True
2554,502,True
2555,506,True
2556,66,False
2557,631,False
2558,526,True
2559,540,True
2560,545,True
2561,560,True
2562,573,True
2563,576,True
2564,579,True
2565,8,False
2566,588,True
2567,592,True
2568,12,False
2569,609,True
2570,86,False
2571,617,True
2572,624,True
2573,629,True
2574,635,True
2575,649,False
2576,85,False
2577,651,False
2578,665,True
2579,666,True
2580,670,True
2581,655,False
2582,678,True
2583,685,True
2584,688,True
2585,694,True
2586,695,True
2587,696,True
2588,698,True
2589,716,True
2590,718,True
2591,34,False
2592,3,False
2593,720,True
2594,722,True
2595,730,True
2596,743,True
2597,8,False
2598,751,True
2599,89,False
2600,90,False
2601,756,True
2602,676,False
2603,771,True
2604,784,True
2605,796,True
2606,803,True
2607,681,False
2608,9,False
2609,812,True
2610,816,True
2611,219,False
2612,102,False
2613,825,True
2614,15,False
2615,831,True
2616,840,True
2617,848,True
2618,20,False
2619,860,True
2620,32,False
2621,1452,False
2622,867,True
2623,232,False
2624,868,True
2625,234,False
2626,871,True
2627,874,True
2628,88,False
2629,882,True
2630,239,False
2631,885,True
2632,44,False
2633,909,True
2634,94,False
2635,920,True
2636,48,False
2637,925,True
2638,927,True
2639,938,True
2640,951,True
2641,952,True
2642,968,True
2643,88,False
2644,253,False
2645,974,True
2646,975,True
2647,979,True
2648,986,True
2649,987,True
2650,1005,True
2651,63,False
2652,1012,True
2653,1014,True
2654,114,False
2655,1036,True
2656,173,False
2657,1045,True
2658,70,False
2659,150,False
2660,1046,True
2661,1060,True
2662,737,False
2663,1078,True
2664,109,False
2665,125,False
2666,1091,True
2667,1092,True
2668,1104,True
2669,80,False
2670,1105,True
2671,1107,True
2672,132,False
2673,1504,False
2674,1110,True
2675,1120,True
2676,79,False
2677,1127,True
2678,1134,True
2679,1140,True
2680,1141,True
2681,1153,True
2682,1157,True
2683,1158,True
2684,94,False
2685,145,False
2686,131,False
2687,1160,True
2688,763,False
2689,1166,True
2690,150,False
2691,1172,True
2692,1185,True
2693,102,False
2694,1192,True
2695,1196,True
2696,1527,False
2697,15,False
2698,307,False
2699,1209,True
2700,1220,True
2701,1221,True
2702,111,False
2703,1226,True
2704,1232,True
2705,1233,True
2706,223,False
2707,1234,True
2708,1237,True
2709,1238,True
2710,1239,True
2711,1252,True
2712,1253,True
2713,1259,True
2714,1260,True
2715,1265,True
2716,791,False
2717,208,False
2718,36,False
2719,1278,True
2720,1280,True
2721,1285,True
2722,1292,True
2723,1554,False
2724,1293,True
2725,1309,True
2726,1312,True
2727,17,False
2728,766,False
2729,1318,True
2730,1332,True
2731,806,False
2732,1343,True
2733,808,False
2734,1345,True
2735,53,False
2736,1354,True
2737,1355,True
2738,8,False
2739,1356,True
2740,10,False
2741,1357,True
2742,1360,True
2743,1363,True
2744,1367,True
2745,1378,True
2746,1386,True
2747,1387,True
2748,1579,False
2749,1406,True
2750,1411,True
2751,1415,True
2752,1416,True
2753,1423,True
2754,1427,True
2755,1587,False
2756,1428,True
2757,1431,True
2758,1465,True
2759,2,False
2760,51,False
2761,1466,True
2762,5,False
2763,1468,True
2764,803,False
2765,1471,True
2766,1473,True
2767,1481,True
2768,87,False
2769,1484,True
2770,1489,True
2771,217,False
2772,264,False
2773,1495,True
2774,1497,True
2775,267,False
2776,1514,True
2777,1515,True
2778,1517,True
2779,855,False
2780,1519,True
2781,1521,True
2782,228,False
2783,26,False
2784,1531,True
2785,1532,True
2786,1533,True
2787,863,False
2788,1538,True
2789,1546,True
2790,33,False
2791,1547,True
2792,1555,True
2793,1558,True
2794,870,False
2795,1563,True
2796,1564,True
2797,1565,True
2798,89,False
2799,1567,True
2800,18,False
2801,1568,True
2802,1570,True
2803,1573,True
2804,1574,True
2805,1637,False
2806,49,False
2807,50,False
2808,1588,True
2809,1591,True
2810,1593,True
2811,1599,True
2812,1600,True
2813,899,False
2814,1601,True
2815,43,False
2816,44,False
2817,1606,True
2818,150,False
2819,1615,True
2820,18,False
2821,910,False
2822,1617,True
2823,1624,True
2824,1627,True
2825,1670,False
2826,915,False
2827,916,False
2828,1641,True
2829,1656,True
2830,1668,True
2831,134,False
2832,1670,True
2833,1680,True
2834,1691,True
2835,1696,True
2836,1702,True
2837,1709,True
2838,1713,True
2839,1715,True
2840,1720,True
2841,1724,True
2842,1726,True
2843,348,False
2844,1729,True
2845,304,False
2846,1730,True
2847,1731,True
2848,47,False
2849,1733,True
2850,9,False
2851,1734,True
2852,1738,True
2853,312,False
2854,13,False
2855,1739,True
2856,1741,True
2857,946,False
2858,1757,True
2859,1771,True
2860,1773,True
2861,1775,True
2862,367,False
2863,1780,True
2864,1784,True
2865,121,False
2866,1790,True
2867,198,False
2868,1791,True
2869,1792,True
2870,28,False
2871,960,False
2872,961,False
2873,1797,True
2874,1798,True
2875,1799,True
2876,1804,True
2877,1809,True
2878,1825,True
2879,1828,True
2880,1832,True
2881,137,False
2882,1834,True
2883,139,False
2884,63,False
2885,1850,True
2886,1851,True
2887,1858,True
2888,1860,True
2889,1864,True
2890,1869,True
2891,222,False
2892,1875,True
2893,149,False
2894,1878,True
2895,984,False
2896,1879,True
2897,1880,True
2898,357,False
2899,1881,True
2900,1883,True
2901,990,False
2902,1886,True
2903,1889,True
2904,160,False
2905,994,False
2906,237,False
2907,1894,True
2908,1906,True
2909,1908,True
2910,1911,True
2911,1926,True
2912,1928,True
2913,1936,True
2914,1939,True
2915,1940,True
2916,1941,True
2917,378,False
2918,1956,True
2919,1766,False
2920,427,False
2921,382,False
2922,1014,False
2923,3,False
2924,8,True
2925,9,True
2926,22,True
2927,53,True
2928,59,True
2929,3,False
2930,60,True
2931,62,True
2932,66,True
2933,71,True
2934,1782,False
2935,81,True
2936,83,True
2937,86,True
2938,1030,False
2939,95,True
2940,1032,False
2941,109,True
2942,136,True
2943,40,False
2944,140,True
2945,144,True
2946,43,False
2947,147,True
2948,10,False
2949,149,True
2950,159,True
2951,165,True
2952,172,True
2953,173,True
2954,109,False
2955,175,True
2956,1804,False
2957,189,True
2958,1050,False
2959,421,False
2960,197,True
2961,198,True
2962,201,True
2963,425,False
2964,205,True
2965,209,True
2966,210,True
2967,1815,False
2968,212,True
2969,222,True
2970,225,True
2971,231,True
2972,239,True
2973,250,True
2974,254,True
2975,259,True
2976,266,True
2977,6,False
2978,486,False
2979,268,True
2980,271,True
2981,281,True
2982,288,True
2983,289,True
2984,13,False
2985,310,True
2986,448,False
2987,312,True
2988,315,True
2989,317,True
2990,19,False
2991,319,True
2992,333,True
2993,1085,False
2994,337,True
2995,503,False
2996,342,True
2997,343,True
2998,345,True
2999,365,True
3000,367,True
3001,368,True
3002,369,True
3003,375,True
3004,512,False
3005,379,True
3006,384,True
3007,1855,False
3008,396,True
3009,399,True
3010,39,False
3011,405,True
3012,409,True
3013,415,True
3014,1862,False
3015,418,True
3016,421,True
3017,45,False
3018,437,True
3019,438,True
3020,48,False
3021,442,True
3022,444,True
3023,531,False
3024,445,True
3025,449,True
3026,451,True
3027,457,True
3028,56,False
3029,463,True
3030,464,True
3031,467,True
3032,1124,False
3033,469,True
3034,470,True
3035,369,False
3036,370,False
3037,3,True
3038,1886,False
3039,6,True
3040,8,True
3041,17,True
3042,22,True
3043,27,True
3044,378,False
3045,33,True
3046,8,False
3047,34,True
3048,1140,False
3049,43,True
3050,44,True
3051,56,True
3052,58,True
3053,561,False
3054,64,True
3055,69,True
3056,1148,False
3057,19,False
3058,1150,False
3059,393,False
3060,95,True
3061,22,False
3062,104,True
3063,108,True
3064,110,True
3065,118,True
3066,119,True
3067,125,True
3068,126,True
3069,1161,False
3070,137,True
3071,151,True
3072,161,True
3073,172,True
3074,193,True
3075,198,True
3076,209,True
3077,213,True
3078,216,True
3079,37,False
3080,218,True
3081,231,True
3082,237,True
3083,240,True
3084,241,True
3085,242,True
3086,244,True
3087,247,True
3088,249,True
3089,261,True
3090,262,True
3091,48,False
3092,266,True
3093,267,True
3094,287,True
3095,557,False
3096,292,True
3097,295,True
3098,6,False
3099,296,True
3100,1192,False
3101,303,True
3102,313,True
3103,11,False
3104,322,True
3105,328,True
3106,14,False
3107,334,True
3108,337,True
3109,341,True
3110,350,True
3111,619,False
3112,352,True
3113,356,True
3114,358,True
3115,360,True
3116,1964,False
3117,625,False
3118,376,True
3119,453,False
3120,380,True
3121,1213,False
3122,382,True
3123,385,True
3124,586,False
3125,396,True
3126,34,False
3127,409,True
3128,590,False
3129,410,True
3130,420,True
3131,432,True
3132,594,False
3133,434,True
3134,435,True
3135,439,True
3136,470,False
3137,444,True
3138,46,False
3139,449,True
3140,456,True
3141,49,False
3142,37,False
3143,467,True
3144,468,True
3145,471,True
3146,54,False
3147,42,False
3148,19,False
3149,497,True
3150,513,True
3151,1999,False
3152,522,True
3153,523,True
3154,62,False
3155,525,True
3156,526,True
3157,531,True
3158,2006,False
3159,493,False
3160,2008,False
3161,555,True
3162,557,True
3163,560,True
3164,72,False
3165,36,False
3166,562,True
3167,501,False
3168,566,True
3169,571,True
3170,2018,False
3171,633,False
3172,576,True
3173,584,True
3174,1266,False
3175,589,True
3176,597,True
3177,600,True
3178,603,True
3179,28,False
3180,604,True
3181,607,True
3182,6,False
3183,610,True
3184,623,True
3185,629,True
3186,3,False
3187,642,True
3188,647,True
3189,2037,False
3190,650,True
3191,655,True
3192,16,False
3193,659,True
3194,18,False
3195,662,True
3196,676,True
3197,679,True
3198,688,True
3199,691,True
3200,702,True
3201,704,True
3202,73,False
3203,1295,False
3204,727,True
3205,22,False
3206,732,True
3207,737,True
3208,32,False
3209,740,True
3210,747,True
3211,748,True
3212,749,True
3213,753,True
3214,757,True
3215,32,False
3216,758,True
3217,775,True
3218,776,True
3219,777,True
3220,554,False
3221,780,True
3222,796,True
3223,94,False
3224,798,True
3225,1317,False
3226,1318,False
3227,802,True
3228,804,True
3229,813,True
3230,18,False
3231,814,True
3232,818,True
3233,819,True
3234,821,True
3235,824,True
3236,834,True
3237,835,True
3238,838,True
3239,839,True
3240,574,False
3241,842,True
3242,843,True
3243,844,True
3244,61,False
3245,848,True
3246,849,True
3247,868,True
3248,13,False
3249,876,True
3250,1342,False
3251,885,True
3252,886,True
3253,889,True
3254,23,False
3255,892,True
3256,899,True
3257,26,False
3258,906,True
3259,919,True
3260,924,True
3261,2109,False
3262,935,True
3263,940,True
3264,944,True
3265,958,True
3266,35,False
3267,961,True
3268,56,False
3269,966,True
3270,967,True
3271,968,True
3272,977,True
3273,990,True
3274,1002,True
3275,44,False
3276,100,False
3277,1003,True
3278,1006,True
3279,1009,True
3280,151,False
3281,1013,True
3282,1014,True
3283,1015,True
3284,1022,True
3285,1024,True
3286,1025,True
3287,1037,True
3288,105,False
3289,1043,True
3290,1049,True
3291,1055,True
3292,1060,True
3293,110,False
3294,628,False
3295,10,False
3296,1063,True
3297,1069,True
3298,13,False
3299,1070,True
3300,1083,True
3301,1087,True
3302,1088,True
3303,72,False
3304,1094,True
3305,1121,True
3306,177,False
3307,77,False
3308,1129,True
3309,1130,True
3310,1131,True
3311,1138,True
3312,1144,True
3313,1147,True
3314,1156,True
3315,1411,False
3316,1165,True
3317,1172,True
3318,4,False
3319,1176,True
3320,1181,True
3321,1186,True
3322,1190,True
3323,37,False
3324,1191,True
3325,1198,True
3326,12,False
3327,1208,True
3328,101,False
3329,1212,True
3330,1231,True
3331,2170,False
3332,1235,True
3333,1236,True
3334,209,False
3335,1241,True
3336,109,False
3337,1244,True
3338,1255,True
3339,1258,True
3340,1269,True
3341,1271,True
3342,1272,True
3343,1273,True
3344,1279,True
3345,1284,True
3346,2185,False
3347,1286,True
3348,57,False
3349,1288,True
3350,171,False
3351,1296,True
3352,1303,True
3353,1309,True
3354,1312,True
3355,1318,True
3356,10,False
3357,178,False
3358,1336,False
3359,1341,True
3360,2199,False
3361,2200,False
3362,1349,True
3363,1357,True
3364,1359,True
3365,186,False
3366,1366,True
3367,1375,True
3368,706,False
3369,1380,True
3370,1386,True
3371,25,False
3372,1387,True
3373,1393,True
3374,71,False
3375,1394,True
3376,1472,False
3377,1397,True
3378,1411,True
3379,1415,True
3380,1416,True
3381,154,False
3382,1421,True
3383,18,False
3384,1422,True
3385,1427,True
3386,1430,True
3387,2226,False
3388,1431,True
3389,1434,True
3390,265,False
3391,45,False
3392,1435,True
3393,1439,True
3394,1445,True
3395,1450,True
3396,217,False
3397,1493,False
3398,33,False
3399,91,False
3400,1465,True
3401,1467,True
3402,1468,True
3403,1469,True
3404,101,False
3405,1470,True
3406,744,False
3407,282,False
3408,1479,True
3409,43,False
3410,1484,True
3411,1487,True
3412,1488,True
3413,110,False
3414,1491,True
3415,1493,True
3416,1512,False
3417,1509,True
3418,110,False
3419,73,False
3420,1517,True
3421,1519,True
3422,1527,True
3423,1528,True
3424,1530,True
3425,1521,False
3426,247,False
3427,1542,True
3428,61,False
3429,1543,True
3430,1546,True
3431,1550,True
3432,1557,True
3433,1561,True
3434,1563,True
3435,89,False
3436,1564,True
3437,1566,True
3438,92,False
3439,212,False
3440,1577,True
3441,1583,True
3442,96,False
3443,1591,True
3444,98,False
3445,1592,True
3446,1593,True
3447,1607,True
3448,1611,True
3449,1613,True
3450,271,False
3451,81,False
3452,1615,True
3453,1619,True
3454,1627,True
3455,1629,True
3456,2295,False
3457,1635,True
3458,231,False
3459,1661,True
3460,1669,True
3461,1557,False
3462,337,False
3463,1670,True
3464,1671,True
3465,1677,True
3466,1562,False
3467,1681,True
3468,1682,True
3469,242,False
3470,1690,True
3471,1697,True
3472,2311,False
3473,1569,False
3474,1706,True
3475,1710,True
3476,129,False
3477,1714,True
3478,299,False
3479,1716,False
3480,1576,False
3481,242,False
3482,1724,True
3483,1579,False
3484,1726,True
3485,1731,True
3486,1734,True
3487,1736,True
3488,10,False
3489,11,False
3490,1747,True
3491,1766,True
3492,1767,True
3493,1777,True
3494,1778,True
3495,1788,True
3496,1803,True
3497,318,False
3498,1808,True
3499,1812,True
3500,1815,True
3501,1820,True
3502,210,False
3503,2342,False
3504,265,False
3505,1825,True
3506,381,False
3507,1848,True
3508,2347,False
3509,31,False
3510,1855,True
3511,1864,True
3512,1873,True
3513,36,False
3514,36,False
3515,1890,True
3516,1899,True
3517,1905,True
3518,280,False
3519,1907,True
3520,1909,True
3521,217,False
3522,1919,True
3523,45,False
3524,1925,True
3525,1940,True
3526,1945,True
3527,1958,True
3528,1971,True
3529,1980,True
3530,406,False
3531,1983,True
3532,1,False
3533,56,False
3534,1990,True
3535,151,False
3536,2376,False
3537,1993,True
3538,2001,True
3539,1636,False
3540,2014,True
3541,2019,True
3542,2024,True
3543,2028,True
3544,13,False
3545,2029,True
3546,69,False
3547,2032,True
3548,2033,True
3549,425,False
3550,2038,True
3551,2391,False
3552,2048,True
3553,2050,True
3554,2051,True
3555,2062,True
3556,2063,True
3557,170,False
3558,2066,True
3559,2073,True
3560,2075,True
3561,174,False
3562,2077,True
3563,2403,False
3564,2087,True
3565,387,False
3566,2094,True
3567,2095,True
3568,91,False
3569,2104,True
3570,2114,True
3571,2127,True
3572,2130,True
3573,449,False
3574,2131,True
3575,2132,True
3576,2135,True
3577,2136,True
3578,2139,True
3579,2143,True
3580,2146,True
3581,193,False
3582,2149,True
3583,2151,True
3584,2154,True
3585,2161,True
3586,2165,True
3587,2167,True
3588,2168,True
3589,1686,False
3590,2176,True
3591,2177,True
3592,2179,True
3593,2180,True
3594,2187,True
3595,2196,True
3596,292,False
3597,2203,True
3598,119,False
3599,2207,True
3600,2210,True
3601,2212,True
3602,298,False
3603,2231,True
3604,16,False
3605,2232,True
3606,2234,True
3607,429,False
3608,2239,True
3609,383,False
3610,2241,True
3611,2244,True
3612,81,False
3613,2245,True
3614,3,False
3615,2259,True
3616,2265,True
3617,439,False
3618,2267,True
3619,1716,False
3620,1717,False
3621,2273,True
3622,2277,True
3623,445,False
3624,398,False
3625,2285,True
3626,2289,True
3627,149,False
3628,150,False
3629,451,False
3630,2298,True
3631,2304,True
3632,21,False
3633,19,False
3634,2308,True
3635,2312,True
3636,158,False
3637,2317,True
3638,334,False
3639,2327,True
3640,2332,True
3641,2339,True
3642,2346,True
3643,2349,True
3644,520,False
3645,2352,True
3646,2353,True
3647,2360,True
3648,35,False
3649,118,False
3650,2361,True
3651,38,False
3652,39,False
3653,2367,True
3654,477,False
3655,2372,True
3656,43,False
3657,1755,False
3658,2384,True
3659,2387,True
3660,47,False
3661,2410,True
3662,485,False
3663,2420,True
3664,2424,True
3665,542,False
3666,2426,True
3667,2428,True
3668,2429,True
3669,492,False
3670,139,False
3671,2431,True
3672,62,False
3673,2445,True
3674,2447,True
3675,2468,True
3676,2471,True
3677,2481,True
3678,2503,True
3679,26,False
3680,2512,True
3681,2515,True
3682,72,False
3683,1781,False
3684,2516,True
3685,1783,False
3686,76,False
3687,2519,True
3688,511,False
3689,2520,True
3690,2523,True
3691,2526,True
3692,1790,False
3693,2533,True
3694,2540,True
3695,518,False
3696,2541,True
3697,1795,False
3698,2545,True
3699,2557,True
3700,21,False
3701,1799,False
3702,2560,True
3703,2566,True
3704,2573,True
3705,2575,True
3706,2576,True
3707,2583,True
3708,2592,True
3709,2602,True
3710,2606,True
3711,2615,True
3712,33,False
3713,3,True
3714,4,True
3715,7,True
3716,539,False
3717,14,True
3718,17,True
3719,21,True
3720,25,True
3721,42,False
3722,26,True
3723,34,True
3724,45,True
3725,46,True
3726,47,True
3727,51,True
3728,54,True
3729,57,True
3730,64,True
3731,77,True
3732,201,False
3733,79,True
3734,85,True
3735,92,True
3736,259,False
3737,100,True
3738,109,True
3739,129,False
3740,116,True
3741,118,True
3742,119,True
3743,133,True
3744,121,False
3745,130,False
3746,147,True
3747,148,True
3748,151,True
3749,160,True
3750,165,True
3751,171,True
3752,180,True
3753,576,False
3754,181,True
3755,190,True
3756,196,True
3757,198,True
3758,12,False
3759,1857,False
3760,203,True
3761,213,True
3762,16,False
3763,215,True
3764,219,True
3765,220,True
3766,1864,False
3767,222,True
3768,31,False
3769,223,True
3770,227,True
3771,239,True
3772,162,False
3773,6,False
3774,28,False
3775,241,True
3776,248,True
3777,253,True
3778,2,False
3779,256,True
3780,257,True
3781,262,True
3782,266,True
3783,271,True
3784,1882,False
3785,608,False
3786,272,True
3787,277,True
3788,65,False
3789,284,True
3790,291,True
3791,294,True
3792,306,True
3793,317,True
3794,318,True
3795,329,True
3796,333,True
3797,60,False
3798,335,True
3799,36,False
3800,345,True
3801,348,True
3802,350,True
3803,351,True
3804,81,False
3805,628,False
3806,357,True
3807,359,True
3808,362,True
3809,86,False
3810,333,False
3811,74,False
3812,365,True
3813,203,False
3814,91,False
3815,366,True
3816,373,True
3817,207,False
3818,383,True
3819,388,True
3820,391,True
3821,58,False
3822,212,False
3823,394,True
3824,397,True
3825,169,False
3826,401,True
3827,433,False
3828,5,False
3829,438,True
3830,439,True
3831,443,True
3832,448,True
3833,23,False
3834,449,True
3835,456,True
3836,73,False
3837,457,True
3838,459,True
3839,1937,False
3840,464,True
3841,467,True
3842,475,True
3843,485,True
3844,21,False
3845,24,False
3846,486,True
3847,487,True
3848,492,True
3849,126,False
3850,506,True
3851,1949,False
3852,508,True
3853,509,True
3854,511,True
3855,513,True
3856,521,True
3857,522,True
3858,95,False
3859,524,True
3860,37,False
3861,1959,False
3862,530,True
3863,140,False
3864,531,True
3865,534,True
3866,536,True
3867,544,True
3868,545,True
3869,692,False
3870,548,True
3871,108,False
3872,554,True
3873,560,True
3874,570,True
3875,572,True
3876,575,True
3877,577,True
3878,580,True
3879,348,False
3880,581,True
3881,10,False
3882,58,False
3883,586,True
3884,588,True
3885,1984,False
3886,589,True
3887,711,False
3888,608,True
3889,632,True
3890,633,True
3891,642,True
3892,647,True
3893,23,False
3894,653,True
3895,656,True
3896,673,True
3897,679,True
3898,289,False
3899,683,True
3900,684,True
3901,688,True
3902,689,True
3903,33,False
3904,9,False
3905,690,True
3906,698,True
3907,719,True
3908,732,True
3909,733,False
3910,746,True
3911,747,True
3912,749,True
3913,770,True
3914,778,True
3915,785,True
3916,786,True
3917,788,True
3918,2017,False
3919,800,True
3920,812,True
3921,815,True
3922,823,True
3923,827,True
3924,2023,False
3925,828,True
3926,830,True
3927,841,True
3928,2027,False
3929,842,True
3930,850,True
3931,855,True
3932,856,True
3933,278,False
3934,279,False
3935,7,False
3936,858,True
3937,859,True
3938,12,False
3939,863,True
3940,867,True
3941,870,True
3942,288,False
3943,881,True
3944,894,True
3945,416,False
3946,909,True
3947,912,True
3948,917,True
3949,114,False
3950,919,True
3951,921,True
3952,925,True
3953,12,False
3954,928,True
3955,2055,False
3956,934,True
3957,936,True
3958,20,False
3959,942,True
3960,944,True
3961,307,False
3962,946,True
3963,953,True
3964,959,True
3965,436,False
3966,968,True
3967,969,True
3968,981,True
3969,982,True
3970,987,True
3971,317,False
3972,1000,True
3973,365,False
3974,1002,True
3975,1003,True
3976,1014,True
3977,1018,True
3978,1020,True
3979,1026,True
3980,54,False
3981,1031,True
3982,1043,True
3983,1047,True
3984,1048,True
3985,2085,False
3986,1049,True
3987,458,False
3988,1053,True
3989,1055,True
3990,1060,True
3991,1062,True
3992,7,False
3993,1065,True
3994,26,False
3995,1079,True
3996,1082,True
3997,2097,False
3998,1092,True
3999,1102,True
4000,1103,True
4001,1107,True
4002,348,False
4003,1117,True
4004,396,False
4005,1122,True
4006,1128,True
4007,1129,True
4008,1136,True
4009,1143,True
4010,1145,True
4011,1150,True
4012,1159,True
4013,1161,True
4014,485,False
4015,1168,True
4016,1173,True
4017,409,False
4018,1174,True
4019,1175,True
4020,1183,True
4021,1200,True
4022,1202,True
4023,1208,True
4024,1218,True
4025,57,False
4026,851,False
4027,1221,True
4028,1226,True
4029,61,False
4030,422,False
4031,46,False
4032,1246,True
4033,2133,False
4034,1264,True
4035,1266,True
4036,1268,True
4037,52,False
4038,1273,True
4039,71,False
4040,72,False
4041,1278,True
4042,1287,True
4043,2143,False
4044,1311,True
4045,1314,True
4046,61,False
4047,1321,True
4048,63,False
4049,2149,False
4050,1323,True
4051,1338,True
4052,1340,True
4053,1346,True
4054,1349,True
4055,87,False
4056,1350,True
4057,1352,True
4058,1373,True
4059,7,False
4060,2160,False
4061,1374,True
4062,887,False
4063,1388,True
4064,1394,True
4065,1408,True
4066,2166,False
4067,413,False
4068,1410,True
4069,894,False
4070,1411,True
4071,1413,True
4072,1424,True
4073,2173,False
4074,420,False
4075,17,False
4076,1425,True
4077,109,False
4078,1433,True
4079,1435,True
4080,426,False
4081,1439,True
4082,1456,True
4083,1468,True
4084,1471,True
4085,1472,True
4086,1486,True
4087,119,False
4088,1487,True
4089,1488,True
4090,1493,True
4091,1494,True
4092,41,False
4093,564,False
4094,1497,True
4095,1498,True
4096,1499,True
4097,1509,True
4098,1513,True
4099,2199,False
4100,1517,True
4101,1520,True
4102,1524,True
4103,1529,True
4104,127,False
4105,1539,True
4106,1548,True
4107,1550,True
4108,579,False
4109,1552,True
4110,2210,False
4111,1555,True
4112,1557,True
4113,55,False
4114,1573,True
4115,586,False
4116,1581,True
4117,140,False
4118,1584,True
4119,151,False
4120,1585,True
4121,1586,True
4122,513,False
4123,1600,True
4124,1603,True
4125,157,False
4126,75,False
4127,1604,True
4128,1614,True
4129,1618,True
4130,1619,True
4131,1623,True
4132,1629,True
4133,1630,True
4134,157,False
4135,1632,True
4136,1633,True
4137,1635,True
4138,1637,True
4139,2239,False
4140,1644,True
4141,1651,True
4142,1655,True
4143,489,False
4144,1665,True
4145,491,False
4146,1668,True
4147,1675,True
4148,1676,True
4149,1681,True
4150,31,False
4151,1682,True
4152,1683,True
4153,1687,True
4154,1690,True
4155,501,False
4156,2256,False
4157,1691,True
4158,1696,True
4159,40,False
4160,192,False
4161,1697,True
4162,1701,True
4163,1709,True
4164,187,False
4165,1711,True
4166,2266,False
4167,1713,True
4168,1714,True
4169,28,False
4170,1718,True
4171,642,False
4172,1722,True
4173,1724,True
4174,1725,True
4175,1739,True
4176,1741,True
4177,1756,True
4178,1758,True
4179,1769,True
4180,1770,True
4181,14,False
4182,15,False
4183,1774,True
4184,8,False
4185,9,False
4186,45,False
4187,1776,True
4188,1779,True
4189,535,False
4190,14,False
4191,1788,True
4192,1797,True
4193,17,False
4194,1798,True
4195,541,False
4196,1809,True
4197,1816,True
4198,230,False
4199,1828,True
4200,1830,True
4201,1834,True
4202,1835,True
4203,1850,True
4204,48,False
4205,1854,True
4206,2306,False
4207,1856,True
4208,1859,True
4209,1861,True
4210,1865,True
4211,1868,True
4212,1876,True
4213,1878,True
4214,1885,True
4215,561,False
4216,1894,True
4217,563,False
4218,1915,True
4219,1924,True
4220,1935,True
4221,2321,False
4222,1949,True
4223,47,False
4224,1951,True
4225,1953,True
4226,258,False
4227,1965,True
4228,251,False
4229,1967,True
4230,1971,True
4231,1975,True
4232,1979,True
4233,1986,True
4234,1988,True
4235,1993,True
4236,582,False
4237,1998,True
4238,709,False
4239,2006,True
4240,63,False
4241,2007,True
4242,2008,True
4243,589,False
4244,2013,True
4245,2014,True
4246,2023,True
4247,2347,False
4248,2024,True
4249,2029,True
4250,282,False
4251,283,False
4252,275,False
4253,2034,True
4254,2036,True
4255,78,False
4256,2037,True
4257,2047,True
4258,2052,True
4259,2076,True
4260,39,False
4261,2084,True
4262,2091,True
4263,2097,True
4264,2099,True
4265,297,False
4266,298,False
4267,10,False
4268,2117,True
4269,2122,True
4270,60,False
4271,2134,True
4272,2372,False
4273,2151,True
4274,2152,True
4275,2158,True
4276,99,False
4277,2163,True
4278,310,False
4279,2379,False
4280,2166,True
4281,2168,True
4282,94,False
4283,73,False
4284,316,False
4285,2172,True
4286,2183,True
4287,2184,True
4288,2192,True
4289,2389,False
4290,2390,False
4291,2196,True
4292,2201,True
4293,639,False
4294,2203,True
4295,2212,True
4296,2220,True
4297,2225,True
4298,2228,True
4299,2231,True
4300,2233,True
4301,2236,True
4302,10,False
4303,2403,False
4304,1,False
4305,128,False
4306,2,False
4307,4,True
4308,5,True
4309,6,True
4310,7,True
4311,10,True
4312,11,True
4313,17,True
4314,31,True
4315,661,False
4316,42,True
4317,48,True
4318,51,True
4319,790,False
4320,52,True
4321,59,True
4322,64,True
4323,66,True
4324,67,True
4325,357,False
4326,72,True
4327,73,True
4328,2428,False
4329,152,False
4330,74,True
4331,82,True
4332,176,False
4333,83,True
4334,142,False
4335,84,True
4336,85,True
4337,11,False
4338,182,False
4339,86,True
4340,2440,False
4341,2441,False
4342,97,True
4343,107,True
4344,111,True
4345,2445,False
4346,117,True
4347,370,False
4348,123,True
4349,126,True
4350,696,False
4351,130,True
4352,135,True
4353,136,True
4354,140,True
4355,192,False
4356,146,True
4357,149,True
4358,704,False
4359,150,True
4360,153,True
4361,81,False
4362,708,False
4363,161,True
4364,187,False
4365,168,True
4366,175,True
4367,176,True
4368,179,True
4369,2469,False
4370,180,True
4371,183,True
4372,185,True
4373,191,True
4374,194,True
4375,213,True
4376,223,True
4377,225,True
4378,849,False
4379,227,True
4380,235,True
4381,236,True
4382,728,False
4383,249,True
4384,195,False
4385,259,True
4386,261,True
4387,262,True
4388,267,True
4389,280,True
4390,281,True
4391,2491,False
4392,299,True
4393,43,False
4394,300,True
4395,328,True
4396,330,True
4397,344,True
4398,349,True
4399,352,True
4400,2500,False
4401,355,True
4402,356,True
4403,359,True
4404,750,False
4405,55,False
4406,2507,False
4407,362,True
4408,372,True
4409,373,True
4410,884,False
4411,377,True
4412,381,True
4413,389,True
4414,391,True
4415,764,False
4416,393,True
4417,396,True
4418,401,True
4419,402,True
4420,894,False
4421,410,True
4422,415,True
4423,418,True
4424,424,True
4425,425,True
4426,2529,False
4427,430,True
4428,25,False
4429,431,True
4430,434,True
4431,457,False
4432,440,True
4433,444,True
4434,460,False
4435,32,False
4436,452,True
4437,453,True
4438,35,False
4439,264,False
4440,455,True
4441,2544,False
4442,26,False
4443,39,False
4444,458,True
4445,466,True
4446,30,False
4447,483,True
4448,490,True
4449,798,False
4450,500,True
4451,505,True
4452,524,True
4453,526,True
4454,528,True
4455,532,True
4456,541,True
4457,547,True
4458,554,True
4459,2562,False
4460,555,True
4461,559,True
4462,562,True
4463,566,True
4464,568,True
4465,569,True
4466,815,False
4467,579,True
4468,583,True
4469,495,False
4470,294,False
4471,2574,False
4472,587,True
4473,22,False
4474,593,True
4475,2578,False
4476,601,True
4477,605,True
4478,607,True
4479,624,True
4480,627,True
4481,635,True
4482,66,False
4483,832,False
4484,640,True
4485,2588,False
4486,652,True
4487,654,True
4488,669,True
4489,687,True
4490,691,True
4491,694,True
4492,697,True
4493,705,True
4494,708,True
4495,844,False
4496,319,False
4497,710,True
4498,715,True
4499,2602,False
4500,720,True
4501,6,False
4502,724,True
4503,736,True
4504,739,True
4505,740,True
4506,748,True
4507,749,True
4508,330,False
4509,753,True
4510,755,True
4511,767,True
4512,769,True
4513,6,False
4514,19,False
4515,774,True
4516,775,True
4517,782,True
4518,784,True
4519,789,True
4520,794,True
4521,547,False
4522,797,True
4523,107,False
4524,805,True
4525,806,True
4526,811,True
4527,812,True
4528,825,True
4529,826,True
4530,841,True
4531,848,True
4532,853,True
4533,3,False
4534,855,True
4535,5,False
4536,861,True
4537,863,True
4538,865,True
4539,868,True
4540,880,True
4541,901,True
4542,902,True
4543,14,False
4544,129,False
4545,906,True
4546,923,True
4547,132,False
4548,26,True
4549,30,True
4550,31,True
4551,32,True
4552,37,True
4553,39,True
4554,52,True
4555,55,True
4556,150,False
4557,67,True
4558,74,True
4559,909,False
4560,80,True
4561,159,False
4562,101,True
4563,103,True
4564,914,False
4565,108,True
4566,110,True
4567,112,True
4568,918,False
4569,114,True
4570,40,False
4571,116,True
4572,132,True
4573,133,True
4574,166,False
4575,146,True
4576,147,True
4577,148,True
4578,155,True
4579,156,True
4580,158,True
4581,166,True
4582,168,True
4583,174,True
4584,169,False
4585,190,True
4586,191,True
4587,937,False
4588,173,False
4589,195,True
4590,198,True
4591,199,True
4592,2696,False
4593,44,False
4594,203,True
4595,207,True
4596,946,False
4597,209,True
4598,212,True
4599,69,False
4600,217,True
4601,218,True
4602,219,True
4603,18,False
4604,222,True
4605,239,True
4606,242,True
4607,2711,False
4608,243,True
4609,250,True
4610,80,False
4611,251,True
4612,197,False
4613,257,True
4614,259,True
4615,267,True
4616,272,True
4617,87,False
4618,282,True
4619,290,True
4620,292,True
4621,315,True
4622,316,True
4623,319,True
4624,94,False
4625,217,False
4626,322,True
4627,329,True
4628,2732,False
4629,333,True
4630,980,False
4631,337,True
4632,2736,False
4633,338,True
4634,342,True
4635,345,True
4636,349,True
4637,107,False
4638,356,True
4639,368,True
4640,374,True
4641,375,True
4642,381,True
4643,388,True
4644,402,True
4645,405,True
4646,410,True
4647,414,True
4648,415,True
4649,430,True
4650,677,False
4651,432,True
4652,443,True
4653,451,True
4654,452,True
4655,459,True
4656,468,True
4657,473,True
4658,243,False
4659,1009,False
4660,483,True
4661,22,False
4662,496,True
4663,497,True
4664,501,True
4665,502,True
4666,251,False
4667,512,True
4668,521,True
4669,2773,False
4670,545,True
4671,550,True
4672,699,False
4673,551,True
4674,555,True
4675,556,True
4676,561,True
4677,563,True
4678,8,False
4679,2783,False
4680,566,True
4681,569,True
4682,571,True
4683,710,False
4684,154,False
4685,579,True
4686,580,True
4687,587,True
4688,591,True
4689,601,True
4690,2794,False
4691,605,True
4692,22,False
4693,614,True
4694,623,True
4695,626,True
4696,630,True
4697,638,True
4698,639,True
4699,642,True
4700,643,True
4701,649,True
4702,651,True
4703,655,True
4704,664,True
4705,2809,False
4706,2810,False
4707,666,True
4708,673,True
4709,674,True
4710,688,True
4711,1061,False
4712,692,True
4713,1063,False
4714,697,True
4715,699,True
4716,700,True
4717,703,True
4718,706,True
4719,709,True
4720,711,True
4721,718,True
4722,719,True
4723,722,True
4724,724,True
4725,730,True
4726,2830,False
4727,731,True
4728,732,True
4729,59,False
4730,60,False
4731,739,True
4732,744,True
4733,757,True
4734,758,True
4735,760,True
4736,781,True
4737,786,True
4738,788,True
4739,791,True
4740,208,False
4741,792,True
4742,799,True
4743,803,True
4744,804,True
4745,812,True
4746,815,True
4747,215,False
4748,826,True
4749,828,True
4750,844,True
4751,81,False
4752,853,True
4753,854,True
4754,84,False
4755,859,True
4756,224,False
4757,860,True
4758,866,True
4759,870,True
4760,1110,False
4761,880,True
4762,886,True
4763,890,True
4764,893,True
4765,895,True
4766,898,True
4767,794,False
4768,2872,False
4769,904,True
4770,11,False
4771,906,True
4772,907,True
4773,241,False
4774,915,True
4775,918,True
4776,1126,False
4777,927,True
4778,928,True
4779,940,True
4780,943,True
4781,950,True
4782,112,False
4783,953,True
4784,966,True
4785,1001,True
4786,1011,True
4787,1015,True
4788,1018,True
4789,1027,True
4790,1056,True
4791,1061,True
4792,1072,True
4793,1074,True
4794,2898,False
4795,263,False
4796,1076,True
4797,1097,True
4798,1098,True
4799,1099,True
4800,1117,True
4801,2905,False
4802,1126,True
4803,1140,True
4804,2908,False
4805,1142,True
4806,1145,True
4807,1147,True
4808,276,False
4809,1151,True
4810,1159,True
4811,1168,True
4812,1169,True
4813,1170,True
4814,1172,True
4815,145,False
4816,1173,True
4817,1174,True
4818,845,False
4819,1175,True
4820,1179,True
4821,1183,True
4822,290,False
4823,1185,True
4824,1192,True
4825,852,False
4826,1196,True
4827,1198,True
4828,1201,True
4829,1202,True
4830,1180,False
4831,1181,False
4832,1204,True
4833,1211,True
4834,1218,True
4835,1243,True
4836,1252,True
4837,1256,True
4838,1270,True
4839,1272,True
4840,1190,False
4841,1277,True
4842,1283,True
4843,870,False
4844,1285,True
4845,1289,True
4846,1292,True
4847,1297,True
4848,875,False
4849,876,False
4850,1305,True
4851,181,False
4852,2956,False
4853,1309,True
4854,2958,False
4855,1311,True
4856,2960,False
4857,1314,True
4858,1318,True
4859,2963,False
4860,1325,True
4861,1332,True
4862,1337,True
4863,1352,True
4864,194,False
4865,333,False
4866,1353,True
4867,1357,True
4868,1363,True
4869,52,False
4870,1365,True
4871,201,False
4872,1367,True
4873,1370,True
4874,204,False
4875,1380,True
4876,1382,True
4877,1388,True
4878,1393,True
4879,2983,False
4880,1398,True
4881,1399,True
4882,1400,True
4883,910,False
4884,1401,True
4885,1405,True
4886,1236,False
4887,1415,True
4888,1238,False
4889,1421,True
4890,2994,False
4891,1425,True
4892,16,False
4893,1243,False
4894,1426,True
4895,1428,True
4896,1430,True
4897,924,False
4898,1248,False
4899,1436,True
4900,1442,True
4901,1443,True
4902,1447,True
4903,1448,True
4904,3008,False
4905,1450,True
4906,1457,True
4907,1464,True
4908,3012,False
4909,81,False
4910,1473,True
4911,1479,True
4912,3016,False
4913,1481,True
4914,1490,True
4915,1492,True
4916,1504,True
4917,1506,True
4918,1268,False
4919,1523,True
4920,1530,True
4921,2,False
4922,1533,True
4923,1534,True
4924,12,False
4925,1541,True
4926,1543,True
4927,1555,True
4928,1562,True
4929,1565,True
4930,958,False
4931,1566,True
4932,98,False
4933,1583,True
4934,1584,True
4935,963,False
4936,1592,True
4937,1593,True
4938,1595,True
4939,1596,True
4940,1597,True
4941,969,False
4942,1600,True
4943,1610,True
4944,1615,True
4945,1296,False
4946,1617,True
4947,1622,True
4948,1627,True
4949,1628,True
4950,39,False
4951,1634,True
4952,980,False
4953,1638,True
4954,1653,True
4955,3060,False
4956,1659,True
4957,1670,True
4958,1671,True
4959,41,False
4960,1678,True
4961,43,False
4962,1681,True
4963,3068,False
4964,1684,True
4965,1688,True
4966,33,False
4967,1693,True
4968,1698,True
4969,1702,True
4970,3075,False
4971,1705,True
4972,1707,True
4973,1711,True
4974,1713,True
4975,57,False
4976,1714,True
4977,1328,False
4978,1716,True
4979,3084,False
4980,1720,True
4981,1723,True
4982,1724,True
4983,1742,True
4984,3089,False
4985,1747,True
4986,75,False
4987,1751,True
4988,1763,True
4989,78,False
4990,1764,True
4991,58,False
4992,81,False
4993,1766,True
4994,6,False
4995,3100,False
4996,1777,True
4997,1780,True
4998,80,False
4999,21,False
5000,1789,True
5001,1792,True
5002,1800,True
5003,1809,True
5004,1811,True
5005,94,False
5006,1815,True
5007,16,False
5008,1359,False
5009,1824,True
5010,1832,True
5011,1834,True
5012,1845,True
5013,95,False
5014,1848,True
5015,24,False
5016,1850,True
5017,1851,True
5018,1852,True
5019,101,False
5020,1861,True
5021,1869,True
5022,1870,True
5023,1871,True
5024,1911,True
5025,1914,True
5026,1916,True
5027,1921,True
5028,1929,True
5029,1936,True
5030,1381,False
5031,1942,True
5032,1944,True
5033,1947,True
5034,3139,False
5035,1386,False
5036,1955,True
5037,1967,True
5038,1968,True
5039,1970,True
5040,1971,True
5041,1975,True
5042,1977,True
5043,1979,True
5044,1982,True
5045,1994,True
5046,1995,True
5047,2003,True
5048,2004,True
5049,2009,True
5050,2013,True
5051,2017,True
5052,2018,True
5053,2031,True
5054,2035,True
5055,2036,True
5056,2039,True
5057,2046,True
5058,1086,False
5059,2054,True
5060,2062,True
5061,2063,True
5062,2078,True
5063,2085,True
5064,2089,True
5065,1093,False
5066,2094,True
5067,1095,False
5068,2110,True
5069,2114,True
5070,2115,True
5071,2130,True
5072,7,False
5073,2131,True
5074,2134,True
5075,156,False
5076,2157,True
5077,3182,False
5078,2171,True
5079,2173,True
5080,2180,True
5081,2193,True
5082,2210,True
5083,2214,True
5084,14,False
5085,2217,True
5086,2220,True
5087,2222,True
5088,2242,True
5089,2246,True
5090,2248,True
5091,3196,False
5092,2262,True
5093,2271,True
5094,2278,True
5095,2279,True
5096,175,False
5097,2282,True
5098,2286,True
5099,3204,False
5100,2300,True
5101,2301,True
5102,2318,True
5103,2334,True
5104,2337,True
5105,697,False
5106,2339,True
5107,2341,True
5108,187,False
5109,2349,True
5110,2350,True
5111,2351,True
5112,191,False
5113,2354,True
5114,2372,True
5115,2374,True
5116,2380,True
5117,2383,True
5118,2384,True
5119,2395,True
5120,7,False
5121,3226,False
5122,2400,True
5123,2402,True
5124,2404,True
5125,2411,True
5126,2421,True
5127,1478,False
5128,2423,True
5129,2425,True
5130,12,False
5131,210,False
5132,2426,True
5133,2465,True
5134,2466,True
5135,3240,False
5136,2472,True
5137,2481,True
5138,2484,True
5139,1167,False
5140,2501,True
5141,2504,True
5142,2506,True
5143,2508,True
5144,2509,True
5145,2512,True
5146,1497,False
5147,2514,True
5148,2517,True
5149,3254,False
5150,2534,True
5151,2536,True
5152,1503,False
5153,2544,True
5154,2555,True
5155,234,False
5156,2563,True
5157,2574,True
5158,2578,True
5159,2579,True
5160,3265,False
5161,2580,True
5162,2583,True
5163,2602,True
5164,2603,True
5165,2607,True
5166,10,False
5167,2609,True
5168,2614,True
5169,13,False
5170,3275,False
5171,15,False
5172,16,False
5173,9,True
5174,61,False
5175,10,True
5176,13,False
5177,18,True
5178,22,True
5179,44,True
5180,3285,False
5181,52,True
5182,60,True
5183,65,True
5184,72,True
5185,73,True
5186,79,True
5187,83,True
5188,90,True
5189,3294,False
5190,96,True
5191,1542,False
5192,100,True
5193,127,True
5194,37,False
5195,131,True
5196,134,True
5197,148,True
5198,156,True
5199,1550,False
5200,34,False
5201,35,False
5202,36,False
5203,164,True
5204,168,True
5205,1556,False
5206,172,True
5207,179,True
5208,3313,False
5209,183,True
5210,184,True
5211,1239,False
5212,185,True
5213,1564,False
5214,190,True
5215,58,False
5216,194,True
5217,197,True
5218,198,True
5219,1574,False
5220,204,True
5221,208,True
5222,209,True
5223,211,True
5224,212,True
5225,226,True
5226,227,True
5227,231,True
5228,1583,False
5229,236,True
5230,237,True
5231,248,True
5232,250,True
5233,259,True
5234,18,False
5235,264,True
5236,83,False
5237,265,True
5238,85,False
5239,266,True
5240,23,False
5241,269,True
5242,273,True
5243,284,True
5244,285,True
5245,287,True
5246,29,False
5247,294,True
5248,1603,False
5249,296,True
5250,301,True
5251,306,True
5252,328,True
5253,339,True
5254,1609,False
5255,348,True
5256,355,True
5257,360,True
5258,105,False
5259,367,True
5260,9,False
5261,368,True
5262,11,False
5263,372,True
5264,376,True
5265,14,False
5266,386,True
5267,387,True
5268,389,True
5269,395,True
5270,399,True
5271,412,True
5272,414,True
5273,22,False
5274,427,True
5275,429,True
5276,436,True
5277,441,True
5278,1310,False
5279,446,True
5280,450,True
5281,453,True
5282,129,False
5283,461,True
5284,469,True
5285,470,True
5286,133,False
5287,474,True
5288,135,False
5289,479,True
5290,485,True
5291,486,True
5292,497,True
5293,498,True
5294,500,True
5295,3404,False
5296,507,True
5297,514,True
5298,521,True
5299,524,True
5300,532,True
5301,540,True
5302,541,True
5303,545,True
5304,550,True
5305,90,False
5306,1661,False
5307,551,True
5308,558,True
5309,559,True
5310,563,True
5311,1666,False
5312,565,True
5313,579,True
5314,581,True
5315,594,True
5316,597,True
5317,598,True
5318,599,True
5319,165,False
5320,1352,False
5321,602,True
5322,603,True
5323,169,False
5324,612,True
5325,614,True
5326,618,False
5327,628,True
5328,633,True
5329,634,True
5330,635,True
5331,638,True
5332,644,True
5333,645,True
5334,657,True
5335,658,True
5336,665,True
5337,669,True
5338,670,True
5339,3448,False
5340,680,True
5341,187,False
5342,684,True
5343,701,True
5344,711,True
5345,716,True
5346,722,True
5347,724,True
5348,727,True
5349,736,True
5350,740,True
5351,3460,False
5352,750,True
5353,752,True
5354,753,True
5355,761,True
5356,141,False
5357,768,True
5358,775,True
5359,777,True
5360,779,True
5361,787,True
5362,790,True
5363,794,True
5364,800,True
5365,808,True
5366,151,False
5367,819,True
5368,1723,False
5369,821,True
5370,822,True
5371,217,False
5372,218,False
5373,829,True
5374,840,True
5375,221,False
5376,843,True
5377,845,True
5378,847,True
5379,164,False
5380,858,True
5381,1736,False
5382,863,True
5383,864,True
5384,865,True
5385,872,True
5386,875,True
5387,876,True
5388,881,True
5389,886,True
5390,174,False
5391,893,True
5392,897,True
5393,913,True
5394,914,True
5395,918,True
5396,919,True
5397,925,True
5398,930,True
5399,931,True
5400,933,True
5401,1756,False
5402,942,True
5403,947,True
5404,249,False
5405,953,True
5406,1438,False
5407,956,True
5408,961,True
5409,963,True
5410,968,True
5411,20,False
5412,970,True
5413,257,False
5414,974,True
5415,975,True
5416,980,True
5417,995,True
5418,27,False
5419,1774,False
5420,1007,True
5421,1013,True
5422,1024,True
5423,1028,True
5424,1029,True
5425,1036,True
5426,1038,True
5427,1043,True
5428,1460,False
5429,1052,True
5430,1068,True
5431,1070,True
5432,1076,True
5433,1084,True
5434,1088,True
5435,1094,True
5436,1097,True
5437,1108,True
5438,1110,True
5439,1125,True
5440,1143,True
5441,1147,True
5442,1148,True
5443,1154,True
5444,1158,True
5445,1161,True
5446,1164,True
5447,1175,True
5448,1186,True
5449,1196,True
5450,1199,True
5451,1218,True
5452,24,False
5453,1220,True
5454,1230,True
5455,1233,True
5456,1235,True
5457,1243,True
5458,1252,True
5459,2,False
5460,1260,True
5461,4,False
5462,1269,True
5463,305,False
5464,1280,True
5465,307,False
5466,1283,True
5467,1285,True
5468,1290,True
5469,12,False
5470,1291,True
5471,1303,True
5472,1305,True
5473,1306,True
5474,1307,True
5475,1309,True
5476,318,False
5477,1312,True
5478,1833,False
5479,1332,True
5480,322,False
5481,323,False
5482,1335,True
5483,1346,True
5484,1362,True
5485,1368,True
5486,29,False
5487,1370,True
5488,1372,True
5489,1373,True
5490,1377,True
5491,1382,True
5492,1384,True
5493,1395,True
5494,1404,True
5495,1414,True
5496,1417,True
5497,1424,True
5498,1443,True
5499,1444,True
5500,1445,True
5501,4,False
5502,1450,True
5503,1452,True
5504,1454,True
5505,1459,True
5506,13,False
5507,1462,True
5508,1479,True
5509,1480,True
5510,1492,True
5511,1497,True
5512,1502,True
5513,1505,True
5514,20,False
5515,1526,True
5516,1536,True
5517,23,False
5518,1540,True
5519,68,False
5520,1552,True
5521,70,False
5522,1554,True
5523,1562,True
5524,1563,True
5525,27,False
5526,1568,True
5527,1577,True
5528,1580,True
5529,1581,True
5530,1582,True
5531,1886,False
5532,1595,True
5533,1602,True
5534,1606,True
5535,1615,True
5536,1622,True
5537,1624,True
5538,1633,True
5539,1635,True
5540,1637,True
5541,1642,True
5542,48,False
5543,1646,True
5544,1664,True
5545,1665,True
5546,52,False
5547,1668,True
5548,1903,False
5549,1673,True
5550,1682,True
5551,1686,True
5552,1689,True
5553,1691,True
5554,1702,True
5555,98,False
5556,1707,True
5557,1716,True
5558,1718,True
5559,1720,True
5560,109,False
5561,1750,True
5562,111,False
5563,1756,True
5564,1764,True
5565,1770,True
5566,1775,True
5567,116,False
5568,1780,True
5569,1924,False
5570,1925,False
5571,1788,True
5572,1830,True
5573,1835,True
5574,1837,True
5575,15,False
5576,1843,True
5577,1845,True
5578,1849,True
5579,1851,True
5580,1860,True
5581,1873,True
5582,1937,False
5583,1878,True
5584,1880,True
5585,1885,True
5586,1889,True
5587,1890,True
5588,1894,True
5589,1905,True
5590,1908,True
5591,1912,True
5592,1918,True
5593,1925,True
5594,1941,True
5595,1945,True
5596,1947,True
5597,1950,True
5598,1951,True
5599,1953,True
5600,1958,True
5601,1965,True
5602,1966,True
5603,1971,True
5604,1975,True
5605,1976,True
5606,1961,False
5607,1984,True
5608,1985,True
5609,1986,True
5610,1992,True
5611,1997,True
5612,2006,True
5613,139,False
5614,2027,True
5615,2037,True
5616,2046,True
5617,2052,True
5618,2062,True
5619,2064,True
5620,2068,True
5621,2071,True
5622,2076,True
5623,2081,True
5624,2083,True
5625,2090,True
5626,2091,True
5627,2092,True
5628,154,False
5629,2093,True
5630,2106,True
5631,2114,True
5632,2127,True
5633,2142,True
5634,160,False
5635,2143,True
5636,2149,True
5637,2154,True
5638,40,False
5639,2158,True
5640,2162,True
5641,2165,True
5642,2171,True
5643,2175,True
5644,2177,True
5645,2181,True
5646,2208,True
5647,2215,True
5648,2218,True
5649,2222,True
5650,2223,True
5651,2225,True
5652,2227,True
5653,2230,True
5654,2236,True
5655,2244,True
5656,2252,True
5657,2254,True
5658,2257,True
5659,2265,True
5660,2266,True
5661,2268,True
5662,2275,True
5663,2281,True
5664,58,False
5665,191,False
5666,2282,True
5667,2283,True
5668,2287,True
5669,2288,True
5670,2290,True
5671,2292,True
5672,2294,True
5673,2304,True
5674,2313,True
5675,2316,True
5676,2322,True
5677,2327,True
5678,204,False
5679,2331,True
5680,2336,True
5681,2337,True
5682,2037,False
5683,2341,True
5684,2342,True
5685,188,False
5686,2345,True
5687,2352,True
5688,2356,True
5689,2368,True
5690,2370,True
5691,2378,True
5692,2380,True
5693,2393,True
5694,2394,True
5695,2397,True
5696,198,False
5697,2406,True
5698,200,False
5699,2409,True
5700,2417,True
5701,2420,True
5702,9,False
5703,2421,True
5704,2440,True
5705,2441,True
5706,2447,True
5707,2451,True
5708,2452,True
5709,16,False
5710,2458,True
5711,2459,True
5712,2465,True
5713,87,False
5714,2470,True
5715,2476,True
5716,2483,True
5717,2497,True
5718,2503,True
5719,2504,True
5720,222,False
5721,28,False
5722,2508,True
5723,125,False
5724,31,False
5725,2511,True
5726,2517,True
5727,2525,True
5728,2535,True
5729,2537,True
5730,2543,True
5731,2545,True
5732,2547,True
5733,104,False
5734,2552,True
5735,137,False
5736,138,False
5737,2571,True
5738,2575,True
5739,2581,True
5740,2592,True
5741,2596,True
5742,2599,True
5743,244,False
5744,2603,True
5745,2608,True
5746,2613,True
5747,2102,False
5748,2103,False
5749,9,True
5750,11,True
5751,58,False
5752,13,True
5753,155,False
5754,20,True
5755,30,True
5756,63,False
5757,32,True
5758,33,True
5759,43,True
5760,2115,False
5761,45,True
5762,48,True
5763,2118,False
5764,53,True
5765,54,True
5766,59,True
5767,61,True
5768,69,True
5769,270,False
5770,81,True
5771,84,True
5772,273,False
5773,85,True
5774,90,True
5775,94,True
5776,105,True
5777,2132,False
5778,278,False
5779,118,True
5780,119,True
5781,120,True
5782,122,True
5783,123,True
5784,130,True
5785,133,True
5786,136,True
5787,137,True
5788,190,False
5789,142,True
5790,143,True
5791,291,False
5792,150,True
5793,293,False
5794,153,True
5795,156,True
5796,198,False
5797,165,True
5798,152,False
5799,169,True
5800,180,True
5801,188,True
5802,301,False
5803,192,True
5804,303,False
5805,203,True
5806,207,True
5807,208,True
5808,229,True
5809,230,True
5810,233,True
5811,235,True
5812,239,True
5813,244,True
5814,245,True
5815,259,True
5816,219,False
5817,261,True
5818,279,True
5819,284,True
5820,319,False
5821,289,True
5822,307,True
5823,317,True
5824,319,True
5825,332,True
5826,334,True
5827,344,True
5828,347,True
5829,352,True
5830,328,False
5831,358,True
5832,360,True
5833,367,True
5834,332,False
5835,368,True
5836,372,True
5837,375,True
5838,378,True
5839,384,True
5840,385,True
5841,391,True
5842,396,True
5843,341,False
5844,399,True
5845,401,True
5846,410,True
5847,428,True
5848,430,True
5849,460,True
5850,481,True
5851,482,True
5852,486,True
5853,491,True
5854,500,True
5855,517,True
5856,518,True
5857,520,True
5858,534,True
5859,540,True
5860,551,True
5861,558,True
5862,559,True
5863,561,True
5864,362,False
5865,566,True
5866,572,True
5867,581,True
5868,583,True
5869,599,True
5870,607,True
5871,624,True
5872,639,True
5873,644,True
5874,654,True
5875,673,True
5876,674,True
5877,676,True
5878,677,True
5879,679,True
5880,682,True
5881,685,True
5882,204,False
5883,690,True
5884,694,True
5885,696,True
5886,707,True
5887,382,False
5888,708,True
5889,709,True
5890,712,True
5891,714,True
5892,719,True
5893,736,True
5894,748,True
5895,298,False
5896,752,True
5897,757,True
5898,759,True
5899,768,True
5900,774,True
5901,775,True
5902,779,True
5903,781,True
5904,786,True
5905,445,False
5906,309,False
5907,794,True
5908,800,True
5909,802,True
5910,805,True
5911,819,True
5912,821,True
5913,836,True
5914,846,True
5915,849,True
5916,850,True
5917,863,True
5918,871,True
5919,873,True
5920,889,True
5921,897,True
5922,898,True
5923,904,True
5924,919,True
5925,923,True
5926,929,True
5927,930,True
5928,4,False
5929,933,True
5930,937,True
5931,939,True
5932,942,True
5933,948,True
5934,972,True
5935,974,True
5936,2293,False
5937,976,True
5938,989,True
5939,480,False
5940,990,True
5941,991,True
5942,994,True
5943,995,True
5944,2301,False
5945,437,False
5946,1001,True
5947,1005,True
5948,1014,True
5949,1017,True
5950,1022,True
5951,1025,True
5952,1040,True
5953,494,False
5954,1041,True
5955,1049,True
5956,1052,True
5957,1058,True
5958,1070,True
5959,1073,True
5960,1083,True
5961,2318,False
5962,1084,True
5963,1086,True
5964,1092,True
5965,1093,True
5966,2323,False
5967,1107,True
5968,1116,True
5969,1117,True
5970,1118,True
5971,1119,True
5972,1120,True
5973,1126,True
5974,2331,False
5975,1134,True
5976,1142,True
5977,1150,True
5978,1155,True
5979,1157,True
5980,1167,True
5981,1174,True
5982,1175,True
5983,1176,True
5984,1179,True
5985,1198,True
5986,2343,False
5987,1203,True
5988,1205,True
5989,1207,True
5990,1212,True
5991,1216,True
5992,76,False
5993,1239,True
5994,1243,True
5995,1255,True
5996,1258,True
5997,488,False
5998,1260,True
5999,490,False
6000,1273,True
6001,1276,True
6002,1279,True
6003,2360,False
6004,494,False
6005,1283,True
6006,1291,True
6007,101,False
6008,1292,True
6009,1298,True
6010,1300,True
6011,1304,True
6012,1311,True
6013,1320,True
6014,1325,True
6015,1327,True
6016,1332,True
6017,1333,True
6018,1338,True
6019,1342,True
6020,1351,True
6021,1363,True
6022,116,False
6023,1376,True
6024,1377,True
6025,1381,True
6026,1384,True
6027,65,False
6028,1388,True
6029,1401,True
6030,1409,True
6031,1416,True
6032,1435,True
6033,1436,True
6034,1437,True
6035,1438,True
6036,2393,False
6037,1439,True
6038,579,False
6039,1445,True
6040,530,False
6041,1449,True
6042,1452,True
6043,1459,True
6044,1463,True
6045,1465,True
6046,1476,True
6047,1487,True
6048,132,False
6049,1489,True
6050,1490,True
6051,1497,True
6052,1501,True
6053,1503,True
6054,1504,True
6055,1513,True
6056,1516,True
6057,12,False
6058,1518,True
6059,1525,True
6060,1532,True
6061,1546,True
6062,552,False
6063,1550,True
6064,1566,True
6065,149,False
6066,1574,True
6067,1575,True
6068,1587,True
6069,1588,True
6070,1599,True
6071,1604,True
6072,1605,True
6073,1609,True
6074,1610,True
6075,1611,True
6076,1618,True
6077,1627,True
6078,162,False
6079,1633,True
6080,1636,True
6081,622,False
6082,1642,True
6083,1647,True
6084,1658,True
6085,1663,True
6086,1669,True
6087,1674,True
6088,1675,True
6089,1693,True
6090,2447,False
6091,1696,True
6092,1697,True
6093,1708,True
6094,1709,True
6095,1710,True
6096,1712,True
6097,1716,True
6098,1720,True
6099,1723,True
6100,1734,True
6101,1740,True
6102,1749,True
6103,28,False
6104,1750,True
6105,30,False
6106,1753,True
6107,1757,True
6108,1761,True
6109,1767,True
6110,1775,True
6111,1790,True
6112,196,False
6113,1794,True
6114,1799,True
6115,1800,True
6116,2473,False
6117,1801,True
6118,1804,True
6119,1828,True
6120,1837,True
6121,1846,True
6122,61,False
6123,207,False
6124,1853,True
6125,1854,True
6126,1865,True
6127,2484,False
6128,1867,True
6129,1881,True
6130,1883,True
6131,1886,True
6132,1891,True
6133,1896,True
6134,1898,True
6135,1909,True
6136,1913,True
6137,1918,True
6138,1921,True
6139,1924,True
6140,1931,True
6141,1943,True
6142,76,False
6143,1951,True
6144,1953,True
6145,1956,True
6146,69,False
6147,2504,False
6148,1957,True
6149,1958,True
6150,1961,True
6151,1963,True
6152,1970,True
6153,1973,True
6154,1980,True
6155,1982,True
6156,1985,True
6157,1986,True
6158,1988,True
6159,1990,True
6160,1993,True
6161,1994,True
6162,2521,False
6163,1997,True
6164,1998,True
6165,2003,True
6166,2004,True
6167,2009,True
6168,2010,True
6169,2031,True
6170,2032,True
6171,2036,True
6172,2040,True
6173,2049,True
6174,2533,False
6175,2060,True
6176,2065,True
6177,2066,True
6178,2075,True
6179,2087,True
6180,2539,False
6181,2094,True
6182,2100,True
6183,2104,True
6184,2543,False
6185,2113,True
6186,2116,True
6187,2124,True
6188,2127,True
6189,2130,True
6190,108,False
6191,2131,True
6192,2551,False
6193,2552,False
6194,112,False
6195,2134,True
6196,2139,True
6197,2143,True
6198,2144,True
6199,2159,True
6200,2160,True
6201,2178,True
6202,2187,True
6203,2194,True
6204,2196,True
6205,2564,False
6206,2198,True
6207,51,False
6208,2201,True
6209,2210,True
6210,2214,True
6211,2223,True
6212,2225,True
6213,2229,True
6214,132,False
6215,2241,True
6216,73,False
6217,2247,True
6218,2255,True
6219,2257,True
6220,2261,True
6221,2265,True
6222,2279,True
6223,2286,True
6224,2303,True
6225,2304,True
6226,2308,True
6227,2311,True
6228,2325,True
6229,2328,True
6230,2340,True
6231,2343,True
6232,2348,True
6233,2350,True
6234,152,False
6235,2356,True
6236,2363,True
6237,2368,True
6238,2369,True
6239,2383,True
6240,84,False
6241,85,False
6242,2384,True
6243,2405,True
6244,2409,True
6245,2414,True
6246,2421,True
6247,2428,True
6248,2607,False
6249,2433,True
6250,2440,True
6251,2456,True
6252,2458,True
6253,2461,True
6254,2466,True
6255,2475,True
6256,2482,True
6257,2488,True
6258,115,False
6259,2497,True
6260,2501,True
6261,2507,True
6262,119,False
6263,2516,True
6264,179,False
6265,2527,True
6266,110,False
6267,2626,False
6268,2536,True
6269,13,False
6270,2538,True
6271,186,False
6272,2631,False
6273,2539,True
6274,2543,True
6275,2546,True
6276,121,False
6277,2551,True
6278,2555,True
6279,822,False
6280,2556,True
6281,2567,True
6282,139,False
6283,2579,True
6284,2581,True
6285,2584,True
6286,2587,True
6287,2592,True
6288,2596,True
6289,2648,False
6290,2606,True
6291,2610,True
6292,2611,True
6293,2614,True
6294,151,False
6295,10,True
6296,153,False
6297,23,True
6298,31,True
6299,32,True
6300,33,True
6301,35,True
6302,45,True
6303,2662,False
6304,49,True
6305,56,True
6306,57,True
6307,216,False
6308,70,True
6309,72,True
6310,77,True
6311,220,False
6312,78,True
6313,82,True
6314,91,True
6315,102,True
6316,2675,False
6317,104,True
6318,105,True
6319,109,True
6320,117,True
6321,119,True
6322,120,True
6323,122,True
6324,123,True
6325,124,True
6326,126,True
6327,128,True
6328,132,True
6329,134,True
6330,136,True
6331,175,False
6332,140,True
6333,143,True
6334,149,True
6335,238,False
6336,155,True
6337,161,True
6338,2698,False
6339,166,True
6340,170,True
6341,174,True
6342,183,True
6343,184,True
6344,191,True
6345,195,True
6346,198,True
6347,204,True
6348,205,True
6349,217,True
6350,225,True
6351,231,True
6352,239,True
6353,242,True
6354,252,True
6355,253,True
6356,254,True
6357,255,True
6358,265,True
6359,273,True
6360,2721,False
6361,277,True
6362,907,False
6363,281,True
6364,288,True
6365,299,True
6366,43,False
6367,320,True
6368,2,False
6369,322,True
6370,326,True
6371,327,True
6372,334,True
6373,335,True
6374,341,True
6375,342,True
6376,344,True
6377,359,True
6378,360,True
6379,368,True
6380,376,True
6381,380,True
6382,393,True
6383,394,True
6384,395,True
6385,930,False
6386,397,True
6387,232,False
6388,399,True
6389,414,True
6390,2751,False
6391,416,True
6392,417,True
6393,292,False
6394,430,True
6395,437,True
6396,444,True
6397,449,True
6398,452,True
6399,462,True
6400,463,True
6401,2762,False
6402,479,True
6403,481,True
6404,487,True
6405,2766,False
6406,497,True
6407,505,True
6408,512,True
6409,520,True
6410,523,True
6411,528,True
6412,535,True
6413,538,True
6414,540,True
6415,2776,False
6416,546,True
6417,2778,False
6418,548,True
6419,562,True
6420,565,True
6421,34,False
6422,567,True
6423,571,True
6424,589,True
6425,591,True
6426,60,False
6427,598,True
6428,2789,False
6429,604,True
6430,605,True
6431,607,True
6432,611,True
6433,613,True
6434,615,True
6435,619,True
6436,39,False
6437,71,False
6438,620,True
6439,622,True
6440,624,True
6441,627,True
6442,634,True
6443,120,False
6444,637,True
6445,644,True
6446,38,False
6447,645,True
6448,2,False
6449,663,True
6450,670,True
6451,5,False
6452,672,True
6453,678,True
6454,8,False
6455,1000,False
6456,683,True
6457,687,True
6458,697,True
6459,712,True
6460,714,True
6461,54,False
6462,16,False
6463,17,False
6464,2826,False
6465,58,False
6466,716,True
6467,717,True
6468,721,True
6469,724,True
6470,725,True
6471,728,True
6472,732,True
6473,26,False
6474,736,True
6475,740,True
6476,743,True
6477,753,True
6478,71,False
6479,785,True
6480,789,True
6481,2843,False
6482,807,True
6483,810,True
6484,1030,False
6485,829,True
6486,121,False
6487,845,True
6488,846,True
6489,853,True
6490,855,True
6491,876,True
6492,885,True
6493,902,True
6494,913,True
6495,914,True
6496,925,True
6497,927,True
6498,932,True
6499,2861,False
6500,346,False
6501,950,True
6502,952,True
6503,957,True
6504,960,True
6505,2867,False
6506,983,True
6507,353,False
6508,101,False
6509,1055,False
6510,989,True
6511,994,True
6512,998,True
6513,1059,False
6514,999,True
6515,1005,True
6516,1006,True
6517,1063,False
6518,1007,True
6519,1014,True
6520,1024,True
6521,1031,True
6522,1036,True
6523,1039,True
6524,1043,True
6525,1046,True
6526,1050,True
6527,2889,False
6528,1056,True
6529,164,False
6530,1058,True
6531,80,False
6532,1059,True
6533,1060,True
6534,1062,True
6535,1068,True
6536,1070,True
6537,1073,True
6538,1082,True
6539,2901,False
6540,1085,True
6541,1087,True
6542,1088,True
6543,1089,True
6544,1091,True
6545,2907,False
6546,1098,True
6547,1100,True
6548,1103,True
6549,1110,True
6550,396,False
6551,1113,True
6552,398,False
6553,146,False
6554,1133,True
6555,1144,True
6556,1149,True
6557,1150,True
6558,1154,True
6559,1159,True
6560,1165,True
6561,407,False
6562,2924,False
6563,1169,True
6564,1177,True
6565,2927,False
6566,412,False
6567,1181,True
6568,161,False
6569,1187,True
6570,1189,True
6571,1198,True
6572,1199,True
6573,1200,True
6574,1202,True
6575,1207,True
6576,254,False
6577,1212,True
6578,1213,True
6579,1219,True
6580,1221,True
6581,1228,True
6582,216,False
6583,1237,True
6584,1240,True
6585,126,False
6586,1241,True
6587,1248,True
6588,1253,True
6589,1269,True
6590,1135,False
6591,1272,True
6592,1285,True
6593,1290,True
6594,134,False
6595,1291,True
6596,1295,True
6597,1301,True
6598,1310,True
6599,1312,True
6600,2962,False
6601,1313,True
6602,1318,True
6603,2965,False
6604,1323,True
6605,1331,True
6606,146,False
6607,1352,True
6608,1354,True
6609,1355,True
6610,288,False
6611,1357,True
6612,1157,False
6613,1158,False
6614,1374,True
6615,1375,True
6616,1378,True
6617,1380,True
6618,1392,True
6619,1403,True
6620,160,False
6621,1404,True
6622,162,False
6623,163,False
6624,1430,True
6625,1431,True
6626,1433,True
6627,2989,False
6628,1446,True
6629,1448,True
6630,1449,True
6631,1460,True
6632,1464,True
6633,1479,True
6634,1480,True
6635,2997,False
6636,1483,True
6637,1492,True
6638,1494,True
6639,1512,True
6640,1513,True
6641,1516,True
6642,1525,True
6643,1531,True
6644,1540,True
6645,1190,False
6646,1541,True
6647,68,False
6648,1546,True
6649,1553,True
6650,1555,True
6651,1559,True
6652,1568,True
6653,1572,True
6654,1577,True
6655,1588,True
6656,502,False
6657,78,False
6658,1592,True
6659,1596,True
6660,1602,True
6661,1603,True
6662,1614,True
6663,1619,True
6664,1625,True
6665,1627,True
6666,1630,True
6667,1637,True
6668,1641,True
6669,1643,True
6670,1644,True
6671,1646,True
6672,1652,True
6673,1655,True
6674,520,False
6675,1220,False
6676,214,False
6677,1664,True
6678,1678,True
6679,525,False
6680,1691,True
6681,1693,True
6682,528,False
6683,1701,True
6684,1708,True
6685,1713,True
6686,1717,True
6687,1731,True
6688,1734,True
6689,1738,True
6690,1739,True
6691,1743,True
6692,15,False
6693,1238,False
6694,1744,True
6695,329,False
6696,1746,True
6697,1751,True
6698,1764,True
6699,1770,True
6700,1794,True
6701,20,False
6702,1803,True
6703,1806,True
6704,1818,True
6705,1820,True
6706,1840,True
6707,1845,True
6708,1851,True
6709,1852,True
6710,3072,False
6711,1855,True
6712,1857,True
6713,1864,True
6714,1865,True
6715,1866,True
6716,1871,True
6717,1873,True
6718,1881,True
6719,1882,True
6720,1884,True
6721,399,False
6722,7,False
6723,1885,True
6724,1912,True
6725,403,False
6726,1917,True
6727,11,False
6728,12,False
6729,1923,True
6730,1947,True
6731,1976,True
6732,1983,True
6733,1984,True
6734,1986,True
6735,270,False
6736,1988,True
6737,2016,True
6738,2032,True
6739,2038,True
6740,2045,True
6741,2047,True
6742,6,False
6743,2048,True
6744,2059,True
6745,2060,True
6746,2061,True
6747,2062,True
6748,2065,True
6749,2071,True
6750,2077,True
6751,2078,True
6752,2081,True
6753,2083,True
6754,18,False
6755,2086,True
6756,2095,True
6757,2097,True
6758,2101,True
6759,2112,True
6760,2121,True
6761,607,False
6762,2128,True
6763,2129,True
6764,2130,True
6765,2134,True
6766,28,False
6767,2137,True
6768,3132,False
6769,2139,True
6770,2141,True
6771,407,False
6772,2146,True
6773,2157,True
6774,2162,True
6775,2168,True
6776,7,False
6777,2176,True
6778,2180,True
6779,2183,True
6780,2190,True
6781,2192,True
6782,2195,True
6783,2204,True
6784,46,False
6785,2211,True
6786,2212,True
6787,3151,False
6788,2223,True
6789,3153,False
6790,2228,True
6791,2238,True
6792,2239,True
6793,2245,True
6794,2287,True
6795,3159,False
6796,2303,True
6797,2304,True
6798,59,False
6799,2306,True
6800,2310,True
6801,2311,True
6802,2323,True
6803,2325,True
6804,42,False
6805,2326,True
6806,66,False
6807,2337,True
6808,2342,True
6809,3173,False
6810,2345,True
6811,49,False
6812,3176,False
6813,2360,True
6814,2365,True
6815,2366,True
6816,2368,True
6817,2377,True
6818,2379,True
6819,2380,True
6820,2381,True
6821,2382,True
6822,2385,True
6823,2386,True
6824,2393,True
6825,2394,True
6826,2400,True
6827,2403,True
6828,2408,True
6829,3193,False
6830,2411,True
6831,2412,True
6832,2417,True
6833,91,False
6834,3198,False
6835,2424,True
6836,1383,False
6837,2428,True
6838,2438,True
6839,2439,True
6840,98,False
6841,2441,True
6842,2442,True
6843,2444,True
6844,34,False
6845,2448,True
6846,2454,True
6847,83,False
6848,2458,True
6849,2467,True
6850,2476,True
6851,2477,True
6852,2480,True
6853,2482,True
6854,1401,False
6855,2507,True
6856,2508,True
6857,2515,True
6858,47,False
6859,2522,True
6860,118,False
6861,2531,True
6862,97,False
6863,2533,True
6864,122,False
6865,3229,False
6866,2546,True
6867,2551,True
6868,2565,True
6869,2567,True
6870,2573,True
6871,2583,True
6872,2586,True
6873,2592,True
6874,2593,True
6875,2594,True
6876,2595,True
6877,2597,True
6878,2608,True
6879,2611,True
6880,116,False
6881,2615,True
6882,2,True
6883,4,True
6884,9,True
6885,119,False
6886,14,True
6887,29,True
6888,30,True
6889,31,True
6890,33,True
6891,37,True
6892,51,True
6893,61,True
6894,150,False
6895,3258,False
6896,71,True
6897,74,True
6898,77,True
6899,79,True
6900,90,True
6901,118,True
6902,133,True
6903,140,True
6904,145,True
6905,23,False
6906,148,True
6907,152,True
6908,164,False
6909,162,True
6910,3273,False
6911,166,True
6912,168,True
6913,174,True
6914,175,True
6915,171,False
6916,178,True
6917,173,False
6918,180,True
6919,183,True
6920,3283,False
6921,1467,False
6922,205,True
6923,206,True
6924,209,True
6925,210,True
6926,229,True
6927,239,True
6928,241,True
6929,244,True
6930,309,False
6931,248,True
6932,249,True
6933,261,True
6934,265,True
6935,278,True
6936,3299,False
6937,282,True
6938,291,True
6939,292,True
6940,304,True
6941,309,True
6942,311,True
6943,313,True
6944,321,True
6945,322,True
6946,327,True
6947,333,True
6948,334,True
6949,328,False
6950,3313,False
6951,348,True
6952,354,True
6953,355,True
6954,364,True
6955,189,False
6956,366,True
6957,378,True
6958,382,True
6959,395,True
6960,194,False
6961,398,True
6962,3325,False
6963,342,False
6964,408,True
6965,411,True
6966,414,True
6967,418,True
6968,202,False
6969,420,True
6970,81,False
6971,440,True
6972,57,False
6973,453,True
6974,1520,False
6975,454,True
6976,458,True
6977,468,True
6978,471,True
6979,473,True
6980,485,True
6981,489,True
6982,497,True
6983,498,True
6984,499,True
6985,509,True
6986,515,True
6987,517,True
6988,528,True
6989,531,True
6990,537,True
6991,247,False
6992,225,False
6993,545,True
6994,551,True
6995,555,True
6996,567,True
6997,573,True
6998,100,False
6999,575,True
7000,576,True
7001,580,True
7002,599,True
7003,602,True
7004,608,True
7005,617,True
7006,620,True
7007,622,True
7008,629,True
7009,636,True
7010,646,True
7011,650,True
7012,268,False
7013,658,True
7014,666,True
7015,177,False
7016,673,True
7017,678,True
7018,682,True
7019,705,True
7020,708,True
7021,710,True
7022,1565,False
7023,713,True
7024,716,True
7025,722,True
7026,1569,False
7027,727,True
7028,3388,False
7029,729,True
7030,730,True
7031,736,True
7032,738,True
7033,741,True
7034,109,False
7035,754,True
7036,755,True
7037,759,True
7038,760,True
7039,284,False
7040,762,True
7041,770,True
7042,774,True
7043,776,True
7044,790,True
7045,791,True
7046,796,True
7047,797,True
7048,4,False
7049,801,True
7050,803,True
7051,806,True
7052,811,True
7053,298,False
7054,812,True
7055,300,False
7056,12,False
7057,13,False
7058,818,True
7059,823,True
7060,829,True
7061,837,True
7062,838,True
7063,840,True
7064,309,False
7065,842,True
7066,855,True
7067,312,False
7068,857,True
7069,860,True
7070,863,True
7071,139,False
7072,869,True
7073,28,False
7074,870,True
7075,878,True
7076,890,True
7077,905,True
7078,916,True
7079,919,True
7080,941,True
7081,944,True
7082,946,True
7083,80,False
7084,953,True
7085,962,True
7086,967,True
7087,971,True
7088,3447,False
7089,977,True
7090,984,True
7091,991,True
7092,992,True
7093,996,True
7094,998,True
7095,999,True
7096,1638,False
7097,48,False
7098,49,False
7099,1002,True
7100,3459,False
7101,3460,False
7102,1007,True
7103,1013,True
7104,1015,True
7105,56,False
7106,1025,True
7107,1030,True
7108,1041,True
7109,60,False
7110,1054,True
7111,1065,True
7112,1068,True
7113,3472,False
7114,1075,True
7115,1076,True
7116,46,False
7117,3476,False
7118,21,False
7119,1077,True
7120,1078,True
7121,70,False
7122,1091,True
7123,1092,True
7124,1093,True
7125,1101,True
7126,1108,True
7127,1117,True
7128,1124,True
7129,38,False
7130,1134,True
7131,1153,True
7132,128,False
7133,377,False
7134,378,False
7135,1193,True
7136,1194,True
7137,1195,True
7138,1209,True
7139,1681,False
7140,1233,True
7141,1235,True
7142,1244,True
7143,1245,True
7144,1247,True
7145,1250,True
7146,1251,True
7147,1253,True
7148,1257,True
7149,1260,True
7150,101,False
7151,1264,True
7152,101,False
7153,1267,True
7154,103,False
7155,1271,True
7156,1272,True
7157,1290,True
7158,1700,False
7159,1293,True
7160,1296,True
7161,405,False
7162,1297,True
7163,1298,True
7164,1305,True
7165,1308,True
7166,1320,True
7167,97,False
7168,1322,True
7169,165,False
7170,1341,True
7171,1351,True
7172,1355,True
7173,1360,True
7174,1363,True
7175,1366,True
7176,126,False
7177,1372,True
7178,1375,True
7179,1385,True
7180,615,False
7181,1386,True
7182,1393,True
7183,3543,False
7184,115,False
7185,136,False
7186,1394,True
7187,1396,True
7188,1397,True
7189,1399,True
7190,1405,True
7191,3551,False
7192,1408,True
7193,144,False
7194,3554,False
7195,1416,True
7196,1418,True
7197,1421,True
7198,1447,True
7199,1460,True
7200,3560,False
7201,1467,True
7202,1470,True
7203,1471,True
7204,135,False
7205,1472,True
7206,137,False
7207,1483,True
7208,1487,True
7209,1493,True
7210,1500,True
7211,1754,False
7212,1502,True
7213,1505,True
7214,1509,True
7215,166,False
7216,121,False
7217,1515,True
7218,1517,True
7219,1521,True
7220,1528,True
7221,1529,True
7222,1544,True
7223,1547,True
7224,1548,True
7225,470,False
7226,1561,True
7227,63,False
7228,1564,True
7229,1565,True
7230,475,False
7231,1579,True
7232,183,False
7233,1582,True
7234,1583,True
7235,3595,False
7236,187,False
7237,1585,True
7238,1588,True
7239,1591,True
7240,1598,True
7241,146,False
7242,1608,True
7243,1615,True
7244,21,False
7245,1627,True
7246,1632,True
7247,1639,True
7248,1644,True
7249,1647,True
7250,1653,True
7251,1656,True
7252,1667,True
7253,1669,True
7254,1671,True
7255,1687,True
7256,1689,True
7257,1697,True
7258,1703,True
7259,1704,True
7260,1710,True
7261,1711,True
7262,98,False
7263,508,False
7264,1722,True
7265,1729,True
7266,1732,True
7267,1737,True
7268,219,False
7269,1748,True
7270,1754,True
7271,1759,True
7272,1761,True
7273,1767,True
7274,1770,True
7275,1777,True
7276,1778,True
7277,1820,False
7278,1784,True
7279,1788,True
7280,231,False
7281,1791,True
7282,1797,True
7283,1805,True
7284,1809,True
7285,1813,True
7286,1814,True
7287,1836,True
7288,1842,True
7289,1850,True
7290,1857,True
7291,1864,True
7292,1867,True
7293,1873,True
7294,1893,True
7295,1902,True
7296,1906,True
7297,1918,True
7298,1924,True
7299,36,False
7300,1938,True
7301,1941,True
7302,1845,False
7303,1950,True
7304,1956,True
7305,1959,True
7306,257,False
7307,1960,True
7308,1961,True
7309,47,False
7310,1974,True
7311,1988,True
7312,244,False
7313,1990,True
7314,1995,True
7315,2001,True
7316,2005,True
7317,268,False
7318,2010,True
7319,11,False
7320,2016,True
7321,2019,True
7322,758,False
7323,2044,True
7324,2046,True
7325,2049,True
7326,2057,True
7327,2058,True
7328,2063,True
7329,2067,True
7330,2088,True
7331,2090,True
7332,2098,True
7333,2113,True
7334,158,False
7335,286,False
7336,2120,True
7337,2124,True
7338,2127,True
7339,2129,True
7340,2134,True
7341,2135,True
7342,2139,True
7343,34,False
7344,2151,True
7345,2158,True
7346,2160,True
7347,2163,True
7348,2165,True
7349,2172,True
7350,2174,True
7351,2177,True
7352,2181,True
7353,86,False
7354,2182,True
7355,2189,True
7356,89,False
7357,2201,True
7358,91,False
7359,2211,True
7360,2216,True
7361,293,False
7362,2247,True
7363,2252,True
7364,2254,True
7365,2258,True
7366,612,False
7367,2259,True
7368,614,False
7369,2263,True
7370,1914,False
7371,2266,True
7372,2268,True
7373,2269,True
7374,2273,True
7375,2278,True
7376,2280,True
7377,2293,True
7378,111,False
7379,330,False
7380,2311,True
7381,2314,True
7382,333,False
7383,2316,True
7384,2319,True
7385,317,False
7386,2326,True
7387,2331,True
7388,2336,True
7389,2342,True
7390,2344,True
7391,2347,True
7392,2352,True
7393,1937,False
7394,2353,True
7395,2360,True
7396,2365,True
7397,2392,True
7398,2395,True
7399,2402,True
7400,2424,True
7401,78,False
7402,1946,False
7403,2425,True
7404,2427,True
7405,2428,True
7406,2429,True
7407,2453,True
7408,2454,True
7409,2457,True
7410,2462,True
7411,2464,True
7412,363,False
7413,2470,True
7414,2475,True
7415,2476,True
7416,2484,True
7417,2499,True
7418,2500,True
7419,2502,True
7420,2506,True
7421,372,False
7422,2507,True
7423,2509,True
7424,375,False
7425,2524,True
7426,2528,True
7427,2540,True
7428,2548,True
7429,1973,False
7430,676,False
7431,2552,True
7432,2575,True
7433,2576,True
7434,2584,True
7435,2587,True
7436,2589,True
7437,683,False
7438,684,False
7439,2595,True
7440,2597,True
7441,392,False
7442,12,False
7443,2607,True
7444,8,True
7445,14,True
7446,18,True
7447,24,True
7448,29,True
7449,35,True
7450,696,False
7451,40,True
7452,43,True
7453,46,True
7454,53,True
7455,406,False
7456,55,True
7457,67,True
7458,70,True
7459,71,True
7460,87,True
7461,2005,False
7462,99,True
7463,100,True
7464,415,False
7465,105,True
7466,902,False
7467,106,True
7468,113,True
7469,125,True
7470,130,True
7471,135,True
7472,141,True
7473,424,False
7474,145,True
7475,152,True
7476,167,False
7477,408,False
7478,156,True
7479,160,True
7480,161,True
7481,162,True
7482,163,True
7483,307,False
7484,171,True
7485,174,True
7486,179,True
7487,57,False
7488,182,True
7489,186,True
7490,199,True
7491,205,True
7492,207,True
7493,212,True
7494,740,False
7495,225,True
7496,230,True
7497,232,True
7498,744,False
7499,243,True
7500,245,True
7501,247,True
7502,72,False
7503,249,True
7504,250,True
7505,252,True
7506,265,True
7507,753,False
7508,2052,False
7509,281,True
7510,290,True
7511,458,False
7512,295,True
7513,460,False
7514,760,False
7515,301,True
7516,306,True
7517,309,True
7518,313,True
7519,315,True
7520,327,True
7521,332,True
7522,334,True
7523,769,False
7524,348,True
7525,358,True
7526,367,True
7527,372,True
7528,373,True
7529,389,True
7530,404,True
7531,405,True
7532,409,True
7533,464,False
7534,411,True
7535,482,False
7536,413,True
7537,420,True
7538,424,True
7539,975,False
7540,427,True
7541,429,True
7542,436,True
7543,439,True
7544,453,True
7545,115,False
7546,470,True
7547,471,True
7548,483,True
7549,488,True
7550,493,True
7551,502,True
7552,505,True
7553,799,False
7554,508,True
7555,510,True
7556,802,False
7557,515,True
7558,522,True
7559,525,True
7560,528,True
7561,228,False
7562,529,True
7563,539,True
7564,546,True
7565,135,False
7566,233,False
7567,551,True
7568,814,False
7569,500,False
7570,558,True
7571,817,False
7572,559,True
7573,264,False
7574,562,True
7575,242,False
7576,584,True
7577,588,True
7578,509,False
7579,589,True
7580,511,False
7581,594,True
7582,529,False
7583,250,False
7584,605,True
7585,613,True
7586,615,True
7587,617,True
7588,255,False
7589,618,True
7590,624,True
7591,626,True
7592,627,True
7593,628,True
7594,639,True
7595,648,True
7596,660,True
7597,664,True
7598,666,True
7599,668,True
7600,676,True
7601,171,False
7602,684,True
7603,685,True
7604,689,True
7605,692,True
7606,700,True
7607,177,False
7608,713,True
7609,19,False
7610,856,False
7611,715,True
7612,22,False
7613,717,True
7614,24,False
7615,718,True
7616,727,True
7617,738,True
7618,563,False
7619,739,True
7620,753,True
7621,757,True
7622,868,False
7623,758,True
7624,768,True
7625,195,False
7626,317,False
7627,197,False
7628,874,False
7629,771,True
7630,774,True
7631,201,False
7632,775,True
7633,879,False
7634,777,True
7635,778,True
7636,567,False
7637,780,True
7638,783,True
7639,784,True
7640,791,True
7641,795,True
7642,797,True
7643,2187,False
7644,805,True
7645,810,True
7646,814,True
7647,820,True
7648,825,True
7649,2193,False
7650,830,True
7651,342,False
7652,596,False
7653,851,True
7654,2198,False
7655,852,True
7656,867,True
7657,875,True
7658,884,True
7659,889,True
7660,351,False
7661,894,True
7662,904,True
7663,909,False
7664,907,True
7665,908,True
7666,911,True
7667,912,True
7668,327,False
7669,921,True
7670,922,True
7671,929,True
7672,937,True
7673,938,True
7674,333,False
7675,619,False
7676,955,True
7677,957,True
7678,959,True
7679,963,True
7680,965,True
7681,626,False
7682,974,True
7683,976,True
7684,983,True
7685,991,True
7686,995,True
7687,998,True
7688,1000,True
7689,1005,True
7690,1011,True
7691,1017,True
7692,1030,True
7693,1047,True
7694,1049,True
7695,1132,False
7696,1050,True
7697,944,False
7698,1051,True
7699,1056,True
7700,1059,True
7701,36,False
7702,1069,True
7703,950,False
7704,1070,True
7705,1085,True
7706,355,False
7707,954,False
7708,1103,True
7709,654,False
7710,1105,True
7711,1109,True
7712,1126,True
7713,1129,True
7714,1138,True
7715,1145,True
7716,2261,False
7717,1147,True
7718,1154,True
7719,2264,False
7720,1164,True
7721,1165,True
7722,1168,True
7723,1174,True
7724,2269,False
7725,1177,True
7726,1178,True
7727,2272,False
7728,1188,True
7729,1198,True
7730,1201,True
7731,1214,True
7732,1221,True
7733,1225,True
7734,1231,True
7735,1232,True
7736,71,False
7737,1233,True
7738,1235,True
7739,1237,True
7740,1254,True
7741,1256,True
7742,1261,True
7743,1266,True
7744,1269,True
7745,677,False
7746,1270,True
7747,1287,True
7748,1185,False
7749,1294,True
7750,1300,True
7751,86,False
7752,1301,True
7753,1304,True
7754,1307,True
7755,1311,True
7756,1003,False
7757,1314,True
7758,1315,True
7759,1317,True
7760,1318,True
7761,1319,True
7762,1322,True
7763,1325,True
7764,1327,True
7765,1328,True
7766,1356,True
7767,1358,True
7768,1365,True
7769,1366,True
7770,1367,True
7771,1018,False
7772,1019,False
7773,1370,True
7774,1021,False
7775,1371,True
7776,2321,False
7777,1374,True
7778,1375,True
7779,1394,True
7780,1400,True
7781,1402,True
7782,1408,True
7783,1422,True
7784,476,False
7785,2330,False
7786,1427,True
7787,122,False
7788,1431,True
7789,1434,True
7790,125,False
7791,1438,True
7792,1440,True
7793,1456,True
7794,1458,True
7795,1467,True
7796,1482,True
7797,1489,True
7798,1491,True
7799,1505,True
7800,1506,True
7801,2346,False
7802,1508,True
7803,1515,True
7804,748,False
7805,1527,True
7806,1541,True
7807,142,False
7808,1542,True
7809,1563,True
7810,1564,True
7811,454,False
7812,1575,True
7813,505,False
7814,2359,False
7815,1580,True
7816,1583,True
7817,1590,True
7818,1598,True
7819,763,False
7820,764,False
7821,1606,True
7822,1607,True
7823,1608,True
7824,1615,True
7825,1617,True
7826,1621,True
7827,1626,True
7828,760,False
7829,1631,True
7830,1634,True
7831,13,False
7832,1636,True
7833,1646,True
7834,1648,True
7835,1653,True
7836,1654,True
7837,1660,True
7838,1664,True
7839,1666,True
7840,1671,True
7841,1672,True
7842,1686,True
7843,786,False
7844,536,False
7845,1695,True
7846,1704,True
7847,1716,True
7848,1726,True
7849,1727,True
7850,1732,True
7851,1736,True
7852,34,False
7853,1740,True
7854,1744,True
7855,1745,True
7856,1751,True
7857,1754,True
7858,1760,True
7859,1766,True
7860,1767,True
7861,1769,True
7862,1774,True
7863,1776,True
7864,1784,True
7865,1788,True
7866,1791,True
7867,1797,True
7868,1798,True
7869,801,False
7870,1799,True
7871,1806,True
7872,1807,True
7873,1811,True
7874,1812,True
7875,1814,True
7876,1819,True
7877,212,False
7878,1820,True
7879,1821,True
7880,1833,True
7881,813,False
7882,1840,True
7883,1846,True
7884,2429,False
7885,577,False
7886,221,False
7887,1853,True
7888,47,False
7889,1855,True
7890,1861,True
7891,50,False
7892,1863,True
7893,1879,True
7894,1886,True
7895,1888,True
7896,1889,True
7897,1894,True
7898,1900,True
7899,1903,True
7900,1906,True
7901,1912,True
7902,1913,True
7903,1914,True
7904,1928,True
7905,1932,True
7906,1933,True
7907,1948,True
7908,19,False
7909,1958,True
7910,1964,True
7911,1965,True
7912,247,False
7913,1967,True
7914,1968,True
7915,847,False
7916,27,False
7917,1970,True
7918,1985,True
7919,1997,True
7920,1999,True
7921,2019,True
7922,2020,True
7923,82,False
7924,2033,True
7925,2040,True
7926,2050,True
7927,2058,True
7928,85,False
7929,2080,True
7930,265,False
7931,2082,True
7932,43,False
7933,2108,True
7934,45,False
7935,2111,True
7936,2121,True
7937,2124,True
7938,2132,True
7939,2133,True
7940,2136,True
7941,2140,True
7942,2142,True
7943,5,False
7944,2143,True
7945,282,False
7946,8,False
7947,2151,True
7948,2153,True
7949,62,False
7950,2167,True
7951,2174,True
7952,111,False
7953,2175,True
7954,2177,True
7955,2178,True
7956,2182,True
7957,2185,True
7958,2189,True
7959,2196,True
7960,2206,True
7961,2219,True
7962,2220,True
7963,899,False
7964,900,False
7965,2237,True
7966,2239,True
7967,2244,True
7968,2248,True
7969,2254,True
7970,307,False
7971,2264,True
7972,2279,True
7973,2289,True
7974,2293,True
7975,2301,True
7976,313,False
7977,913,False
7978,2525,False
7979,2302,True
7980,2310,True
7981,2319,True
7982,2327,True
7983,2334,True
7984,2341,True
7985,2345,True
7986,2347,True
7987,2353,True
7988,2360,True
7989,139,False
7990,2361,True
7991,2387,True
7992,2396,True
7993,2401,True
7994,2405,True
7995,5,False
7996,146,False
7997,147,False
7998,2407,True
7999,149,False
8000,10,False
8001,2412,True
8002,67,False
8003,153,False
8004,2427,True
8005,2432,True
8006,16,False
8007,2437,True
8008,2445,True
8009,19,False
8010,2458,True
8011,2468,True
8012,2488,True
8013,2494,True
8014,2497,True
8015,2503,True
8016,2507,True
8017,2564,False
8018,2511,True
8019,132,False
8020,2512,True
8021,2517,True
8022,2521,True
8023,2530,True
8024,2538,True
8025,362,False
8026,2540,True
8027,2545,True
8028,176,False
8029,142,False
8030,2551,True
8031,2555,True
8032,2556,True
8033,2560,True
8034,43,False
8035,2561,True
8036,2566,True
8037,46,False
8038,2577,True
8039,2584,True
8040,2587,False
8041,189,False
8042,2605,True
8043,2612,True
8044,2614,True
8045,382,False
8046,55,False
8047,6,True
8048,10,True
8049,12,True
8050,29,True
8051,164,False
8052,30,True
8053,65,True
8054,68,True
8055,72,True
8056,73,True
8057,88,True
8058,100,True
8059,102,True
8060,109,True
8061,70,False
8062,130,True
8063,139,True
8064,159,True
8065,165,True
8066,75,False
8067,167,True
8068,170,True
8069,173,True
8070,189,True
8071,192,True
8072,80,False
8073,194,True
8074,187,False
8075,2622,False
8076,196,True
8077,414,False
8078,197,True
8079,199,True
8080,201,True
8081,89,False
8082,206,True
8083,212,True
8084,218,True
8085,220,True
8086,199,False
8087,225,True
8088,150,False
8089,1023,False
8090,237,True
8091,245,True
8092,246,True
8093,247,True
8094,257,True
8095,1532,False
8096,273,True
8097,280,True
8098,106,False
8099,282,True
8100,283,True
8101,295,True
8102,110,False
8103,304,True
8104,316,True
8105,317,True
8106,318,True
8107,319,True
8108,116,False
8109,325,True
8110,329,True
8111,330,True
8112,331,True
8113,226,False
8114,336,True
8115,123,False
8116,342,True
8117,343,True
8118,346,True
8119,356,True
8120,358,True
8121,2668,False
8122,359,True
8123,364,True
8124,387,True
8125,398,True
8126,407,True
8127,417,True
8128,1565,False
8129,242,False
8130,418,True
8131,425,True
8132,426,True
8133,435,True
8134,438,True
8135,442,True
8136,451,True
8137,458,True
8138,475,False
8139,459,True
8140,466,True
8141,467,True
8142,470,True
8143,476,True
8144,478,True
8145,483,False
8146,483,True
8147,489,True
8148,504,True
8149,509,True
8150,511,True
8151,22,False
8152,519,True
8153,162,False
8154,520,True
8155,523,True
8156,27,False
8157,530,True
8158,541,True
8159,222,False
8160,557,True
8161,558,True
8162,577,True
8163,579,True
8164,583,True
8165,591,True
8166,175,False
8167,595,True
8168,506,False
8169,610,True
8170,618,True
8171,620,True
8172,41,False
8173,42,False
8174,623,True
8175,638,True
8176,642,True
8177,1112,False
8178,665,True
8179,188,False
8180,677,True
8181,680,True
8182,686,True
8183,2731,False
8184,522,False
8185,687,True
8186,688,True
8187,196,False
8188,691,True
8189,1627,False
8190,698,True
8191,699,True
8192,201,False
8193,2741,False
8194,704,True
8195,705,True
8196,709,True
8197,714,True
8198,716,True
8199,1637,False
8200,718,True
8201,719,True
8202,725,True
8203,1138,False
8204,728,True
8205,268,False
8206,75,False
8207,729,True
8208,730,True
8209,732,True
8210,735,True
8211,220,False
8212,550,False
8213,222,False
8214,2762,False
8215,84,False
8216,85,False
8217,26,False
8218,227,False
8219,28,False
8220,558,False
8221,230,False
8222,1157,False
8223,561,False
8224,287,False
8225,563,False
8226,235,False
8227,96,False
8228,237,False
8229,1164,False
8230,1165,False
8231,100,False
8232,832,True
8233,840,True
8234,844,True
8235,22,False
8236,245,False
8237,851,True
8238,576,False
8239,860,True
8240,49,False
8241,863,True
8242,865,True
8243,112,False
8244,866,True
8245,1180,False
8246,877,True
8247,885,True
8248,891,True
8249,894,True
8250,901,True
8251,259,False
8252,590,False
8253,904,True
8254,908,True
8255,42,False
8256,43,False
8257,914,True
8258,918,True
8259,923,True
8260,925,True
8261,926,True
8262,927,True
8263,929,True
8264,938,True
8265,939,True
8266,940,True
8267,946,True
8268,947,True
8269,970,True
8270,978,True
8271,979,True
8272,335,False
8273,986,True
8274,128,False
8275,989,True
8276,339,False
8277,993,True
8278,997,True
8279,62,False
8280,1004,True
8281,1014,True
8282,65,False
8283,1016,True
8284,1019,True
8285,68,False
8286,1023,True
8287,1027,True
8288,626,False
8289,1028,True
8290,1,False
8291,298,False
8292,355,False
8293,1033,True
8294,1048,True
8295,6,False
8296,1057,True
8297,304,False
8298,1058,True
8299,637,False
8300,1063,True
8301,639,False
8302,1068,True
8303,1070,True
8304,1077,True
8305,312,False
8306,1078,True
8307,1081,True
8308,91,False
8309,1083,True
8310,1095,True
8311,1096,True
8312,1102,True
8313,651,False
8314,1105,True
8315,171,False
8316,1113,True
8317,657,False
8318,1114,True
8319,1121,True
8320,1123,True
8321,1125,True
8322,1130,True
8323,331,False
8324,1142,True
8325,1152,True
8326,2,False
8327,1172,True
8328,14,False
8329,1183,True
8330,1193,True
8331,1196,True
8332,1199,True
8333,9,False
8334,1202,True
8335,1211,True
8336,1215,True
8337,1219,True
8338,51,False
8339,52,False
8340,1225,True
8341,54,False
8342,1235,True
8343,1247,True
8344,1250,True
8345,1260,True
8346,1262,True
8347,1279,True
8348,1280,True
8349,1287,True
8350,1292,True
8351,2901,False
8352,1299,True
8353,1307,True
8354,1310,True
8355,1331,True
8356,696,False
8357,365,False
8358,366,False
8359,1333,True
8360,1343,True
8361,1346,True
8362,1351,True
8363,1300,False
8364,1355,True
8365,1359,True
8366,1362,True
8367,43,False
8368,376,False
8369,1375,True
8370,378,False
8371,57,False
8372,1376,True
8373,1378,True
8374,1387,True
8375,1392,True
8376,1396,True
8377,1399,True
8378,1404,True
8379,1411,True
8380,1414,True
8381,1415,True
8382,1418,True
8383,11,False
8384,1419,True
8385,1427,True
8386,1447,True
8387,1476,True
8388,1481,True
8389,1491,True
8390,18,False
8391,1496,True
8392,68,False
8393,1498,True
8394,1499,True
8395,1507,True
8396,1518,True
8397,1334,False
8398,1520,True
8399,1521,True
8400,1533,True
8401,77,False
8402,742,False
8403,1543,True
8404,1549,True
8405,1553,True
8406,1561,True
8407,1575,True
8408,1576,True
8409,1580,True
8410,1583,True
8411,1600,True
8412,1608,True
8413,420,False
8414,421,False
8415,1352,False
8416,1613,True
8417,757,False
8418,1618,True
8419,1625,True
8420,1629,True
8421,1642,True
8422,1654,True
8423,430,False
8424,1670,True
8425,432,False
8426,1363,False
8427,434,False
8428,1673,True
8429,1678,True
8430,437,False
8431,1685,True
8432,1693,True
8433,37,False
8434,1695,True
8435,1698,True
8436,1701,True
8437,444,False
8438,1706,True
8439,1709,True
8440,1712,True
8441,1713,True
8442,1714,True
8443,783,False
8444,1721,True
8445,1725,True
8446,50,False
8447,1729,True
8448,52,False
8449,1732,True
8450,1735,True
8451,458,False
8452,1739,True
8453,1741,True
8454,1742,True
8455,1753,True
8456,1757,True
8457,1758,True
8458,62,False
8459,1762,True
8460,1770,True
8461,1778,True
8462,1784,True
8463,1791,True
8464,1794,True
8465,1798,True
8466,1805,True
8467,1806,True
8468,1812,True
8469,1825,True
8470,1829,True
8471,1830,True
8472,479,False
8473,1832,True
8474,1837,True
8475,1849,True
8476,1851,True
8477,1853,True
8478,1854,True
8479,1857,True
8480,1876,True
8481,1885,True
8482,1886,True
8483,1891,True
8484,1895,True
8485,1908,True
8486,1909,True
8487,1922,True
8488,3035,False
8489,1927,True
8490,1932,True
8491,1946,True
8492,1956,True
8493,3040,False
8494,1960,True
8495,1963,True
8496,1970,True
8497,1972,True
8498,1973,True
8499,1985,True
8500,1993,True
8501,2006,True
8502,2008,True
8503,2012,True
8504,511,False
8505,3052,False
8506,2013,True
8507,2016,True
8508,2018,True
8509,833,False
8510,2022,True
8511,2029,True
8512,2034,True
8513,2035,True
8514,2039,True
8515,2043,True
8516,2044,True
8517,524,False
8518,2052,True
8519,2054,True
8520,2069,True
8521,2072,True
8522,2074,True
8523,2082,True
8524,2083,True
8525,2084,True
8526,2086,True
8527,2089,True
8528,2109,True
8529,215,False
8530,216,False
8531,2118,True
8532,218,False
8533,540,False
8534,2125,True
8535,2136,True
8536,2141,True
8537,2168,True
8538,2171,True
8539,2172,True
8540,2178,True
8541,2181,True
8542,2182,True
8543,2185,True
8544,2204,True
8545,552,False
8546,2216,True
8547,2222,True
8548,2224,True
8549,2227,True
8550,2238,True
8551,2251,True
8552,2256,True
8553,2258,True
8554,29,False
8555,2260,True
8556,2261,True
8557,2271,True
8558,2278,True
8559,2296,True
8560,2298,True
8561,2300,True
8562,886,False
8563,2305,True
8564,2310,True
8565,2315,True
8566,2319,True
8567,2324,True
8568,892,False
8569,2328,True
8570,2330,True
8571,2331,True
8572,3,False
8573,2332,True
8574,2335,True
8575,2351,True
8576,2353,True
8577,2362,True
8578,584,False
8579,2363,True
8580,2369,True
8581,2370,True
8582,2380,True
8583,2392,True
8584,590,False
8585,2398,True
8586,2399,True
8587,593,False
8588,2402,True
8589,2404,True
8590,2411,True
8591,2413,True
8592,2414,True
8593,2416,True
8594,600,False
8595,601,False
8596,2417,True
8597,603,False
8598,2418,True
8599,2422,True
8600,2423,True
8601,2432,True
8602,1689,False
8603,2439,True
8604,610,False
8605,2441,True
8606,2449,True
8607,2451,True
8608,2462,True
8609,2464,True
8610,2467,True
8611,935,False
8612,2475,True
8613,2476,True
8614,2478,True
8615,939,False
8616,2479,True
8617,2489,True
8618,2498,True
8619,2507,True
8620,3167,False
8621,2534,True
8622,2539,True
8623,25,False
8624,2543,True
8625,2549,True
8626,312,False
8627,313,False
8628,2553,True
8629,2556,True
8630,2561,True
8631,2563,True
8632,2568,True
8633,638,False
8634,2574,True
8635,2576,True
8636,2584,True
8637,961,False
8638,2585,True
8639,2590,True
8640,2598,True
8641,2604,True
8642,2605,True
8643,2612,True
8644,2616,True
8645,1576,False
8646,651,False
8647,1734,False
8648,123,False
8649,8,False
8650,13,True
8651,3198,False
8652,16,True
8653,17,True
8654,1585,False
8655,22,True
8656,30,True
8657,37,True
8658,41,True
8659,43,True
8660,665,False
8661,54,True
8662,667,False
8663,61,True
8664,70,True
8665,77,True
8666,670,False
8667,80,True
8668,82,True
8669,89,True
8670,90,True
8671,92,True
8672,99,True
8673,102,True
8674,115,True
8675,124,True
8676,149,True
8677,150,True
8678,151,True
8679,154,True
8680,155,True
8681,160,True
8682,161,True
8683,163,True
8684,1769,False
8685,166,True
8686,178,True
8687,25,False
8688,179,True
8689,693,False
8690,184,True
8691,189,True
8692,1016,False
8693,190,True
8694,212,True
8695,213,True
8696,214,True
8697,222,True
8698,3245,False
8699,228,True
8700,3247,False
8701,234,True
8702,242,True
8703,707,False
8704,245,True
8705,249,True
8706,252,True
8707,260,True
8708,3255,False
8709,1640,False
8710,279,True
8711,715,False
8712,283,True
8713,284,True
8714,1038,False
8715,296,True
8716,54,False
8717,1041,False
8718,319,True
8719,326,True
8720,327,True
8721,3268,False
8722,334,True
8723,727,False
8724,336,True
8725,340,True
8726,344,True
8727,731,False
8728,350,True
8729,361,True
8730,363,True
8731,69,False
8732,366,True
8733,369,True
8734,377,True
8735,378,True
8736,387,True
8737,391,True
8738,401,True
8739,408,True
8740,412,True
8741,79,False
8742,413,True
8743,415,True
8744,421,True
8745,424,True
8746,436,True
8747,437,True
8748,445,True
8749,446,True
8750,753,False
8751,448,True
8752,455,True
8753,456,True
8754,457,True
8755,465,True
8756,479,True
8757,482,True
8758,483,True
8759,486,True
8760,488,True
8761,495,True
8762,503,True
8763,512,True
8764,1695,False
8765,767,False
8766,513,True
8767,769,False
8768,515,True
8769,518,True
8770,523,True
8771,527,True
8772,533,True
8773,542,True
8774,544,True
8775,553,True
8776,554,True
8777,561,True
8778,562,True
8779,570,True
8780,100,False
8781,575,True
8782,102,False
8783,593,True
8784,1109,False
8785,595,True
8786,596,True
8787,604,True
8788,608,True
8789,625,True
8790,636,True
8791,643,True
8792,670,True
8793,679,True
8794,797,False
8795,680,True
8796,685,True
8797,692,True
8798,698,True
8799,711,True
8800,716,True
8801,720,True
8802,721,True
8803,725,True
8804,726,True
8805,808,False
8806,731,True
8807,732,True
8808,1740,False
8809,739,True
8810,748,True
8811,750,True
8812,759,True
8813,760,True
8814,817,False
8815,775,True
8816,783,True
8817,1142,False
8818,788,True
8819,822,False
8820,789,True
8821,791,True
8822,807,True
8823,811,True
8824,819,True
8825,827,True
8826,832,True
8827,147,False
8828,833,True
8829,836,True
8830,841,True
8831,843,True
8832,851,True
8833,853,True
8834,854,True
8835,878,True
8836,886,True
8837,888,True
8838,65,False
8839,893,True
8840,895,True
8841,1166,False
8842,902,True
8843,906,True
8844,912,True
8845,1170,False
8846,913,True
8847,914,True
8848,916,True
8849,76,False
8850,919,True
8851,920,True
8852,921,True
8853,924,True
8854,174,False
8855,928,True
8856,929,True
8857,930,True
8858,861,False
8859,934,True
8860,936,True
8861,944,True
8862,967,True
8863,974,True
8864,1189,False
8865,92,False
8866,985,True
8867,1192,False
8868,986,True
8869,1801,False
8870,991,True
8871,999,True
8872,1001,True
8873,1013,True
8874,1014,True
8875,1020,True
8876,1026,True
8877,1041,True
8878,1042,True
8879,1043,True
8880,1044,True
8881,1048,True
8882,1067,True
8883,1068,True
8884,1069,True
8885,1070,True
8886,1083,True
8887,1087,True
8888,1089,True
8889,1090,True
8890,1091,True
8891,1101,True
8892,11,False
8893,1102,True
8894,1103,True
8895,1105,True
8896,1110,True
8897,1113,True
8898,1130,True
8899,1224,False
8900,1136,True
8901,1139,True
8902,1149,True
8903,1835,False
8904,1150,True
8905,1230,False
8906,1179,True
8907,1187,True
8908,1233,False
8909,912,False
8910,1209,True
8911,1217,True
8912,1220,True
8913,1237,True
8914,1240,True
8915,1241,True
8916,1252,True
8917,1280,True
8918,2,False
8919,1283,True
8920,2005,False
8921,1246,False
8922,3470,False
8923,1288,True
8924,1297,True
8925,1306,True
8926,1307,True
8927,1310,True
8928,1253,False
8929,1316,True
8930,1321,True
8931,1326,True
8932,1864,False
8933,1330,True
8934,937,False
8935,938,False
8936,1337,True
8937,1352,True
8938,941,False
8939,1360,True
8940,1362,True
8941,18,False
8942,1367,True
8943,1371,True
8944,1383,True
8945,1385,True
8946,1386,True
8947,1387,True
8948,1389,True
8949,1397,True
8950,953,False
8951,1400,True
8952,3500,False
8953,1410,True
8954,957,False
8955,1419,True
8956,1427,True
8957,1435,True
8958,42,False
8959,1451,True
8960,1457,True
8961,1458,True
8962,1479,True
8963,1488,True
8964,1289,False
8965,1492,True
8966,1499,True
8967,1899,False
8968,1900,False
8969,1506,True
8970,1902,False
8971,1525,True
8972,1526,True
8973,1543,True
8974,1546,True
8975,1550,True
8976,1558,True
8977,1560,True
8978,1569,True
8979,1570,True
8980,1305,False
8981,1571,True
8982,59,False
8983,1572,True
8984,68,False
8985,1576,True
8986,1580,True
8987,1583,True
8988,1586,True
8989,1314,False
8990,1587,True
8991,1589,True
8992,1317,False
8993,1601,True
8994,1603,True
8995,1927,False
8996,1615,True
8997,1616,True
8998,1619,True
8999,1629,True
9000,1638,True
9001,1642,True
9002,86,False
9003,3551,False
9004,1644,True
9005,1654,True
9006,25,False
9007,1663,True
9008,1668,True
9009,1682,True
9010,1016,False
9011,1684,True
9012,1687,True
9013,1689,True
9014,1690,True
9015,1695,True
9016,1699,True
9017,1345,False
9018,1703,True
9019,2100,False
9020,1704,True
9021,1720,True
9022,1726,True
9023,1731,True
9024,1959,False
9025,1734,True
9026,1961,False
9027,1745,True
9028,1751,True
9029,1755,True
9030,1766,True
9031,1768,True
9032,1771,True
9033,1776,True
9034,1778,True
9035,1779,True
9036,1788,True
9037,1797,True
9038,1799,True
9039,1800,True
9040,1811,True
9041,1827,True
9042,2123,False
9043,1828,True
9044,1840,True
9045,1051,False
9046,1841,True
9047,1846,True
9048,1848,True
9049,1850,True
9050,1855,True
9051,1861,True
9052,3603,False
9053,1887,True
9054,1893,True
9055,1895,True
9056,1897,True
9057,1898,True
9058,1905,True
9059,1911,True
9060,55,False
9061,1924,True
9062,1928,True
9063,1931,True
9064,1939,True
9065,1943,True
9066,1947,True
9067,1951,True
9068,1953,True
9069,1972,True
9070,1980,True
9071,1993,True
9072,1997,True
9073,1998,True
9074,2000,True
9075,2001,True
9076,2013,True
9077,164,False
9078,2015,True
9079,2020,True
9080,2036,True
9081,2050,True
9082,2051,True
9083,2061,True
9084,2063,True
9085,2068,True
9086,173,False
9087,2070,True
9088,2073,True
9089,2075,True
9090,2082,True
9091,1390,False
9092,2090,True
9093,2094,True
9094,1070,False
9095,2107,True
9096,2108,True
9097,2111,True
9098,114,False
9099,2114,True
9100,2121,True
9101,2127,True
9102,2131,True
9103,2038,False
9104,2161,True
9105,2162,True
9106,2165,True
9107,2171,True
9108,2172,True
9109,196,False
9110,2175,True
9111,3662,False
9112,108,False
9113,2177,True
9114,2180,True
9115,2198,True
9116,2201,True
9117,109,False
9118,2204,True
9119,2233,True
9120,2247,True
9121,1097,False
9122,1421,False
9123,2253,True
9124,2256,True
9125,1101,False
9126,2261,True
9127,2265,True
9128,2270,True
9129,2298,True
9130,2299,True
9131,1107,False
9132,2303,True
9133,2310,True
9134,221,False
9135,2314,True
9136,2315,True
9137,2319,True
9138,2322,True
9139,2324,True
9140,2333,True
9141,2343,True
9142,1118,False
9143,2356,True
9144,2360,True
9145,2080,False
9146,141,False
9147,2363,True
9148,2374,True
9149,2384,True
9150,2391,True
9151,2411,True
9152,239,False
9153,2423,True
9154,2424,True
9155,2090,False
9156,1455,False
9157,2092,False
9158,2093,False
9159,2433,True
9160,1136,False
9161,2443,True
9162,2446,True
9163,2461,True
9164,2472,True
9165,2473,True
9166,2474,True
9167,2475,True
9168,2477,True
9169,2482,True
9170,1146,False
9171,2489,True
9172,2492,True
9173,2494,True
9174,2497,True
9175,2505,True
9176,1152,False
9177,1153,False
9178,1154,False
9179,2520,True
9180,2522,True
9181,2533,True
9182,2543,True
9183,1482,False
9184,2547,True
9185,2564,True
9186,2121,False
9187,2572,True
9188,2580,True
9189,2582,True
9190,277,False
9191,1490,False
9192,2588,True
9193,2590,True
9194,2592,True
9195,2594,True
9196,1172,False
9197,192,False
9198,2596,True
9199,1175,False
9200,2601,True
9201,2603,True
9202,2606,True
9203,2611,True
9204,1503,False
9205,2612,True
9206,1505,False
9207,7,True
9208,16,True
9209,18,True
9210,19,True
9211,3762,False
9212,2147,False
9213,20,True
9214,1190,False
9215,42,True
9216,44,True
9217,3768,False
9218,53,True
9219,72,True
9220,1519,False
9221,1197,False
9222,100,True
9223,101,True
9224,1523,False
9225,105,True
9226,113,True
9227,115,True
9228,1527,False
9229,139,True
9230,43,False
9231,149,True
9232,151,True
9233,1532,False
9234,1533,False
9235,3786,False
9236,158,True
9237,166,True
9238,173,True
9239,176,True
9240,53,False
9241,178,True
9242,193,True
9243,234,False
9244,203,True
9245,221,True
9246,232,True
9247,3798,False
9248,238,True
9249,240,True
9250,244,True
9251,2186,False
9252,245,True
9253,250,True
9254,260,True
9255,30,False
9256,263,True
9257,265,True
9258,268,True
9259,269,True
9260,272,True
9261,1560,False
9262,274,True
9263,276,True
9264,279,True
9265,287,True
9266,298,True
9267,309,True
9268,318,True
9269,44,False
9270,322,True
9271,331,True
9272,1571,False
9273,333,True
9274,1573,False
9275,334,True
9276,335,True
9277,343,True
9278,347,True
9279,1578,False
9280,362,True
9281,363,True
9282,378,True
9283,380,True
9284,382,True
9285,60,False
9286,399,True
9287,400,True
9288,403,True
9289,405,True
9290,410,True
9291,411,True
9292,414,True
9293,417,True
9294,419,True
9295,427,True
9296,71,False
9297,429,True
9298,430,True
9299,432,True
9300,1276,False
9301,439,True
9302,1278,False
9303,456,True
9304,462,True
9305,467,True
9306,81,False
9307,470,True
9308,58,False
9309,1608,False
9310,471,True
9311,482,True
9312,484,True
9313,495,True
9314,507,True
9315,523,True
9316,91,False
9317,2380,False
9318,529,True
9319,537,True
9320,549,True
9321,550,True
9322,1621,False
9323,560,True
9324,566,True
9325,568,True
9326,569,True
9327,570,True
9328,579,True
9329,1628,False
9330,584,True
9331,591,True
9332,607,True
9333,611,True
9334,619,True
9335,621,True
9336,622,True
9337,632,True
9338,1309,False
9339,636,True
9340,37,False
9341,642,True
9342,1641,False
9343,646,True
9344,650,True
9345,660,True
9346,662,True
9347,667,True
9348,671,True
9349,676,True
9350,679,True
9351,680,True
9352,681,True
9353,682,True
9354,687,True
9355,688,True
9356,689,True
9357,2421,False
9358,1330,False
9359,1331,False
9360,707,True
9361,710,True
9362,712,True
9363,720,True
9364,2428,False
9365,724,True
9366,727,True
9367,730,True
9368,735,True
9369,738,True
9370,1341,False
9371,746,True
9372,750,True
9373,751,True
9374,760,True
9375,785,True
9376,804,True
9377,808,True
9378,825,True
9379,829,True
9380,840,True
9381,851,True
9382,853,True
9383,854,True
9384,855,True
9385,866,True
9386,871,True
9387,873,True
9388,876,True
9389,883,True
9390,885,True
9391,886,True
9392,887,True
9393,900,True
9394,901,True
9395,903,True
9396,914,True
9397,934,True
9398,1369,False
9399,935,True
9400,936,True
9401,946,True
9402,956,True
9403,1374,False
9404,962,True
9405,963,True
9406,95,False
9407,964,True
9408,976,True
9409,977,True
9410,983,True
9411,989,True
9412,49,False
9413,992,True
9414,999,True
9415,1003,True
9416,1010,True
9417,1011,True
9418,1013,True
9419,1014,True
9420,1017,True
9421,1018,True
9422,1020,True
9423,1021,True
9424,61,False
9425,1029,True
9426,1034,True
9427,3979,False
9428,1047,True
9429,1053,True
9430,1057,True
9431,1069,True
9432,1090,True
9433,1100,True
9434,1106,True
9435,1111,True
9436,73,False
9437,1116,True
9438,75,False
9439,1128,True
9440,1133,True
9441,3993,False
9442,56,False
9443,1150,False
9444,1157,True
9445,1160,True
9446,1161,True
9447,1163,True
9448,1167,True
9449,86,False
9450,1172,True
9451,122,False
9452,1179,True
9453,1183,True
9454,1189,True
9455,38,False
9456,1200,True
9457,1201,True
9458,1204,True
9459,73,False
9460,1205,True
9461,1207,True
9462,45,False
9463,1208,True
9464,2528,False
9465,1210,True
9466,48,False
9467,2531,False
9468,1221,True
9469,1232,True
9470,1239,True
9471,1241,True
9472,86,False
9473,1242,True
9474,88,False
9475,1247,True
9476,1262,True
9477,1284,True
9478,1288,True
9479,1291,True
9480,1298,True
9481,1309,True
9482,1311,True
9483,1313,True
9484,1325,True
9485,1332,True
9486,1350,True
9487,1787,False
9488,1352,True
9489,1355,True
9490,1359,True
9491,1361,True
9492,1362,True
9493,1377,True
9494,1383,True
9495,77,False
9496,4048,False
9497,1385,True
9498,1387,True
9499,1388,True
9500,15,False
9501,1389,True
9502,1395,True
9503,1396,True
9504,1397,True
9505,29,False
9506,1401,True
9507,90,False
9508,1403,True
9509,1404,True
9510,1405,True
9511,1811,False
9512,1812,False
9513,1412,True
9514,1418,True
9515,1424,True
9516,40,False
9517,1428,True
9518,1436,True
9519,101,False
9520,1820,False
9521,1446,True
9522,1449,True
9523,105,False
9524,1824,False
9525,107,False
9526,1453,True
9527,1457,True
9528,52,False
9529,1475,True
9530,4082,False
9531,1481,True
9532,1493,True
9533,57,False
9534,116,False
9535,1498,True
9536,4088,False
9537,1502,True
9538,1505,True
9539,121,False
9540,1508,True
9541,1515,True
9542,1516,True
9543,1529,True
9544,1534,True
9545,1539,True
9546,1543,True
9547,1544,True
9548,1545,True
9549,1546,True
9550,1549,True
9551,1563,True
9552,1574,True
9553,136,False
9554,1583,True
9555,138,False
9556,71,False
9557,1590,True
9558,1593,True
9559,4111,False
9560,1602,True
9561,1609,True
9562,1610,True
9563,1611,True
9564,1618,True
9565,1625,True
9566,1866,False
9567,1640,True
9568,1644,True
9569,175,False
9570,1678,True
9571,1679,True
9572,1684,True
9573,97,False
9574,1685,True
9575,1689,True
9576,1876,False
9577,1693,True
9578,1695,True
9579,1698,True
9580,1702,True
9581,1706,True
9582,1709,True
9583,1718,True
9584,1731,True
9585,1736,True
9586,1744,True
9587,1887,False
9588,1748,True
9589,1754,True
9590,1756,True
9591,1760,True
9592,1771,True
9593,1779,True
9594,1784,True
9595,1785,True
9596,1801,True
9597,1802,True
9598,1804,True
9599,1809,True
9600,1813,True
9601,1816,True
9602,1820,True
9603,1830,True
9604,1841,True
9605,112,False
9606,1842,True
9607,1844,True
9608,1846,True
9609,1857,True
9610,1866,True
9611,1867,True
9612,1869,True
9613,1870,True
9614,1874,True
9615,1877,True
9616,1885,True
9617,1886,True
9618,1888,True
9619,1890,True
9620,1891,True
9621,1894,True
9622,179,False
9623,180,False
9624,1900,True
9625,183,False
9626,1901,True
9627,1908,True
9628,135,False
9629,1919,True
9630,1925,True
9631,1929,True
9632,139,False
9633,1930,True
9634,1931,True
9635,193,False
9636,1938,True
9637,1940,True
9638,1941,True
9639,1942,True
9640,196,False
9641,197,False
9642,1945,True
9643,1948,True
9644,1949,True
9645,1961,True
9646,1964,True
9647,33,False
9648,1965,True
9649,1971,True
9650,1973,True
9651,1979,True
9652,1983,True
9653,1984,True
9654,1992,True
9655,1994,True
9656,4208,False
9657,164,False
9658,1995,True
9659,45,False
9660,1997,True
9661,1999,True
9662,2002,True
9663,2003,True
9664,2005,True
9665,2011,True
9666,272,False
9667,2012,True
9668,2018,True
9669,2029,True
9670,276,False
9671,2031,True
9672,2035,True
9673,2037,True
9674,2038,True
9675,2048,True
9676,4228,False
9677,2056,True
9678,2060,True
9679,186,False
9680,2070,True
9681,2075,True
9682,2078,True
9683,2080,True
9684,2081,True
9685,2087,True
9686,2096,True
9687,2106,True
9688,14,False
9689,174,False
9690,2108,True
9691,2109,True
9692,2111,True
9693,299,False
9694,2125,True
9695,180,False
9696,2134,True
9697,2136,True
9698,2142,True
9699,206,False
9700,2143,True
9701,186,False
9702,2157,True
9703,2166,True
9704,2170,True
9705,2182,True
9706,92,False
9707,2186,True
9708,215,False
9709,2192,True
9710,2197,True
9711,218,False
9712,2224,True
9713,2227,True
9714,198,False
9715,2237,True
9716,102,False
9717,2266,True
9718,2270,True
9719,325,False
9720,2274,True
9721,2276,True
9722,2280,True
9723,2281,True
9724,231,False
9725,2290,True
9726,2298,True
9727,113,False
9728,2300,True
9729,2309,True
9730,2319,True
9731,337,False
9732,2320,True
9733,2337,True
9734,2347,True
9735,121,False
9736,61,False
9737,2357,True
9738,2363,True
9739,4291,False
9740,2374,True
9741,2409,True
9742,2415,True
9743,250,False
9744,2419,True
9745,2424,True
9746,2430,True
9747,2448,True
9748,2449,True
9749,2458,True
9750,2464,True
9751,2480,True
9752,2492,True
9753,2500,True
9754,2513,True
9755,238,False
9756,2519,True
9757,2535,True
9758,2538,True
9759,2543,True
9760,4312,False
9761,2560,True
9762,2565,True
9763,2566,True
9764,2569,True
9765,2573,True
9766,2575,True
9767,2576,True
9768,2584,True
9769,2588,True
9770,4322,False
9771,2591,True
9772,2593,True
9773,2595,True
9774,2596,True
9775,30,False
9776,2602,True
9777,2603,True
9778,2608,True
9779,2843,False
9780,166,False
9781,4,True
9782,19,True
9783,23,True
9784,26,True
9785,29,True
9786,31,True
9787,173,False
9788,35,True
9789,4341,False
9790,38,True
9791,45,True
9792,299,False
9793,50,True
9794,52,True
9795,276,False
9796,61,True
9797,403,False
9798,4350,False
9799,63,True
9800,64,True
9801,67,True
9802,95,True
9803,102,True
9804,190,False
9805,312,False
9806,287,False
9807,314,False
9808,112,True
9809,195,False
9810,116,True
9811,13,False
9812,118,True
9813,121,True
9814,122,True
9815,134,True
9816,139,True
9817,19,False
9818,143,True
9819,146,True
9820,148,True
9821,155,True
9822,165,True
9823,166,True
9824,173,True
9825,188,True
9826,210,True
9827,218,True
9828,222,True
9829,435,False
9830,230,True
9831,245,True
9832,313,False
9833,250,True
9834,315,False
9835,251,True
9836,252,True
9837,253,True
9838,3,False
9839,254,True
9840,257,True
9841,263,True
9842,264,True
9843,8,False
9844,287,True
9845,290,True
9846,304,True
9847,307,True
9848,308,True
9849,315,True
9850,327,True
9851,328,True
9852,330,True
9853,4405,False
9854,334,True
9855,352,True
9856,221,False
9857,337,False
9858,355,True
9859,224,False
9860,357,True
9861,368,True
9862,378,True
9863,386,True
9864,387,True
9865,372,False
9866,408,True
9867,418,True
9868,233,False
9869,420,True
9870,235,False
9871,426,True
9872,74,False
9873,427,True
9874,433,True
9875,435,True
9876,383,False
9877,437,True
9878,385,False
9879,440,True
9880,446,True
9881,4433,False
9882,455,True
9883,463,True
9884,467,True
9885,469,True
9886,473,True
9887,252,False
9888,253,False
9889,485,True
9890,255,False
9891,496,True
9892,499,True
9893,373,False
9894,503,True
9895,504,True
9896,376,False
9897,404,False
9898,517,True
9899,519,True
9900,535,True
9901,4453,False
9902,542,True
9903,543,True
9904,4456,False
9905,270,False
9906,556,True
9907,108,False
9908,570,True
9909,572,True
9910,577,True
9911,581,True
9912,584,True
9913,585,True
9914,586,True
9915,422,False
9916,394,False
9917,587,True
9918,595,True
9919,397,False
9920,427,False
9921,597,True
9922,615,True
9923,617,True
9924,627,True
9925,628,False
9926,631,True
9927,632,True
9928,635,True
9929,638,True
9930,4481,False
9931,641,True
9932,645,True
9933,646,True
9934,650,True
9935,190,False
9936,654,True
9937,4488,False
9938,656,True
9939,658,True
9940,661,True
9941,142,False
9942,667,True
9943,421,False
9944,671,True
9945,673,True
9946,674,True
9947,675,True
9948,677,True
9949,679,True
9950,151,False
9951,681,True
9952,688,True
9953,695,True
9954,319,False
9955,698,True
9956,704,True
9957,709,True
9958,435,False
9959,714,True
9960,721,True
9961,735,True
9962,737,True
9963,740,True
9964,742,True
9965,743,True
9966,3032,False
9967,754,True
9968,760,True
9969,762,True
9970,763,True
9971,764,True
9972,771,True
9973,482,False
9974,774,True
9975,3041,False
9976,780,True
9977,786,True
9978,345,False
9979,346,False
9980,790,True
9981,3047,False
9982,491,False
9983,185,False
9984,797,True
9985,810,True
9986,812,True
9987,815,True
9988,466,False
9989,816,True
9990,822,True
9991,826,True
9992,501,False
9993,5,False
9994,842,True
9995,4548,False
9996,846,True
9997,864,True
9998,365,False
9999,876,True
10000,879,True
10001,883,True
10002,887,True
10003,894,True
10004,900,True
10005,901,True
10006,905,True
10007,516,False
10008,914,True
10009,917,True
10010,211,False
10011,919,True
10012,927,True
10013,938,True
10014,939,True
10015,493,False
10016,942,True
10017,960,True
10018,985,True
10019,986,True
10020,988,True
10021,991,True
10022,996,True
10023,1000,True
10024,1023,True
10025,1034,True
10026,1038,True
10027,1051,True
10028,1056,True
10029,1060,True
10030,1062,True
10031,1068,True
10032,1069,True
10033,1073,True
10034,1078,True
10035,1082,True
10036,1084,True
10037,1087,True
10038,78,False
10039,1088,True
10040,407,False
10041,1090,True
10042,1091,True
10043,1094,True
10044,1097,True
10045,1098,True
10046,1103,True
10047,1104,True
10048,1106,True
10049,558,False
10050,1110,True
10051,1111,True
10052,1113,True
10053,3119,False
10054,1121,True
10055,1153,True
10056,256,False
10057,257,False
10058,1154,True
10059,1161,True
10060,1173,True
10061,1174,True
10062,262,False
10063,1178,True
10064,1180,True
10065,1183,True
10066,1198,True
10067,1202,True
10068,1205,True
10069,1208,True
10070,1209,True
10071,270,False
10072,1211,True
10073,1219,True
10074,1222,True
10075,1224,True
10076,1239,True
10077,1242,True
10078,554,False
10079,1245,True
10080,1251,True
10081,1255,True
10082,1260,True
10083,1270,True
10084,1274,True
10085,1277,True
10086,1278,True
10087,1281,True
10088,1306,True
10089,1307,True
10090,1313,True
10091,1314,True
10092,1334,True
10093,460,False
10094,1343,True
10095,1348,True
10096,1359,True
10097,1365,True
10098,1366,True
10099,1379,True
10100,1381,True
10101,1384,True
10102,1386,True
10103,1394,True
10104,579,False
10105,1395,True
10106,1404,True
10107,7,False
10108,1409,True
10109,1411,True
10110,1412,True
10111,1415,True
10112,1417,True
10113,1418,True
10114,1423,True
10115,1424,True
10116,1431,True
10117,484,False
10118,1433,True
10119,1447,True
10120,1451,True
10121,1460,True
10122,1465,True
10123,1469,True
10124,1470,True
10125,1493,True
10126,601,False
10127,1505,True
10128,1507,True
10129,1512,True
10130,1520,True
10131,1525,True
10132,1532,True
10133,4685,False
10134,1533,True
10135,1538,True
10136,1543,True
10137,1553,True
10138,1554,True
10139,1559,True
10140,1562,True
10141,1572,True
10142,1585,True
10143,1590,True
10144,1593,True
10145,1595,True
10146,1603,True
10147,1617,True
10148,1623,True
10149,1626,True
10150,1632,True
10151,1638,True
10152,1647,True
10153,1654,True
10154,1657,True
10155,195,False
10156,1662,True
10157,1667,True
10158,1671,True
10159,526,False
10160,1681,True
10161,1686,True
10162,1691,True
10163,1693,True
10164,1698,True
10165,1699,True
10166,1702,True
10167,1706,True
10168,1716,True
10169,1719,True
10170,1723,True
10171,1726,True
10172,647,False
10173,1755,True
10174,1769,True
10175,1776,True
10176,1785,True
10177,1792,True
10178,1796,True
10179,1804,True
10180,1806,True
10181,1814,True
10182,1829,True
10183,1831,True
10184,1846,True
10185,1847,True
10186,1848,True
10187,1867,True
10188,663,False
10189,1868,True
10190,1875,True
10191,1889,True
10192,1893,True
10193,1903,True
10194,1905,True
10195,1907,True
10196,4748,False
10197,1909,True
10198,1913,True
10199,674,False
10200,1919,True
10201,1923,True
10202,1935,True
10203,1946,True
10204,1962,True
10205,1965,True
10206,1972,True
10207,1973,True
10208,1977,True
10209,1987,True
10210,577,False
10211,2000,True
10212,4764,False
10213,2001,True
10214,4766,False
10215,2010,True
10216,2013,True
10217,692,False
10218,2024,True
10219,2027,True
10220,2030,True
10221,2034,True
10222,2035,True
10223,2040,True
10224,2047,True
10225,261,False
10226,2052,True
10227,2054,True
10228,2065,True
10229,704,False
10230,2068,True
10231,2072,True
10232,2079,True
10233,708,False
10234,709,False
10235,2080,True
10236,2085,True
10237,2089,True
10238,2099,True
10239,714,False
10240,2103,True
10241,2106,True
10242,2118,True
10243,610,False
10244,719,False
10245,2126,True
10246,2128,True
10247,2136,True
10248,2137,True
10249,2142,True
10250,2144,True
10251,2150,True
10252,2160,True
10253,2167,True
10254,2170,True
10255,2177,True
10256,2183,True
10257,2195,True
10258,2207,True
10259,2211,True
10260,2212,True
10261,2215,True
10262,2220,True
10263,2223,True
10264,2224,True
10265,2228,True
10266,2234,True
10267,2236,True
10268,2237,True
10269,2238,True
10270,2250,True
10271,2253,True
10272,2257,True
10273,640,False
10274,2262,True
10275,2263,True
10276,2274,True
10277,2285,True
10278,645,False
10279,2295,True
10280,2296,True
10281,2301,True
10282,2306,True
10283,2312,True
10284,2318,True
10285,2326,True
10286,749,False
10287,2333,True
10288,2340,True
10289,2343,True
10290,657,False
10291,2345,True
10292,2346,True
10293,2349,True
10294,2350,True
10295,2357,True
10296,2361,True
10297,664,False
10298,2374,True
10299,2381,True
10300,2382,True
10301,2384,True
10302,2386,True
10303,2391,True
10304,2397,True
10305,2402,True
10306,2404,True
10307,2406,True
10308,2408,True
10309,2409,True
10310,2416,True
10311,678,False
10312,2422,True
10313,2426,True
10314,2441,True
10315,2445,True
10316,2448,True
10317,2449,True
10318,43,False
10319,2451,True
10320,2457,True
10321,2460,True
10322,2463,True
10323,2468,True
10324,2474,True
10325,2478,True
10326,2481,True
10327,2482,True
10328,2484,True
10329,2492,True
10330,2494,True
10331,2495,True
10332,368,False
10333,2502,True
10334,2504,True
10335,2525,True
10336,2538,True
10337,2552,True
10338,2570,True
10339,64,False
10340,2572,True
10341,2578,True
10342,2582,True
10343,2591,True
10344,2593,True
10345,2594,True
10346,2596,True
10347,2605,True
10348,2608,True
10349,716,False
10350,2610,True
10351,70,False
10352,2612,True
10353,2615,True
10354,811,False
10355,812,False
10356,4,True
10357,9,True
10358,394,False
10359,13,True
10360,727,False
10361,14,True
10362,17,True
10363,82,False
10364,21,True
10365,22,True
10366,816,False
10367,49,True
10368,64,True
10369,70,True
10370,76,True
10371,78,True
10372,85,True
10373,91,True
10374,824,False
10375,94,True
10376,95,True
10377,102,True
10378,113,True
10379,114,True
10380,747,False
10381,117,True
10382,123,True
10383,131,True
10384,132,True
10385,140,True
10386,836,False
10387,423,False
10388,151,True
10389,108,False
10390,155,True
10391,157,True
10392,164,True
10393,4945,False
10394,179,True
10395,193,True
10396,115,False
10397,204,True
10398,216,True
10399,228,True
10400,850,False
10401,232,True
10402,233,True
10403,237,True
10404,239,True
10405,246,True
10406,253,True
10407,266,True
10408,25,False
10409,270,True
10410,274,True
10411,294,True
10412,296,True
10413,449,False
10414,304,True
10415,316,True
10416,322,True
10417,331,True
10418,332,True
10419,334,True
10420,787,False
10421,788,False
10422,335,True
10423,353,True
10424,356,True
10425,361,True
10426,363,True
10427,379,True
10428,381,True
10429,384,True
10430,387,True
10431,391,True
10432,49,False
10433,393,True
10434,398,True
10435,400,True
10436,402,True
10437,4989,False
10438,405,True
10439,410,True
10440,4992,False
10441,414,True
10442,419,True
10443,421,True
10444,424,True
10445,428,True
10446,430,True
10447,434,True
10448,442,True
10449,447,True
10450,457,True
10451,463,True
10452,467,True
10453,903,False
10454,470,True
10455,3360,False
10456,476,True
10457,824,False
10458,908,False
10459,483,True
10460,492,True
10461,78,False
10462,494,True
10463,80,False
10464,511,True
10465,832,False
10466,513,True
10467,517,True
10468,85,False
10469,919,False
10470,521,True
10471,522,True
10472,524,True
10473,526,True
10474,527,True
10475,534,True
10476,536,True
10477,544,True
10478,549,True
10479,550,True
10480,551,True
10481,561,True
10482,565,True
10483,567,True
10484,934,False
10485,568,True
10486,584,True
10487,588,True
10488,606,True
10489,608,True
10490,619,True
10491,621,True
10492,5044,False
10493,622,True
10494,634,True
10495,636,True
10496,946,False
10497,639,True
10498,653,True
10499,655,True
10500,659,True
10501,2,False
10502,664,True
10503,666,True
10504,674,True
10505,5057,False
10506,676,True
10507,677,True
10508,682,True
10509,545,False
10510,5062,False
10511,684,True
10512,687,True
10513,711,True
10514,550,False
10515,713,True
10516,714,True
10517,18,False
10518,720,True
10519,969,False
10520,721,True
10521,971,False
10522,727,True
10523,730,True
10524,891,False
10525,742,True
10526,744,True
10527,749,True
10528,758,True
10529,979,False
10530,761,True
10531,775,True
10532,777,True
10533,781,True
10534,806,True
10535,812,True
10536,37,False
10537,819,True
10538,826,True
10539,827,True
10540,829,True
10541,991,False
10542,844,True
10543,849,True
10544,852,True
10545,995,False
10546,855,True
10547,997,False
10548,856,True
10549,858,True
10550,862,True
10551,1001,False
10552,863,True
10553,1003,False
10554,865,True
10555,868,True
10556,923,False
10557,593,False
10558,3463,False
10559,176,False
10560,61,False
10561,871,True
10562,876,True
10563,880,True
10564,888,True
10565,891,True
10566,183,False
10567,894,True
10568,900,True
10569,903,True
10570,904,True
10571,910,True
10572,917,True
10573,919,True
10574,942,False
10575,927,True
10576,194,False
10577,928,True
10578,196,False
10579,929,True
10580,934,True
10581,937,True
10582,946,True
10583,951,True
10584,955,True
10585,18,False
10586,961,True
10587,962,True
10588,963,True
10589,964,True
10590,965,True
10591,969,True
10592,986,True
10593,211,False
10594,987,True
10595,988,True
10596,992,True
10597,1000,True
10598,31,False
10599,1002,True
10600,1051,False
10601,1003,True
10602,1005,True
10603,1011,True
10604,1013,True
10605,36,False
10606,224,False
10607,1016,True
10608,1017,True
10609,1022,True
10610,1024,True
10611,1029,True
10612,1030,True
10613,1033,True
10614,1034,True
10615,1035,True
10616,1036,True
10617,1037,True
10618,1039,True
10619,237,False
10620,1043,True
10621,1045,True
10622,1046,True
10623,1047,True
10624,1056,True
10625,1058,True
10626,994,False
10627,1061,True
10628,1079,False
10629,1063,True
10630,1069,True
10631,1086,True
10632,1087,True
10633,1088,True
10634,1089,True
10635,1094,True
10636,254,False
10637,1098,True
10638,1101,True
10639,1102,True
10640,1105,True
10641,1107,True
10642,1110,True
10643,1119,True
10644,1095,False
10645,1120,False
10646,5,False
10647,1125,True
10648,1126,True
10649,1139,True
10650,1141,True
10651,1102,False
10652,1146,True
10653,1149,True
10654,1150,True
10655,1152,True
10656,1157,True
10657,275,False
10658,1161,True
10659,1164,True
10660,1165,True
10661,1166,True
10662,1168,True
10663,1186,True
10664,1115,False
10665,1190,True
10666,1198,True
10667,26,False
10668,1200,True
10669,1202,True
10670,1204,True
10671,1211,True
10672,1215,True
10673,1219,True
10674,1231,True
10675,1232,True
10676,1233,True
10677,108,False
10678,1235,True
10679,1239,True
10680,1241,True
10681,1248,True
10682,1250,True
10683,42,False
10684,15,False
10685,1253,True
10686,1263,True
10687,1269,True
10688,1271,True
10689,1285,True
10690,21,False
10691,1289,True
10692,1292,True
10693,1293,True
10694,1303,True
10695,1311,True
10696,1312,True
10697,1317,True
10698,1318,True
10699,1324,True
10700,1332,True
10701,1336,True
10702,33,False
10703,1346,True
10704,1354,True
10705,1356,True
10706,1372,True
10707,1377,True
10708,1381,True
10709,1382,True
10710,1384,True
10711,42,False
10712,1387,True
10713,1390,True
10714,1396,True
10715,1401,True
10716,1404,True
10717,1408,True
10718,1412,True
10719,1088,False
10720,9,False
10721,53,False
10722,1419,True
10723,1420,True
10724,1423,True
10725,1428,True
10726,5281,False
10727,1432,True
10728,3636,False
10729,1436,True
10730,1438,True
10731,64,False
10732,1440,True
10733,1448,True
10734,1104,False
10735,1450,True
10736,1454,True
10737,1458,True
10738,1472,True
10739,1473,True
10740,1485,True
10741,1500,True
10742,5297,False
10743,323,False
10744,1507,True
10745,1115,False
10746,1518,True
10747,1531,True
10748,328,False
10749,1532,True
10750,1533,True
10751,1549,True
10752,1556,True
10753,5308,False
10754,1560,True
10755,1563,True
10756,89,False
10757,1573,True
10758,1576,True
10759,1577,True
10760,1593,True
10761,1598,True
10762,1602,True
10763,96,False
10764,1614,True
10765,1617,True
10766,1641,True
10767,347,False
10768,1645,True
10769,1646,True
10770,1654,True
10771,1658,True
10772,352,False
10773,1672,True
10774,135,False
10775,1675,True
10776,1678,True
10777,1147,False
10778,1692,True
10779,1693,True
10780,1699,True
10781,1704,True
10782,1719,True
10783,116,False
10784,1727,True
10785,1734,True
10786,1736,True
10787,1755,True
10788,1759,True
10789,1768,True
10790,1778,True
10791,1782,True
10792,1785,True
10793,1793,True
10794,5350,False
10795,1794,True
10796,1802,True
10797,159,False
10798,1805,True
10799,1807,True
10800,1815,True
10801,1816,True
10802,1818,True
10803,1819,True
10804,1826,True
10805,1829,True
10806,240,False
10807,1830,True
10808,1848,True
10809,1850,True
10810,21,False
10811,1857,True
10812,23,False
10813,1863,True
10814,1864,True
10815,1869,True
10816,1880,True
10817,1890,True
10818,1895,True
10819,1899,True
10820,1903,True
10821,1906,True
10822,1912,True
10823,34,False
10824,1913,True
10825,406,False
10826,1921,True
10827,408,False
10828,1926,True
10829,1937,True
10830,1943,True
10831,1945,True
10832,1947,True
10833,195,False
10834,268,False
10835,1954,True
10836,47,False
10837,1956,True
10838,1964,True
10839,1970,True
10840,1974,True
10841,1976,True
10842,1978,True
10843,1980,True
10844,206,False
10845,1993,True
10846,1995,True
10847,2002,True
10848,2009,True
10849,2014,True
10850,61,False
10851,2022,True
10852,1223,False
10853,2031,True
10854,1225,False
10855,431,False
10856,2032,True
10857,2034,True
10858,2039,True
10859,2045,True
10860,5416,False
10861,72,False
10862,5418,False
10863,2051,True
10864,2061,True
10865,227,False
10866,228,False
10867,78,False
10868,2079,True
10869,2087,True
10870,2088,True
10871,2091,True
10872,2101,True
10873,2105,True
10874,2116,True
10875,2121,True
10876,238,False
10877,2134,True
10878,2137,True
10879,455,False
10880,2140,True
10881,2142,True
10882,2144,True
10883,94,False
10884,2147,True
10885,2148,True
10886,2156,True
10887,2160,True
10888,464,False
10889,2165,True
10890,2170,True
10891,2172,True
10892,468,False
10893,2178,True
10894,2179,True
10895,2189,True
10896,2190,True
10897,1268,False
10898,2199,True
10899,1270,False
10900,2207,True
10901,2209,True
10902,2210,True
10903,114,False
10904,2223,True
10905,2224,True
10906,2227,True
10907,118,False
10908,2234,True
10909,1280,False
10910,2235,True
10911,2238,True
10912,2241,True
10913,2246,True
10914,490,False
10915,2247,True
10916,2256,True
10917,2275,True
10918,2282,True
10919,495,False
10920,282,False
10921,2283,True
10922,133,False
10923,2284,True
10924,2286,True
10925,2287,True
10926,502,False
10927,2290,True
10928,2292,True
10929,2304,True
10930,1301,False
10931,3840,False
10932,2307,True
10933,2341,True
10934,2343,True
10935,511,False
10936,2344,True
10937,2347,True
10938,2354,True
10939,2359,True
10940,2360,True
10941,2362,True
10942,304,False
10943,2363,True
10944,2366,True
10945,2367,True
10946,2380,True
10947,2382,True
10948,2383,True
10949,2391,True
10950,2394,True
10951,160,False
10952,314,False
10953,2398,True
10954,2407,True
10955,2408,True
10956,2411,True
10957,3866,False
10958,2417,True
10959,168,False
10960,2422,True
10961,2424,True
10962,2431,True
10963,2436,True
10964,2439,True
10965,2440,True
10966,2450,True
10967,2457,True
10968,330,False
10969,2467,True
10970,5526,False
10971,2470,True
10972,2476,True
10973,2477,True
10974,19,False
10975,2481,True
10976,2485,True
10977,2487,True
10978,2491,True
10979,24,False
10980,2493,True
10981,2500,True
10982,2501,True
10983,345,False
10984,2504,True
10985,2505,True
10986,2512,True
10987,196,False
10988,2515,True
10989,2517,True
10990,35,False
10991,2522,True
10992,2525,True
10993,2528,True
10994,2536,True
10995,2542,True
10996,2549,True
10997,2557,True
10998,5554,False
10999,2562,True
11000,362,False
11001,2569,True
11002,2588,True
11003,2599,True
11004,2613,True
11005,214,False
11006,51,False
11007,8,True
11008,17,True
11009,22,True
11010,26,True
11011,28,True
11012,33,True
11013,35,True
11014,63,True
11015,380,False
11016,67,True
11017,69,True
11018,2750,False
11019,72,True
11020,73,True
11021,3930,False
11022,79,True
11023,80,True
11024,2756,False
11025,82,True
11026,83,True
11027,85,True
11028,89,True
11029,102,True
11030,232,False
11031,107,True
11032,112,True
11033,114,True
11034,127,True
11035,2767,False
11036,136,True
11037,82,False
11038,2770,False
11039,404,False
11040,138,True
11041,145,True
11042,147,True
11043,154,True
11044,159,True
11045,176,True
11046,91,False
11047,177,True
11048,181,True
11049,183,True
11050,194,True
11051,113,False
11052,195,True
11053,418,False
11054,201,True
11055,257,False
11056,216,True
11057,217,True
11058,2790,False
11059,219,True
11060,220,True
11061,221,True
11062,224,True
11063,247,True
11064,259,True
11065,2797,False
11066,275,True
11067,2799,False
11068,277,True
11069,278,True
11070,279,True
11071,282,True
11072,3981,False
11073,283,True
11074,287,True
11075,437,False
11076,291,True
11077,442,False
11078,297,True
11079,301,True
11080,445,False
11081,318,True
11082,319,True
11083,330,True
11084,332,True
11085,339,True
11086,343,True
11087,345,True
11088,450,False
11089,5645,False
11090,351,True
11091,352,True
11092,137,False
11093,354,True
11094,355,True
11095,7,False
11096,356,True
11097,370,True
11098,373,True
11099,382,True
11100,19,False
11101,391,True
11102,5658,False
11103,393,True
11104,396,True
11105,470,False
11106,399,True
11107,410,True
11108,27,False
11109,412,True
11110,472,False
11111,415,True
11112,419,True
11113,421,True
11114,431,True
11115,436,True
11116,438,True
11117,479,False
11118,441,True
11119,445,True
11120,453,True
11121,457,True
11122,461,True
11123,470,True
11124,487,True
11125,488,True
11126,493,True
11127,172,False
11128,515,True
11129,491,False
11130,517,True
11131,518,True
11132,5688,False
11133,520,True
11134,499,False
11135,523,True
11136,527,True
11137,5693,False
11138,533,True
11139,534,True
11140,543,True
11141,544,True
11142,504,False
11143,554,True
11144,557,True
11145,565,True
11146,567,True
11147,512,False
11148,571,True
11149,579,True
11150,5706,False
11151,20,False
11152,581,True
11153,198,False
11154,582,True
11155,583,True
11156,25,False
11157,12,False
11158,523,False
11159,585,True
11160,586,True
11161,596,True
11162,597,True
11163,604,True
11164,612,True
11165,5721,False
11166,618,True
11167,620,True
11168,625,True
11169,632,True
11170,639,True
11171,643,True
11172,648,True
11173,28,False
11174,651,True
11175,653,True
11176,656,True
11177,91,False
11178,662,True
11179,665,True
11180,225,False
11181,676,True
11182,677,True
11183,678,True
11184,39,False
11185,680,True
11186,231,False
11187,25,False
11188,682,True
11189,683,True
11190,28,False
11191,687,True
11192,699,True
11193,702,True
11194,4103,False
11195,711,True
11196,716,True
11197,719,True
11198,721,True
11199,727,True
11200,737,True
11201,738,True
11202,564,False
11203,744,True
11204,752,True
11205,43,False
11206,753,True
11207,758,True
11208,764,True
11209,78,False
11210,773,True
11211,775,True
11212,81,False
11213,578,False
11214,783,True
11215,785,True
11216,786,True
11217,86,False
11218,583,False
11219,791,True
11220,58,False
11221,802,True
11222,814,True
11223,839,True
11224,589,False
11225,842,True
11226,843,True
11227,846,True
11228,858,True
11229,67,False
11230,869,True
11231,870,True
11232,873,True
11233,874,True
11234,887,True
11235,892,True
11236,897,True
11237,899,True
11238,76,False
11239,907,True
11240,5796,False
11241,910,True
11242,80,False
11243,916,True
11244,82,False
11245,917,True
11246,926,True
11247,931,True
11248,933,True
11249,946,True
11250,957,True
11251,616,False
11252,959,True
11253,970,True
11254,976,True
11255,988,True
11256,9,False
11257,992,True
11258,96,False
11259,993,True
11260,1010,True
11261,1020,True
11262,1030,True
11263,1031,True
11264,102,False
11265,1035,True
11266,1043,True
11267,105,False
11268,106,False
11269,1046,True
11270,632,False
11271,1058,True
11272,1064,True
11273,1069,True
11274,1077,True
11275,637,False
11276,1082,True
11277,1085,True
11278,31,False
11279,644,False
11280,1098,True
11281,1102,True
11282,1103,True
11283,1112,True
11284,1114,True
11285,1118,True
11286,1125,True
11287,1127,True
11288,1129,True
11289,1133,True
11290,1134,True
11291,1136,True
11292,1137,True
11293,1142,True
11294,1150,True
11295,1155,True
11296,1159,True
11297,1166,True
11298,1173,True
11299,137,False
11300,138,False
11301,1190,True
11302,1192,True
11303,1198,True
11304,1199,True
11305,58,False
11306,1201,True
11307,1202,True
11308,1209,True
11309,1212,True
11310,27,False
11311,149,False
11312,1216,True
11313,1227,True
11314,1240,True
11315,1243,True
11316,1248,True
11317,70,False
11318,1273,True
11319,1284,True
11320,5876,False
11321,1291,True
11322,1292,True
11323,1295,True
11324,1306,True
11325,163,False
11326,1318,True
11327,1323,True
11328,1324,True
11329,4238,False
11330,1325,True
11331,1328,True
11332,1332,True
11333,1333,True
11334,1335,True
11335,1340,True
11336,1342,True
11337,54,False
11338,1346,True
11339,1352,True
11340,1354,True
11341,1369,True
11342,1371,True
11343,1376,True
11344,1377,True
11345,1379,True
11346,63,False
11347,1387,True
11348,1402,True
11349,1420,True
11350,1429,True
11351,1430,True
11352,190,False
11353,1446,True
11354,1454,True
11355,1455,True
11356,1462,True
11357,1465,True
11358,1470,True
11359,52,False
11360,1473,True
11361,1474,True
11362,1489,True
11363,1511,True
11364,109,False
11365,1526,True
11366,111,False
11367,1535,True
11368,206,False
11369,1538,True
11370,63,False
11371,88,False
11372,1547,True
11373,1550,True
11374,1554,True
11375,1565,True
11376,214,False
11377,1566,True
11378,216,False
11379,1568,True
11380,125,False
11381,1577,True
11382,75,False
11383,1579,True
11384,77,False
11385,5941,False
11386,1589,True
11387,1593,True
11388,1597,True
11389,1603,True
11390,83,False
11391,1611,True
11392,5948,False
11393,1612,True
11394,1626,True
11395,1633,True
11396,1634,True
11397,91,False
11398,304,False
11399,1637,True
11400,1646,True
11401,1649,True
11402,1650,True
11403,1657,True
11404,753,False
11405,1659,True
11406,124,False
11407,1662,True
11408,1676,True
11409,1678,True
11410,761,False
11411,158,False
11412,108,False
11413,1690,True
11414,1692,True
11415,1710,True
11416,4328,False
11417,1721,True
11418,1724,True
11419,1726,True
11420,1728,True
11421,1731,True
11422,1737,True
11423,1740,True
11424,1744,True
11425,1752,True
11426,1758,True
11427,779,False
11428,1769,True
11429,1771,True
11430,1778,True
11431,1779,True
11432,129,False
11433,1786,True
11434,1792,True
11435,1814,True
11436,1815,True
11437,789,False
11438,159,False
11439,187,False
11440,1825,True
11441,1826,True
11442,282,False
11443,795,False
11444,1832,True
11445,1835,True
11446,1841,True
11447,1846,True
11448,1849,True
11449,1858,True
11450,1860,True
11451,1867,True
11452,149,False
11453,1886,True
11454,1898,True
11455,1899,True
11456,1909,True
11457,1926,True
11458,1928,True
11459,1930,True
11460,1937,True
11461,208,False
11462,1939,True
11463,1952,True
11464,816,False
11465,1953,True
11466,4379,False
11467,1955,True
11468,1966,True
11469,166,False
11470,1967,True
11471,1970,True
11472,1975,True
11473,1979,True
11474,1984,True
11475,315,False
11476,1986,True
11477,1994,True
11478,318,False
11479,1995,True
11480,1997,True
11481,1999,True
11482,228,False
11483,2009,True
11484,324,False
11485,2010,True
11486,2013,True
11487,184,False
11488,2019,True
11489,186,False
11490,2026,True
11491,2030,True
11492,332,False
11493,2054,True
11494,2076,True
11495,2083,True
11496,2098,True
11497,2104,True
11498,2110,True
11499,196,False
11500,340,False
11501,853,False
11502,2112,True
11503,2115,True
11504,4417,False
11505,2130,True
11506,2134,True
11507,2142,True
11508,2147,True
11509,2151,True
11510,2155,True
11511,351,False
11512,2160,True
11513,2167,True
11514,2177,True
11515,2181,True
11516,2185,True
11517,6078,False
11518,2187,True
11519,2196,True
11520,6081,False
11521,219,False
11522,2204,True
11523,269,False
11524,2216,True
11525,2227,True
11526,2230,True
11527,225,False
11528,2233,True
11529,2236,True
11530,276,False
11531,2244,True
11532,2250,True
11533,2251,True
11534,2256,True
11535,2264,True
11536,2273,True
11537,2295,True
11538,2297,True
11539,2304,True
11540,2306,True
11541,2312,True
11542,2314,True
11543,384,False
11544,2322,True
11545,386,False
11546,2338,True
11547,245,False
11548,2339,True
11549,2345,True
11550,2352,True
11551,2361,True
11552,10,False
11553,2375,True
11554,2376,True
11555,908,False
11556,2383,True
11557,2385,True
11558,2391,True
11559,2392,True
11560,2396,True
11561,306,False
11562,2401,True
11563,2413,True
11564,2416,True
11565,2417,True
11566,2424,True
11567,2429,True
11568,26,False
11569,2434,True
11570,411,False
11571,2435,True
11572,2438,True
11573,2447,True
11574,415,False
11575,319,False
11576,2455,True
11577,2463,True
11578,2473,True
11579,277,False
11580,38,False
11581,2477,True
11582,2481,True
11583,41,False
11584,937,False
11585,2486,True
11586,2501,True
11587,2510,True
11588,2516,True
11589,2532,True
11590,2533,True
11591,2535,True
11592,2539,True
11593,2540,True
11594,293,False
11595,2541,True
11596,2542,True
11597,2544,True
11598,2546,True
11599,2547,True
11600,2549,True
11601,2553,True
11602,6164,False
11603,2556,True
11604,2561,True
11605,447,False
11606,448,False
11607,2566,True
11608,2567,True
11609,2577,True
11610,309,False
11611,2580,True
11612,71,False
11613,2582,True
11614,313,False
11615,2583,True
11616,458,False
11617,2587,True
11618,2588,True
11619,461,False
11620,2598,True
11621,362,False
11622,363,False
11623,2613,True
11624,109,False
11625,2614,True
11626,468,False
11627,469,False
11628,3,True
11629,9,True
11630,10,True
11631,11,True
11632,373,False
11633,24,True
11634,29,True
11635,36,True
11636,43,True
11637,479,False
11638,49,True
11639,379,False
11640,52,True
11641,61,True
11642,484,False
11643,64,True
11644,70,True
11645,75,True
11646,80,True
11647,93,True
11648,111,True
11649,114,True
11650,492,False
11651,118,True
11652,123,True
11653,125,True
11654,130,True
11655,132,True
11656,139,True
11657,1011,False
11658,357,False
11659,141,True
11660,142,True
11661,157,True
11662,165,True
11663,177,True
11664,180,True
11665,184,True
11666,189,True
11667,191,True
11668,197,True
11669,369,False
11670,6232,False
11671,200,True
11672,372,False
11673,201,True
11674,45,False
11675,203,True
11676,204,True
11677,1032,False
11678,206,True
11679,522,False
11680,213,True
11681,524,False
11682,224,True
11683,231,True
11684,144,False
11685,237,True
11686,6,False
11687,242,True
11688,531,False
11689,251,True
11690,4602,False
11691,252,True
11692,260,True
11693,272,True
11694,273,True
11695,279,True
11696,281,True
11697,282,True
11698,283,True
11699,8,False
11700,286,True
11701,293,True
11702,296,True
11703,307,True
11704,310,True
11705,272,False
11706,312,True
11707,313,True
11708,315,True
11709,316,True
11710,170,False
11711,332,True
11712,333,True
11713,334,True
11714,339,True
11715,340,True
11716,87,False
11717,26,False
11718,342,True
11719,348,True
11720,349,True
11721,351,True
11722,460,False
11723,377,True
11724,380,True
11725,292,False
11726,35,False
11727,381,True
11728,99,False
11729,385,True
11730,468,False
11731,387,True
11732,395,True
11733,398,True
11734,399,True
11735,405,True
11736,412,True
11737,57,False
11738,198,False
11739,59,False
11740,60,False
11741,419,True
11742,431,True
11743,434,True
11744,435,True
11745,436,True
11746,450,True
11747,207,False
11748,461,True
11749,6311,False
11750,473,True
11751,132,False
11752,488,False
11753,485,True
11754,495,True
11755,126,False
11756,499,True
11757,501,True
11758,505,True
11759,79,False
11760,510,True
11761,514,True
11762,528,True
11763,499,False
11764,533,True
11765,554,True
11766,558,True
11767,559,True
11768,88,False
11769,574,True
11770,507,False
11771,597,True
11772,82,False
11773,610,True
11774,611,True
11775,619,True
11776,86,False
11777,621,True
11778,633,True
11779,100,False
11780,637,True
11781,638,True
11782,643,True
11783,645,True
11784,660,True
11785,95,False
11786,666,True
11787,667,True
11788,669,True
11789,670,True
11790,671,True
11791,525,False
11792,102,False
11793,688,True
11794,692,True
11795,699,True
11796,702,True
11797,715,True
11798,108,False
11799,716,True
11800,717,True
11801,369,False
11802,718,True
11803,113,False
11804,114,False
11805,720,True
11806,723,True
11807,117,False
11808,731,True
11809,732,True
11810,733,True
11811,737,True
11812,738,True
11813,739,True
11814,741,True
11815,744,True
11816,753,True
11817,769,True
11818,128,False
11819,4669,False
11820,777,True
11821,782,True
11822,785,True
11823,790,True
11824,791,True
11825,800,True
11826,803,True
11827,807,True
11828,6391,False
11829,812,True
11830,853,True
11831,867,True
11832,875,True
11833,879,True
11834,888,True
11835,4685,False
11836,902,True
11837,913,True
11838,4688,False
11839,916,True
11840,207,False
11841,223,False
11842,926,True
11843,932,True
11844,939,True
11845,941,True
11846,943,True
11847,157,False
11848,945,True
11849,159,False
11850,963,True
11851,968,True
11852,972,True
11853,974,True
11854,989,True
11855,994,True
11856,1003,True
11857,1004,True
11858,1010,True
11859,169,False
11860,7,False
11861,1021,True
11862,1025,True
11863,1040,True
11864,1041,True
11865,1045,True
11866,327,False
11867,1046,True
11868,1048,True
11869,1065,True
11870,1077,True
11871,1085,True
11872,239,False
11873,1091,True
11874,1104,True
11875,1111,True
11876,6439,False
11877,22,False
11878,1116,True
11879,1120,True
11880,190,False
11881,1127,True
11882,249,False
11883,1128,True
11884,1136,True
11885,195,False
11886,268,False
11887,1154,True
11888,1163,True
11889,1170,True
11890,257,False
11891,273,False
11892,1174,True
11893,1175,True
11894,1177,True
11895,1183,True
11896,6459,False
11897,207,False
11898,1187,True
11899,1188,True
11900,1190,True
11901,1203,True
11902,284,False
11903,1215,True
11904,6467,False
11905,1224,True
11906,1237,True
11907,217,False
11908,1242,True
11909,1245,True
11910,1262,True
11911,221,False
11912,1265,True
11913,1281,True
11914,1288,True
11915,1294,True
11916,1297,True
11917,1303,True
11918,1315,True
11919,229,False
11920,1333,True
11921,53,False
11922,4772,False
11923,1334,True
11924,1335,True
11925,1338,True
11926,236,False
11927,1339,True
11928,36,False
11929,1342,True
11930,1348,True
11931,1351,True
11932,1354,True
11933,1355,True
11934,1356,True
11935,6498,False
11936,1374,True
11937,247,False
11938,1380,True
11939,1386,True
11940,1391,True
11941,1392,True
11942,1394,True
11943,1395,True
11944,1396,True
11945,1397,True
11946,1399,True
11947,1400,True
11948,330,False
11949,1408,True
11950,1417,True
11951,1422,True
11952,1426,True
11953,1431,True
11954,1450,True
11955,1457,True
11956,64,False
11957,1460,True
11958,1474,True
11959,1475,True
11960,1477,True
11961,1484,True
11962,1491,True
11963,1495,True
11964,7,False
11965,81,False
11966,9,False
11967,349,False
11968,1,True
11969,5,True
11970,13,True
11971,15,True
11972,25,True
11973,28,True
11974,29,True
11975,91,False
11976,358,False
11977,44,True
11978,47,True
11979,48,True
11980,56,True
11981,82,True
11982,86,True
11983,6,False
11984,93,True
11985,105,True
11986,134,True
11987,369,False
11988,154,True
11989,156,True
11990,162,True
11991,165,True
11992,108,False
11993,166,True
11994,171,True
11995,185,True
11996,188,True
11997,196,True
11998,200,True
11999,6562,False
12000,219,True
12001,117,False
12002,220,True
12003,232,True
12004,235,True
12005,48,False
12006,245,True
12007,248,True
12008,124,False
12009,249,True
12010,33,False
12011,254,True
12012,255,True
12013,258,True
12014,260,True
12015,261,True
12016,43,False
12017,269,True
12018,271,True
12019,284,True
12020,287,True
12021,291,True
12022,293,True
12023,294,True
12024,6585,False
12025,141,False
12026,305,True
12027,307,True
12028,51,False
12029,310,True
12030,57,False
12031,313,True
12032,6593,False
12033,6594,False
12034,323,True
12035,326,True
12036,418,False
12037,335,True
12038,349,True
12039,354,True
12040,367,True
12041,378,True
12042,380,True
12043,394,True
12044,396,True
12045,403,True
12046,408,True
12047,409,True
12048,6609,False
12049,410,True
12050,429,True
12051,431,True
12052,432,True
12053,433,True
12054,436,True
12055,443,True
12056,451,True
12057,460,True
12058,466,True
12059,52,False
12060,469,True
12061,472,True
12062,475,True
12063,495,True
12064,57,False
12065,511,True
12066,89,False
12067,517,True
12068,519,True
12069,530,True
12070,537,True
12071,543,True
12072,187,False
12073,545,True
12074,551,True
12075,556,True
12076,558,True
12077,563,True
12078,569,True
12079,570,True
12080,580,True
12081,587,True
12082,592,True
12083,198,False
12084,76,False
12085,594,True
12086,603,True
12087,604,True
12088,609,True
12089,616,True
12090,622,True
12091,206,False
12092,625,True
12093,628,True
12094,629,True
12095,631,True
12096,89,False
12097,634,True
12098,480,False
12099,641,True
12100,643,True
12101,656,True
12102,668,True
12103,677,True
12104,680,True
12105,681,True
12106,6667,False
12107,687,True
12108,699,True
12109,701,True
12110,225,False
12111,703,True
12112,704,True
12113,708,True
12114,12,False
12115,713,True
12116,716,True
12117,721,True
12118,722,True
12119,726,True
12120,502,False
12121,731,True
12122,734,True
12123,21,False
12124,746,True
12125,749,True
12126,754,True
12127,25,False
12128,756,True
12129,758,True
12130,123,False
12131,759,True
12132,761,True
12133,764,True
12134,774,True
12135,775,True
12136,776,True
12137,780,True
12138,36,False
12139,794,True
12140,32,False
12141,805,True
12142,808,True
12143,35,False
12144,811,True
12145,138,False
12146,819,True
12147,841,True
12148,846,True
12149,264,False
12150,854,True
12151,858,True
12152,859,True
12153,268,False
12154,868,True
12155,872,True
12156,876,True
12157,879,True
12158,56,False
12159,880,True
12160,886,True
12161,53,False
12162,887,True
12163,889,True
12164,62,False
12165,897,True
12166,6727,False
12167,907,True
12168,160,False
12169,911,True
12170,62,False
12171,919,True
12172,922,True
12173,924,True
12174,931,True
12175,944,True
12176,74,False
12177,945,True
12178,949,True
12179,954,True
12180,955,True
12181,962,True
12182,174,False
12183,968,True
12184,987,True
12185,83,False
12186,178,False
12187,989,True
12188,303,False
12189,990,True
12190,82,False
12191,573,False
12192,998,True
12193,308,False
12194,1000,True
12195,1013,True
12196,1019,True
12197,1021,True
12198,90,False
12199,1029,True
12200,1032,True
12201,6762,False
12202,1035,True
12203,1039,True
12204,1045,True
12205,1051,True
12206,98,False
12207,1053,True
12208,1082,True
12209,1098,True
12210,1115,True
12211,1116,True
12212,1120,True
12213,328,False
12214,1123,True
12215,1124,True
12216,1130,True
12217,1131,True
12218,211,False
12219,1142,True
12220,1145,True
12221,1158,True
12222,1162,True
12223,1164,True
12224,1166,True
12225,1169,True
12226,1171,True
12227,1173,True
12228,1175,True
12229,1184,True
12230,1187,True
12231,1189,True
12232,1190,True
12233,225,False
12234,227,False
12235,1193,True
12236,351,False
12237,1198,True
12238,1200,True
12239,18,False
12240,1211,True
12241,234,False
12242,1215,True
12243,1216,True
12244,1219,True
12245,1221,True
12246,1223,True
12247,1226,True
12248,1237,True
12249,242,False
12250,1243,True
12251,1245,True
12252,41,False
12253,1248,True
12254,1252,True
12255,370,False
12256,1267,True
12257,1268,True
12258,1274,True
12259,1282,True
12260,1287,True
12261,1289,True
12262,1290,True
12263,1291,True
12264,1295,True
12265,257,False
12266,1302,True
12267,1305,True
12268,1307,True
12269,1312,True
12270,5093,False
12271,1317,True
12272,1321,True
12273,265,False
12274,1329,True
12275,267,False
12276,1339,True
12277,1348,True
12278,392,False
12279,1356,True
12280,1366,True
12281,1372,True
12282,396,False
12283,1380,True
12284,63,False
12285,1387,True
12286,1392,True
12287,1412,True
12288,402,False
12289,1424,True
12290,1428,True
12291,1435,True
12292,1436,True
12293,1437,True
12294,1438,True
12295,1453,True
12296,1454,True
12297,1467,True
12298,1471,True
12299,291,False
12300,1474,True
12301,1478,True
12302,1481,True
12303,1486,True
12304,1492,True
12305,1498,True
12306,1504,True
12307,1507,True
12308,1515,True
12309,1521,True
12310,1525,True
12311,197,False
12312,1531,True
12313,1541,True
12314,200,False
12315,1545,True
12316,311,False
12317,1547,True
12318,1568,True
12319,1578,True
12320,1588,True
12321,1611,True
12322,1612,True
12323,317,False
12324,1613,True
12325,1615,True
12326,1634,True
12327,1636,True
12328,1654,True
12329,1659,True
12330,5155,False
12331,1660,True
12332,1670,True
12333,328,False
12334,31,False
12335,223,False
12336,1676,True
12337,1680,True
12338,1687,True
12339,333,False
12340,334,False
12341,1692,True
12342,11,False
12343,6906,False
12344,1697,True
12345,1706,True
12346,1711,True
12347,1715,True
12348,1716,True
12349,343,False
12350,1719,True
12351,1720,True
12352,1721,True
12353,1773,True
12354,1778,True
12355,1779,True
12356,1780,True
12357,1786,True
12358,1787,True
12359,1791,True
12360,1799,True
12361,1800,True
12362,5187,False
12363,1802,True
12364,5189,False
12365,1811,True
12366,1813,True
12367,1828,True
12368,1829,True
12369,1838,True
12370,1840,True
12371,1843,True
12372,1855,True
12373,1856,True
12374,1862,True
12375,1866,True
12376,1869,True
12377,1874,True
12378,1883,True
12379,1893,True
12380,1927,True
12381,1936,True
12382,1945,True
12383,1949,True
12384,1967,True
12385,350,False
12386,1969,True
12387,1988,True
12388,2001,True
12389,2002,True
12390,2014,True
12391,2032,True
12392,11,False
12393,2035,True
12394,2045,True
12395,2057,True
12396,2065,True
12397,2067,True
12398,2074,True
12399,2078,True
12400,2081,True
12401,7,False
12402,2089,True
12403,2093,True
12404,6967,False
12405,2098,True
12406,2102,True
12407,6970,False
12408,2107,True
12409,2108,True
12410,2109,True
12411,3,False
12412,2117,True
12413,2139,True
12414,2142,True
12415,2153,True
12416,2154,True
12417,2155,True
12418,17,False
12419,2162,True
12420,2175,True
12421,2181,True
12422,2182,True
12423,2183,True
12424,2196,True
12425,2209,True
12426,25,False
12427,2210,True
12428,2214,True
12429,2216,True
12430,36,False
12431,2222,True
12432,38,False
12433,2241,True
12434,33,False
12435,2243,True
12436,2253,True
12437,134,False
12438,2259,True
12439,2266,True
12440,2270,True
12441,40,False
12442,2276,True
12443,2278,True
12444,2281,True
12445,2283,True
12446,2284,True
12447,5272,False
12448,2287,True
12449,2289,True
12450,5,False
12451,2290,True
12452,2291,True
12453,52,False
12454,2293,True
12455,2295,True
12456,62,False
12457,2298,True
12458,2313,True
12459,125,False
12460,2323,True
12461,60,False
12462,2324,True
12463,428,False
12464,2325,True
12465,2326,True
12466,2327,True
12467,2329,True
12468,7031,False
12469,2335,True
12470,76,False
12471,2343,True
12472,2352,True
12473,2367,True
12474,139,False
12475,2373,True
12476,2376,True
12477,2377,True
12478,84,False
12479,2385,True
12480,2387,True
12481,2397,True
12482,51,False
12483,2398,True
12484,83,False
12485,2403,True
12486,2404,True
12487,2417,True
12488,2423,True
12489,2429,True
12490,2432,True
12491,2433,True
12492,2452,True
12493,62,False
12494,5319,False
12495,64,False
12496,2460,True
12497,2464,True
12498,2466,True
12499,98,False
12500,2478,True
12501,2496,True
12502,108,False
12503,5328,False
12504,2499,True
12505,2502,True
12506,112,False
12507,2504,True
12508,173,False
12509,2511,True
12510,2522,True
12511,2533,True
12512,118,False
12513,2535,True
12514,2545,True
12515,5340,False
12516,2560,True
12517,2561,True
12518,2569,True
12519,2570,True
12520,89,False
12521,2572,True
12522,187,False
12523,2575,True
12524,2576,True
12525,5350,False
12526,2581,True
12527,133,False
12528,134,False
12529,2,True
12530,3,True
12531,9,True
12532,138,False
12533,11,True
12534,15,True
12535,16,True
12536,33,True
12537,7100,False
12538,36,True
12539,204,False
12540,37,True
12541,40,True
12542,207,False
12543,44,True
12544,45,True
12545,210,False
12546,58,True
12547,71,True
12548,72,True
12549,78,True
12550,81,True
12551,216,False
12552,85,True
12553,518,False
12554,86,True
12555,88,True
12556,155,False
12557,98,True
12558,100,True
12559,109,True
12560,115,True
12561,33,False
12562,116,True
12563,162,False
12564,118,True
12565,121,True
12566,125,True
12567,128,True
12568,137,False
12569,130,True
12570,138,True
12571,147,True
12572,148,True
12573,157,True
12574,166,True
12575,172,True
12576,183,True
12577,186,True
12578,78,False
12579,188,True
12580,191,True
12581,7144,False
12582,195,True
12583,201,True
12584,203,True
12585,204,True
12586,210,True
12587,218,True
12588,7151,False
12589,223,True
12590,224,True
12591,236,True
12592,248,True
12593,162,False
12594,259,True
12595,266,True
12596,277,True
12597,282,True
12598,285,True
12599,299,True
12600,304,True
12601,307,True
12602,315,True
12603,318,True
12604,326,True
12605,333,True
12606,342,True
12607,348,True
12608,372,True
12609,380,True
12610,383,True
12611,385,True
12612,387,True
12613,392,True
12614,188,False
12615,184,False
12616,393,True
12617,395,True
12618,283,False
12619,398,True
12620,400,True
12621,409,True
12622,420,True
12623,425,True
12624,7187,False
12625,290,False
12626,428,True
12627,5452,False
12628,429,True
12629,198,False
12630,199,False
12631,435,True
12632,440,True
12633,441,True
12634,451,True
12635,460,True
12636,205,False
12637,302,False
12638,484,True
12639,304,False
12640,605,False
12641,5466,False
12642,485,True
12643,212,False
12644,502,True
12645,7208,False
12646,215,False
12647,513,True
12648,515,True
12649,522,True
12650,523,True
12651,527,True
12652,529,True
12653,318,False
12654,538,True
12655,539,True
12656,543,True
12657,549,True
12658,323,False
12659,624,False
12660,556,True
12661,557,True
12662,4,False
12663,579,True
12664,593,True
12665,330,False
12666,610,True
12667,612,True
12668,613,True
12669,634,False
12670,620,True
12671,245,False
12672,622,True
12673,247,False
12674,623,True
12675,629,True
12676,635,True
12677,646,True
12678,651,True
12679,653,True
12680,5506,False
12681,655,True
12682,658,True
12683,661,True
12684,668,True
12685,671,True
12686,672,True
12687,678,True
12688,263,False
12689,7253,False
12690,680,True
12691,357,False
12692,682,True
12693,694,True
12694,360,False
12695,700,True
12696,701,True
12697,709,True
12698,364,False
12699,720,True
12700,722,True
12701,724,True
12702,731,True
12703,732,True
12704,736,True
12705,747,True
12706,752,True
12707,754,True
12708,759,True
12709,375,False
12710,769,True
12711,773,True
12712,5,False
12713,379,False
12714,775,True
12715,784,True
12716,382,False
12717,786,True
12718,796,True
12719,797,True
12720,386,False
12721,802,True
12722,812,True
12723,16,False
12724,815,True
12725,819,True
12726,827,True
12727,828,True
12728,303,False
12729,299,False
12730,843,True
12731,850,True
12732,857,True
12733,399,False
12734,875,True
12735,401,False
12736,890,True
12737,403,False
12738,896,True
12739,897,True
12740,906,True
12741,407,False
12742,916,True
12743,919,True
12744,920,True
12745,922,True
12746,927,True
12747,317,False
12748,930,True
12749,319,False
12750,931,True
12751,417,False
12752,939,True
12753,719,False
12754,420,False
12755,941,True
12756,950,True
12757,958,True
12758,959,True
12759,970,True
12760,426,False
12761,336,False
12762,973,True
12763,975,True
12764,7328,False
12765,985,True
12766,987,True
12767,992,True
12768,343,False
12769,994,True
12770,436,False
12771,1005,True
12772,342,False
12773,1008,True
12774,1011,True
12775,345,False
12776,1019,True
12777,1028,True
12778,1029,True
12779,7343,False
12780,1036,True
12781,1040,True
12782,1041,True
12783,1042,True
12784,1052,True
12785,1056,True
12786,1060,True
12787,1067,True
12788,1080,True
12789,1084,True
12790,5616,False
12791,1086,True
12792,1097,True
12793,1099,True
12794,1100,True
12795,1101,True
12796,1104,True
12797,1117,True
12798,1119,True
12799,1120,True
12800,1123,True
12801,371,False
12802,57,False
12803,1124,True
12804,1126,True
12805,1131,True
12806,380,False
12807,1134,True
12808,1138,True
12809,1144,True
12810,1145,True
12811,1148,True
12812,382,False
12813,1150,True
12814,480,False
12815,1152,True
12816,386,False
12817,1157,True
12818,1158,True
12819,1184,True
12820,77,False
12821,1185,True
12822,1194,True
12823,1199,True
12824,79,False
12825,82,False
12826,1212,True
12827,1215,True
12828,1223,True
12829,1226,True
12830,1233,True
12831,1242,True
12832,1259,True
12833,14,False
12834,1266,True
12835,1274,True
12836,17,False
12837,338,False
12838,1287,True
12839,1300,True
12840,1327,True
12841,7405,False
12842,1339,True
12843,7407,False
12844,99,False
12845,1344,True
12846,1345,True
12847,1360,True
12848,1367,True
12849,21,False
12850,1369,True
12851,1375,True
12852,1376,True
12853,1378,True
12854,1388,True
12855,425,False
12856,1390,True
12857,431,False
12858,1396,True
12859,1399,True
12860,1404,True
12861,1413,True
12862,1415,True
12863,1420,True
12864,36,False
12865,1423,True
12866,1427,True
12867,1428,True
12868,1431,True
12869,1438,True
12870,1442,True
12871,1444,True
12872,1449,True
12873,1454,True
12874,128,False
12875,445,False
12876,7437,False
12877,1458,True
12878,1474,True
12879,130,False
12880,451,False
12881,1475,True
12882,453,False
12883,1477,True
12884,1484,True
12885,1489,True
12886,1497,True
12887,59,False
12888,1499,True
12889,7450,False
12890,1500,True
12891,1501,True
12892,1505,True
12893,1506,True
12894,1516,True
12895,1521,True
12896,1527,True
12897,1532,True
12898,1533,True
12899,1537,True
12900,1539,True
12901,1540,True
12902,472,False
12903,1559,True
12904,1568,True
12905,475,False
12906,157,False
12907,477,False
12908,1569,True
12909,1586,True
12910,1588,True
12911,1590,True
12912,1593,True
12913,85,False
12914,168,False
12915,1594,True
12916,1599,True
12917,15,False
12918,1601,True
12919,17,False
12920,1613,True
12921,93,False
12922,1617,True
12923,1619,True
12924,96,False
12925,1626,True
12926,1628,True
12927,99,False
12928,1629,True
12929,1630,True
12930,1631,True
12931,1633,True
12932,1638,True
12933,1641,True
12934,15,False
12935,1645,True
12936,1646,True
12937,1653,True
12938,1656,True
12939,20,False
12940,1659,True
12941,18,False
12942,512,False
12943,1661,True
12944,1665,True
12945,1672,True
12946,1675,True
12947,1687,True
12948,1693,True
12949,1697,True
12950,1718,True
12951,1724,True
12952,1736,True
12953,1739,True
12954,1748,True
12955,525,False
12956,1753,True
12957,1759,True
12958,1760,True
12959,40,False
12960,132,False
12961,923,False
12962,1762,True
12963,533,False
12964,1765,True
12965,1775,True
12966,1784,True
12967,929,False
12968,930,False
12969,1793,True
12970,1802,True
12971,222,False
12972,1809,True
12973,1825,True
12974,55,False
12975,1826,True
12976,57,False
12977,52,False
12978,229,False
12979,1837,True
12980,152,False
12981,1838,True
12982,944,False
12983,7544,False
12984,1855,True
12985,1871,True
12986,68,False
12987,1876,True
12988,1878,True
12989,560,False
12990,1887,True
12991,1889,True
12992,563,False
12993,1893,True
12994,1895,True
12995,71,False
12996,1900,True
12997,1907,True
12998,1909,True
12999,1912,True
13000,1923,True
13001,1930,True
13002,1933,True
13003,255,False
13004,1938,True
13005,87,False
13006,261,False
13007,1940,True
13008,181,False
13009,1942,True
13010,1952,True
13011,1956,True
13012,1961,True
13013,1966,True
13014,1968,True
13015,267,False
13016,1969,True
13017,1978,True
13018,1980,True
13019,1984,True
13020,2006,True
13021,2007,True
13022,2011,True
13023,2015,True
13024,2019,True
13025,2020,True
13026,2033,True
13027,279,False
13028,2042,True
13029,600,False
13030,2045,True
13031,2049,True
13032,2053,True
13033,2056,True
13034,289,False
13035,2057,True
13036,2074,True
13037,2076,True
13038,2085,True
13039,2095,True
13040,122,False
13041,123,False
13042,2115,True
13043,2116,True
13044,2117,True
13045,2128,True
13046,8,False
13047,2134,True
13048,2142,True
13049,2144,True
13050,2146,True
13051,2152,True
13052,2154,True
13053,309,False
13054,2159,True
13055,7617,False
13056,2162,True
13057,2166,True
13058,141,False
13059,2172,True
13060,313,False
13061,2173,True
13062,634,False
13063,2189,True
13064,320,False
13065,10,False
13066,2196,True
13067,2201,True
13068,2205,True
13069,2207,True
13070,2215,True
13071,2216,True
13072,2218,True
13073,156,False
13074,2229,True
13075,2238,True
13076,2243,True
13077,142,False
13078,2244,True
13079,335,False
13080,2250,True
13081,164,False
13082,2251,True
13083,2257,True
13084,2268,True
13085,2284,True
13086,2292,True
13087,2310,True
13088,2315,True
13089,154,False
13090,2317,True
13091,2326,True
13092,2331,True
13093,346,False
13094,2332,True
13095,2335,True
13096,2338,True
13097,2345,True
13098,2362,True
13099,2368,True
13100,2370,True
13101,2371,True
13102,17,False
13103,168,False
13104,19,False
13105,2373,True
13106,2376,True
13107,2377,True
13108,2379,True
13109,2387,True
13110,2395,True
13111,2396,True
13112,2397,True
13113,2402,True
13114,2404,True
13115,78,False
13116,2415,True
13117,370,False
13118,2434,True
13119,2440,True
13120,2441,True
13121,2449,True
13122,2450,True
13123,86,False
13124,2456,True
13125,2459,True
13126,2465,True
13127,2472,True
13128,381,False
13129,2477,True
13130,702,False
13131,47,False
13132,2479,True
13133,49,False
13134,2480,True
13135,707,False
13136,708,False
13137,188,False
13138,2519,True
13139,2520,True
13140,2523,True
13141,2528,True
13142,2534,True
13143,194,False
13144,2538,True
13145,108,False
13146,109,False
13147,719,False
13148,199,False
13149,2555,True
13150,113,False
13151,2557,True
13152,2567,True
13153,2568,True
13154,2571,True
13155,2572,True
13156,2573,True
13157,2587,True
13158,74,False
13159,75,False
13160,2597,True
13161,2599,True
13162,77,False
13163,2605,True
13164,417,False
13165,2609,True
13166,18,True
13167,423,False
13168,29,True
13169,35,True
13170,426,False
13171,36,True
13172,41,True
13173,44,True
13174,49,True
13175,51,True
13176,52,True
13177,63,True
13178,65,True
13179,97,False
13180,66,True
13181,440,False
13182,757,False
13183,71,True
13184,73,True
13185,76,True
13186,104,False
13187,81,True
13188,100,True
13189,107,False
13190,116,True
13191,7703,False
13192,118,True
13193,121,True
13194,123,True
13195,32,False
13196,243,False
13197,130,True
13198,773,False
13199,774,False
13200,119,False
13201,132,True
13202,136,True
13203,145,True
13204,153,True
13205,124,False
13206,158,True
13207,172,True
13208,177,True
13209,178,True
13210,257,False
13211,194,True
13212,202,True
13213,131,False
13214,208,True
13215,210,True
13216,134,False
13217,264,False
13218,211,True
13219,219,True
13220,267,False
13221,222,True
13222,246,True
13223,256,True
13224,257,True
13225,261,True
13226,262,True
13227,266,True
13228,275,True
13229,279,True
13230,282,True
13231,288,True
13232,292,True
13233,293,True
13234,294,True
13235,297,True
13236,305,True
13237,322,True
13238,324,True
13239,498,False
13240,328,True
13241,330,True
13242,342,True
13243,818,False
13244,346,True
13245,820,False
13246,212,False
13247,364,True
13248,823,False
13249,367,True
13250,380,True
13251,27,False
13252,383,True
13253,398,True
13254,510,False
13255,406,True
13256,53,False
13257,301,False
13258,408,True
13259,421,True
13260,426,True
13261,429,True
13262,430,True
13263,433,True
13264,61,False
13265,62,False
13266,435,True
13267,438,True
13268,445,True
13269,452,True
13270,845,False
13271,68,False
13272,48,False
13273,453,True
13274,458,True
13275,459,True
13276,466,True
13277,53,False
13278,470,True
13279,478,True
13280,489,True
13281,491,True
13282,498,True
13283,499,True
13284,506,True
13285,61,False
13286,510,True
13287,512,True
13288,518,True
13289,522,True
13290,7792,False
13291,866,False
13292,527,True
13293,540,True
13294,337,False
13295,261,False
13296,566,True
13297,263,False
13298,567,True
13299,570,True
13300,573,True
13301,574,True
13302,578,True
13303,581,True
13304,587,True
13305,588,True
13306,597,True
13307,9,False
13308,85,False
13309,600,True
13310,602,True
13311,607,True
13312,612,True
13313,616,True
13314,622,True
13315,113,False
13316,7,False
13317,623,True
13318,116,False
13319,10,False
13320,629,True
13321,641,True
13322,666,True
13323,678,True
13324,900,False
13325,687,True
13326,688,True
13327,689,True
13328,695,True
13329,706,True
13330,713,True
13331,42,False
13332,130,False
13333,715,True
13334,375,False
13335,720,True
13336,731,True
13337,735,True
13338,744,True
13339,137,False
13340,748,True
13341,139,False
13342,44,False
13343,45,False
13344,751,True
13345,7848,False
13346,57,False
13347,752,True
13348,754,True
13349,761,True
13350,7853,False
13351,149,False
13352,768,True
13353,787,True
13354,805,True
13355,809,True
13356,58,False
13357,827,True
13358,69,False
13359,326,False
13360,833,True
13361,834,True
13362,841,True
13363,140,False
13364,849,True
13365,850,True
13366,852,True
13367,862,True
13368,70,False
13369,868,True
13370,869,True
13371,870,True
13372,872,True
13373,84,False
13374,407,False
13375,876,True
13376,889,True
13377,892,True
13378,918,True
13379,80,False
13380,930,True
13381,940,True
13382,960,True
13383,975,True
13384,160,False
13385,5791,False
13386,979,True
13387,184,False
13388,354,False
13389,997,True
13390,1001,True
13391,1010,True
13392,1012,True
13393,426,False
13394,1025,True
13395,1028,True
13396,1031,True
13397,1039,True
13398,1040,True
13399,1041,True
13400,1045,True
13401,1053,True
13402,1054,True
13403,1057,True
13404,1061,True
13405,1067,True
13406,1069,True
13407,1073,True
13408,1078,True
13409,1092,True
13410,1094,True
13411,1095,True
13412,209,False
13413,210,False
13414,9,False
13415,1097,True
13416,1099,True
13417,1105,True
13418,451,False
13419,1109,True
13420,386,False
13421,1119,True
13422,1122,True
13423,18,False
13424,200,False
13425,458,False
13426,21,False
13427,1124,True
13428,225,False
13429,1125,True
13430,1139,True
13431,1140,True
13432,1157,True
13433,134,False
13434,1158,True
13435,7937,False
13436,402,False
13437,1159,True
13438,404,False
13439,1160,True
13440,1171,True
13441,407,False
13442,1177,True
13443,1182,True
13444,24,False
13445,1190,True
13446,1193,True
13447,1205,True
13448,1208,True
13449,416,False
13450,152,False
13451,1209,True
13452,1213,True
13453,486,False
13454,252,False
13455,157,False
13456,1224,True
13457,255,False
13458,1225,True
13459,426,False
13460,1230,True
13461,1232,True
13462,1265,True
13463,24,False
13464,166,False
13465,1276,True
13466,1278,True
13467,265,False
13468,245,False
13469,1279,True
13470,1284,True
13471,269,False
13472,7975,False
13473,1290,True
13474,1296,True
13475,1298,True
13476,1305,True
13477,1306,True
13478,1310,True
13479,1314,True
13480,1321,True
13481,183,False
13482,1329,True
13483,1331,True
13484,1332,True
13485,1333,True
13486,188,False
13487,1350,True
13488,1351,True
13489,520,False
13490,521,False
13491,1359,True
13492,1360,True
13493,1362,True
13494,292,False
13495,197,False
13496,1373,True
13497,1376,True
13498,1381,True
13499,1383,True
13500,1387,True
13501,1388,True
13502,1394,True
13503,1404,True
13504,1414,True
13505,472,False
13506,1421,True
13507,1425,True
13508,1427,True
13509,1436,True
13510,541,False
13511,213,False
13512,1456,True
13513,1466,True
13514,1469,True
13515,1474,True
13516,314,False
13517,1475,True
13518,220,False
13519,1476,True
13520,1478,True
13521,1479,True
13522,489,False
13523,321,False
13524,1481,True
13525,227,False
13526,1484,True
13527,1487,True
13528,1495,True
13529,306,False
13530,1497,True
13531,1504,True
13532,1516,True
13533,564,False
13534,565,False
13535,1523,True
13536,567,False
13537,314,False
13538,1530,True
13539,337,False
13540,101,False
13541,1540,True
13542,1544,True
13543,104,False
13544,1558,True
13545,1563,True
13546,248,False
13547,1564,True
13548,579,False
13549,1565,True
13550,1567,True
13551,1568,True
13552,1570,True
13553,1577,True
13554,1580,True
13555,1581,True
13556,258,False
13557,1585,True
13558,1587,True
13559,1589,True
13560,1591,True
13561,1593,True
13562,1597,True
13563,1598,True
13564,1610,True
13565,342,False
13566,1620,True
13567,128,False
13568,365,False
13569,1621,True
13570,347,False
13571,368,False
13572,1632,True
13573,275,False
13574,1634,True
13575,1638,True
13576,1641,True
13577,1642,True
13578,355,False
13579,356,False
13580,1650,True
13581,283,False
13582,284,False
13583,550,False
13584,1659,True
13585,1662,True
13586,363,False
13587,1675,True
13588,365,False
13589,1679,True
13590,1695,True
13591,1700,True
13592,1702,True
13593,370,False
13594,1710,True
13595,297,False
13596,1712,True
13597,1722,True
13598,1724,True
13599,1725,True
13600,395,False
13601,1726,True
13602,1727,True
13603,6010,False
13604,1730,True
13605,1731,True
13606,401,False
13607,1737,True
13608,1738,True
13609,1739,True
13610,1740,True
13611,313,False
13612,1741,True
13613,315,False
13614,1743,True
13615,1745,True
13616,1746,True
13617,1749,True
13618,413,False
13619,1756,True
13620,1760,True
13621,6028,False
13622,1769,True
13623,653,False
13624,1770,True
13625,1778,True
13626,1782,True
13627,1787,True
13628,1792,True
13629,1798,True
13630,425,False
13631,1802,True
13632,8135,False
13633,1807,True
13634,411,False
13635,337,False
13636,1810,True
13637,1815,True
13638,340,False
13639,1823,True
13640,1824,True
13641,1832,True
13642,1835,True
13643,610,False
13644,1838,True
13645,1839,True
13646,8149,False
13647,1847,True
13648,425,False
13649,1851,True
13650,1859,True
13651,353,False
13652,1860,True
13653,1861,True
13654,1876,True
13655,1893,True
13656,451,False
13657,1898,True
13658,1905,True
13659,436,False
13660,1910,True
13661,438,False
13662,457,False
13663,1917,True
13664,1924,True
13665,367,False
13666,1931,True
13667,634,False
13668,1933,True
13669,446,False
13670,1934,True
13671,1950,True
13672,1953,True
13673,1957,True
13674,1969,True
13675,377,False
13676,1970,True
13677,1994,True
13678,2000,True
13679,2002,True
13680,2009,True
13681,2010,True
13682,2014,True
13683,460,False
13684,461,False
13685,2024,True
13686,2029,True
13687,6094,False
13688,2036,True
13689,2037,True
13690,2045,True
13691,2046,True
13692,2051,True
13693,660,False
13694,489,False
13695,2054,True
13696,398,False
13697,2055,True
13698,2073,True
13699,2082,True
13700,8203,False
13701,8204,False
13702,2085,True
13703,498,False
13704,671,False
13705,2086,True
13706,673,False
13707,2104,True
13708,2105,True
13709,2109,True
13710,2118,True
13711,2121,True
13712,2122,True
13713,53,False
13714,2124,True
13715,2126,True
13716,8219,False
13717,2133,True
13718,734,False
13719,2135,True
13720,2142,True
13721,423,False
13722,2145,True
13723,2148,True
13724,2149,True
13725,2150,True
13726,2151,True
13727,694,False
13728,2158,True
13729,506,False
13730,2160,True
13731,2164,True
13732,2174,True
13733,2182,True
13734,436,False
13735,2191,True
13736,2205,True
13737,532,False
13738,2206,True
13739,2212,True
13740,2215,True
13741,2220,True
13742,709,False
13743,2221,True
13744,2231,True
13745,2232,True
13746,757,False
13747,2233,True
13748,525,False
13749,716,False
13750,545,False
13751,2253,True
13752,2258,True
13753,2267,True
13754,2274,True
13755,2275,True
13756,723,False
13757,2276,True
13758,769,False
13759,2284,True
13760,2286,True
13761,2293,True
13762,2294,True
13763,2306,True
13764,2,False
13765,3,False
13766,2317,True
13767,2324,True
13768,2330,True
13769,2332,True
13770,565,False
13771,2354,True
13772,2358,True
13773,2362,True
13774,2371,True
13775,2375,True
13776,2388,True
13777,572,False
13778,2402,True
13779,2409,True
13780,2414,True
13781,2424,True
13782,793,False
13783,2425,True
13784,2426,True
13785,2428,True
13786,2436,True
13787,2440,True
13788,2452,True
13789,27,False
13790,2455,True
13791,2456,True
13792,6,False
13793,2475,True
13794,2480,True
13795,2486,True
13796,2492,True
13797,2502,True
13798,2509,True
13799,2512,True
13800,595,False
13801,2517,True
13802,2528,True
13803,2531,True
13804,18,False
13805,2555,True
13806,2575,True
13807,2577,True
13808,2604,True
13809,1247,False
13810,2611,True
13811,2615,True
13812,2,True
13813,3,True
13814,22,True
13815,24,True
13816,30,False
13817,25,True
13818,32,False
13819,7,False
13820,26,True
13821,3468,False
13822,37,True
13823,47,True
13824,48,True
13825,49,True
13826,68,True
13827,76,True
13828,835,False
13829,83,True
13830,85,True
13831,13,False
13832,6,False
13833,24,False
13834,22,False
13835,9,False
13836,104,True
13837,108,True
13838,114,True
13839,121,True
13840,3487,False
13841,124,True
13842,23,False
13843,125,True
13844,128,True
13845,35,False
13846,139,True
13847,142,True
13848,3495,False
13849,161,True
13850,166,True
13851,24,False
13852,857,False
13853,858,False
13854,770,False
13855,173,True
13856,179,True
13857,182,True
13858,187,True
13859,197,True
13860,202,True
13861,209,True
13862,210,True
13863,224,True
13864,225,True
13865,231,True
13866,232,True
13867,236,True
13868,242,True
13869,7,False
13870,244,True
13871,247,True
13872,256,True
13873,263,True
13874,274,True
13875,277,True
13876,280,True
13877,281,True
13878,282,True
13879,15,False
13880,884,False
13881,885,False
13882,11,False
13883,1,False
13884,6,False
13885,21,False
13886,890,False
13887,16,False
13888,6,False
13889,1,False
13890,894,False
13891,81,False
13892,2,False
13893,22,False
13894,84,False
13895,811,False
13896,6,False
13897,87,False
13898,88,False
13899,296,True
13900,312,True
13901,315,True
13902,316,True
13903,317,True
13904,33,False
13905,325,True
13906,331,True
13907,345,True
13908,350,True
13909,356,True
13910,365,True
13911,371,True
13912,828,False
13913,42,False
13914,372,True
13915,375,True
13916,381,True
13917,394,True
13918,20,False
13919,396,True
13920,398,True
13921,418,True
13922,425,True
13923,25,False
13924,436,True
13925,441,True
13926,9,False
13927,925,False
13928,448,True
13929,31,False
13930,452,True
13931,14,False
13932,453,True
13933,454,True
13934,49,False
13935,456,True
13936,465,True
13937,469,True
13938,470,True
13939,484,True
13940,487,True
13941,489,True
13942,497,True
13943,506,True
13944,508,True
13945,13,False
13946,510,True
13947,516,True
13948,524,True
13949,531,True
13950,140,False
13951,557,True
13952,20,False
13953,567,True
13954,570,True
13955,572,True
13956,5,False
13957,589,True
13958,593,True
13959,604,True
13960,611,True
13961,616,True
13962,77,False
13963,617,True
13964,620,True
13965,622,True
13966,962,False
13967,230,False
13968,623,True
13969,637,True
13970,638,True
13971,39,False
13972,649,True
13973,2,False
13974,664,True
13975,672,True
13976,680,True
13977,973,False
13978,688,True
13979,692,True
13980,696,True
13981,713,True
13982,715,True
13983,98,False
13984,247,False
13985,738,True
13986,741,True
13987,744,True
13988,178,False
13989,748,True
13990,752,True
13991,760,True
13992,107,False
13993,761,True
13994,772,True
13995,776,True
13996,783,True
13997,261,False
13998,787,True
13999,792,True
14000,798,True
14001,808,True
14002,994,False
14003,811,True
14004,813,True
14005,268,False
14006,814,True
14007,998,False
14008,817,True
14009,820,True
14010,831,True
14011,12,False
14012,837,True
14013,1004,False
14014,1005,False
14015,849,True
14016,850,True
14017,85,False
14018,133,False
14019,870,True
14020,876,True
14021,881,True
14022,90,False
14023,889,True
14024,895,True
14025,898,True
14026,903,True
14027,904,True
14028,906,True
14029,97,False
14030,912,True
14031,915,True
14032,921,True
14033,930,True
14034,934,True
14035,938,True
14036,299,False
14037,953,False
14038,943,True
14039,944,True
14040,950,True
14041,955,True
14042,305,False
14043,959,True
14044,159,False
14045,960,True
14046,961,True
14047,1036,False
14048,970,True
14049,985,True
14050,559,False
14051,1002,True
14052,1006,True
14053,1008,True
14054,318,False
14055,320,False
14056,1045,False
14057,1019,True
14058,1020,True
14059,1021,True
14060,1032,True
14061,1050,False
14062,1033,True
14063,1035,True
14064,1039,True
14065,1042,True
14066,1044,True
14067,1047,True
14068,1053,True
14069,1057,True
14070,1061,True
14071,1065,True
14072,1072,True
14073,1081,True
14074,1095,True
14075,1097,True
14076,46,False
14077,1100,True
14078,1105,True
14079,372,False
14080,1107,True
14081,1113,True
14082,1127,True
14083,592,False
14084,1137,True
14085,594,False
14086,1143,True
14087,1147,True
14088,1150,True
14089,1151,True
14090,352,False
14091,1152,True
14092,1157,True
14093,1158,True
14094,1160,True
14095,1166,True
14096,1168,True
14097,606,False
14098,1181,True
14099,1193,True
14100,1197,True
14101,1198,True
14102,611,False
14103,1202,True
14104,613,False
14105,1222,True
14106,369,False
14107,1226,True
14108,1240,True
14109,178,False
14110,403,False
14111,1257,True
14112,1264,True
14113,69,False
14114,1278,True
14115,1279,True
14116,1280,True
14117,1288,True
14118,1290,True
14119,628,False
14120,1297,True
14121,1299,True
14122,1109,False
14123,1305,True
14124,1314,True
14125,1315,True
14126,82,False
14127,1317,True
14128,389,False
14129,1324,True
14130,199,False
14131,1327,True
14132,1336,True
14133,1020,False
14134,1337,True
14135,1351,True
14136,1356,True
14137,1382,True
14138,1125,False
14139,1383,True
14140,1389,True
14141,1390,True
14142,1396,True
14143,11,False
14144,1406,True
14145,1423,True
14146,405,False
14147,1426,True
14148,1427,True
14149,1437,True
14150,410,False
14151,410,False
14152,1440,True
14153,1448,True
14154,1457,True
14155,1138,False
14156,1468,True
14157,1482,True
14158,1483,True
14159,115,False
14160,1497,True
14161,1507,True
14162,1511,True
14163,1514,True
14164,1518,True
14165,1521,True
14166,122,False
14167,1522,True
14168,1523,True
14169,1536,True
14170,463,False
14171,464,False
14172,1550,True
14173,1558,True
14174,1559,True
14175,1151,False
14176,1564,True
14177,1571,True
14178,1574,True
14179,434,False
14180,1580,True
14181,20,False
14182,1604,True
14183,1610,True
14184,1611,True
14185,1614,True
14186,1623,True
14187,1624,True
14188,1625,True
14189,1076,False
14190,1627,True
14191,147,False
14192,1630,True
14193,1647,True
14194,1649,True
14195,1660,True
14196,1661,True
14197,1662,True
14198,1670,True
14199,38,False
14200,1671,True
14201,6255,False
14202,1674,True
14203,42,False
14204,1675,True
14205,6,False
14206,1681,True
14207,1686,True
14208,1695,True
14209,1700,True
14210,1702,True
14211,1706,True
14212,505,False
14213,1709,True
14214,1713,True
14215,171,False
14216,1715,True
14217,56,False
14218,1716,True
14219,1722,True
14220,1727,True
14221,1729,True
14222,1730,True
14223,179,False
14224,1732,True
14225,1734,True
14226,182,False
14227,1735,True
14228,521,False
14229,1736,True
14230,1738,True
14231,1745,True
14232,71,False
14233,1754,True
14234,1759,True
14235,1199,False
14236,1200,False
14237,1760,True
14238,1763,True
14239,485,False
14240,1769,True
14241,1205,False
14242,1773,True
14243,279,False
14244,1783,True
14245,1785,True
14246,1808,True
14247,203,False
14248,1812,True
14249,1818,True
14250,1820,True
14251,1824,True
14252,1829,True
14253,1830,True
14254,1846,True
14255,1850,True
14256,1860,True
14257,1221,False
14258,1862,True
14259,1865,True
14260,296,False
14261,1869,True
14262,1870,True
14263,1150,False
14264,300,False
14265,1873,True
14266,505,False
14267,1881,True
14268,1889,True
14269,1896,True
14270,1904,True
14271,6325,False
14272,1929,True
14273,1937,True
14274,1951,True
14275,1952,True
14276,514,False
14277,1957,True
14278,1961,True
14279,6333,False
14280,1974,True
14281,1984,True
14282,6336,False
14283,1998,True
14284,320,False
14285,2002,True
14286,2004,True
14287,2005,True
14288,7,False
14289,2012,True
14290,2017,True
14291,247,False
14292,585,False
14293,2028,True
14294,2063,True
14295,14,False
14296,15,False
14297,2,False
14298,1272,False
14299,2083,True
14300,2089,True
14301,2100,True
14302,2104,True
14303,1190,False
14304,2107,True
14305,261,False
14306,2112,True
14307,2123,True
14308,2130,True
14309,2133,True
14310,346,False
14311,30,False
14312,2137,True
14313,2143,True
14314,2145,True
14315,2149,True
14316,2153,True
14317,35,False
14318,2165,True
14319,612,False
14320,2169,True
14321,2184,True
14322,2195,True
14323,1267,False
14324,1270,False
14325,44,False
14326,2201,True
14327,1273,False
14328,286,False
14329,2205,True
14330,2207,True
14331,1221,False
14332,2211,True
14333,2217,True
14334,2229,True
14335,2233,True
14336,2234,True
14337,2240,True
14338,1283,False
14339,2244,True
14340,14,False
14341,2249,True
14342,2260,True
14343,2267,True
14344,2269,True
14345,2275,True
14346,23,False
14347,2293,True
14348,2296,True
14349,2297,True
14350,24,False
14351,2306,True
14352,2307,True
14353,311,False
14354,2314,True
14355,1299,False
14356,390,False
14357,2316,True
14358,2324,True
14359,33,False
14360,2325,True
14361,395,False
14362,320,False
14363,658,False
14364,2329,True
14365,1303,False
14366,2333,True
14367,2337,True
14368,2339,True
14369,2341,True
14370,2354,True
14371,2357,True
14372,330,False
14373,2361,True
14374,332,False
14375,2364,True
14376,2366,True
14377,2368,True
14378,2378,True
14379,2380,True
14380,2414,True
14381,2421,True
14382,2432,True
14383,2441,True
14384,2445,True
14385,97,False
14386,1319,False
14387,2446,True
14388,422,False
14389,2454,True
14390,425,False
14391,2456,True
14392,2462,True
14393,2471,True
14394,8,False
14395,430,False
14396,2476,True
14397,11,False
14398,2481,True
14399,1331,False
14400,2484,True
14401,10,False
14402,2491,True
14403,2497,True
14404,2506,True
14405,2508,True
14406,2524,True
14407,2532,True
14408,2540,True
14409,2541,True
14410,2545,True
14411,2553,True
14412,1340,False
14413,2556,True
14414,449,False
14415,450,False
14416,2566,True
14417,2567,True
14418,32,False
14419,2569,True
14420,2575,True
14421,456,False
14422,2582,True
14423,2583,True
14424,33,False
14425,138,False
14426,2584,True
14427,2586,True
14428,2589,True
14429,2592,True
14430,1349,False
14431,2596,True
14432,728,False
14433,2597,True
14434,48,False
14435,2614,True
14436,2616,True
14437,50,False
14438,46,False
14439,12,False
14440,399,False
14441,55,False
14442,1,False
14443,16,False
14444,2,False
14445,3,True
14446,5,True
14447,6,True
14448,10,True
14449,12,True
14450,14,False
14451,164,False
14452,66,False
14453,28,True
14454,68,False
14455,33,True
14456,169,False
14457,170,False
14458,35,True
14459,32,False
14460,40,True
14461,422,False
14462,63,True
14463,178,False
14464,67,True
14465,74,False
14466,427,False
14467,80,True
14468,85,True
14469,86,True
14470,92,True
14471,46,False
14472,93,True
14473,88,False
14474,96,True
14475,103,True
14476,191,False
14477,124,True
14478,93,False
14479,125,True
14480,195,False
14481,151,True
14482,152,True
14483,444,False
14484,156,True
14485,157,True
14486,784,False
14487,62,False
14488,158,True
14489,164,True
14490,167,True
14491,174,True
14492,22,False
14493,23,False
14494,175,True
14495,179,True
14496,71,False
14497,186,True
14498,192,True
14499,196,True
14500,215,False
14501,198,True
14502,203,True
14503,206,True
14504,1424,False
14505,211,True
14506,212,True
14507,82,False
14508,220,True
14509,124,False
14510,808,False
14511,223,True
14512,549,False
14513,233,True
14514,812,False
14515,234,True
14516,238,True
14517,241,True
14518,249,True
14519,251,True
14520,252,True
14521,259,True
14522,237,False
14523,262,True
14524,1444,False
14525,271,True
14526,276,True
14527,564,False
14528,826,False
14529,277,True
14530,105,False
14531,282,True
14532,147,False
14533,570,False
14534,287,True
14535,289,True
14536,497,False
14537,1457,False
14538,1458,False
14539,292,True
14540,294,True
14541,295,True
14542,157,False
14543,298,True
14544,159,False
14545,315,True
14546,507,False
14547,508,False
14548,1468,False
14549,316,True
14550,1470,False
14551,319,True
14552,326,True
14553,334,True
14554,336,True
14555,337,True
14556,343,True
14557,172,False
14558,345,True
14559,356,True
14560,360,True
14561,362,True
14562,363,True
14563,370,True
14564,179,False
14565,180,False
14566,378,True
14567,380,True
14568,384,True
14569,391,True
14570,868,False
14571,401,True
14572,416,True
14573,418,True
14574,872,False
14575,150,False
14576,428,True
14577,437,True
14578,438,True
14579,261,False
14580,441,True
14581,456,True
14582,460,True
14583,461,True
14584,1501,False
14585,462,True
14586,463,True
14587,885,False
14588,473,True
14589,477,True
14590,483,True
14591,487,True
14592,497,True
14593,507,True
14594,509,True
14595,511,True
14596,519,True
14597,520,True
14598,528,True
14599,534,True
14600,537,True
14601,549,True
14602,551,True
14603,552,True
14604,561,True
14605,181,False
14606,563,True
14607,7,False
14608,564,True
14609,571,False
14610,569,True
14611,570,True
14612,575,True
14613,13,False
14614,577,True
14615,584,True
14616,1533,False
14617,586,True
14618,588,True
14619,595,True
14620,19,False
14621,602,True
14622,584,False
14623,609,True
14624,200,False
14625,626,True
14626,633,True
14627,634,True
14628,927,False
14629,1546,False
14630,635,True
14631,637,True
14632,639,True
14633,655,True
14634,1551,False
14635,659,True
14636,1553,False
14637,660,True
14638,319,False
14639,666,True
14640,660,False
14641,675,True
14642,676,True
14643,677,True
14644,684,True
14645,699,True
14646,327,False
14647,722,True
14648,723,True
14649,751,True
14650,331,False
14651,754,True
14652,757,True
14653,6428,False
14654,764,True
14655,231,False
14656,767,True
14657,778,True
14658,779,True
14659,340,False
14660,959,False
14661,787,True
14662,794,True
14663,239,False
14664,798,True
14665,627,False
14666,801,True
14667,811,True
14668,820,True
14669,821,True
14670,822,True
14671,826,True
14672,840,True
14673,846,True
14674,74,False
14675,851,True
14676,852,True
14677,860,True
14678,861,True
14679,641,False
14680,872,True
14681,884,True
14682,888,True
14683,890,True
14684,893,True
14685,903,True
14686,911,True
14687,914,True
14688,916,True
14689,917,True
14690,925,True
14691,990,False
14692,927,True
14693,935,True
14694,940,True
14695,944,True
14696,956,True
14697,960,True
14698,963,True
14699,966,True
14700,968,True
14701,970,True
14702,102,False
14703,103,False
14704,973,True
14705,281,False
14706,980,True
14707,1591,False
14708,1592,False
14709,986,True
14710,991,True
14711,999,True
14712,1010,True
14713,1026,True
14714,1013,False
14715,1032,True
14716,1034,True
14717,1037,True
14718,294,False
14719,1039,True
14720,1050,True
14721,1053,True
14722,1065,True
14723,1067,True
14724,1082,True
14725,125,False
14726,745,False
14727,1093,True
14728,1100,True
14729,1105,True
14730,1107,True
14731,1108,True
14732,1111,True
14733,1117,True
14734,1121,True
14735,1128,True
14736,1619,False
14737,1135,True
14738,1141,True
14739,1159,True
14740,1167,True
14741,1178,True
14742,318,False
14743,1181,True
14744,1627,False
14745,1182,True
14746,1185,True
14747,1188,True
14748,40,False
14749,1189,True
14750,1190,True
14751,1192,True
14752,1209,True
14753,1220,True
14754,1221,True
14755,1226,True
14756,1232,True
14757,776,False
14758,1237,True
14759,1238,True
14760,1244,True
14761,1251,True
14762,1260,True
14763,1272,True
14764,1293,True
14765,1294,True
14766,1296,True
14767,729,False
14768,1302,True
14769,1303,True
14770,170,False
14771,1308,True
14772,1311,True
14773,1314,True
14774,1326,True
14775,794,False
14776,1333,True
14777,1350,True
14778,178,False
14779,1357,True
14780,1358,True
14781,357,False
14782,1359,True
14783,1362,True
14784,360,False
14785,1367,True
14786,186,False
14787,1370,True
14788,17,False
14789,1376,True
14790,1377,True
14791,1090,False
14792,1380,True
14793,1384,True
14794,1385,True
14795,1393,True
14796,25,False
14797,1399,True
14798,1402,True
14799,1409,True
14800,762,False
14801,1411,True
14802,764,False
14803,1416,True
14804,1419,True
14805,1422,True
14806,1428,True
14807,383,False
14808,1435,True
14809,1443,True
14810,1459,True
14811,1460,True
14812,1461,True
14813,1684,False
14814,1469,True
14815,777,False
14816,1472,True
14817,1476,True
14818,1486,True
14819,1488,True
14820,1493,True
14821,397,False
14822,1693,False
14823,1519,True
14824,1521,True
14825,1552,True
14826,1697,False
14827,1559,True
14828,1570,True
14829,1578,True
14830,1582,True
14831,1585,True
14832,794,False
14833,1586,True
14834,1705,False
14835,1134,False
14836,1592,True
14837,1593,True
14838,1599,True
14839,1605,True
14840,1608,True
14841,1612,True
14842,1619,True
14843,1620,True
14844,21,False
14845,1629,True
14846,246,False
14847,1631,True
14848,1632,True
14849,1635,True
14850,27,False
14851,1637,True
14852,1639,True
14853,1644,True
14854,1725,False
14855,1649,True
14856,1652,True
14857,1663,True
14858,1665,True
14859,1667,True
14860,1668,True
14861,1732,False
14862,1678,True
14863,1679,True
14864,1163,False
14865,1691,True
14866,1695,True
14867,1166,False
14868,1709,True
14869,1711,True
14870,1714,True
14871,1720,True
14872,834,False
14873,1725,True
14874,1730,True
14875,1744,True
14876,1757,True
14877,1769,True
14878,1772,True
14879,1780,True
14880,1786,True
14881,1787,True
14882,1752,False
14883,1800,True
14884,1802,True
14885,62,False
14886,1803,True
14887,1804,True
14888,1814,True
14889,1821,True
14890,1822,True
14891,1832,True
14892,1837,True
14893,1840,True
14894,1856,True
14895,857,False
14896,858,False
14897,1905,True
14898,1909,True
14899,1911,True
14900,300,False
14901,1925,True
14902,1930,True
14903,1932,True
14904,1936,True
14905,1938,True
14906,1950,True
14907,307,False
14908,1951,True
14909,1954,True
14910,6515,False
14911,1957,True
14912,1958,True
14913,1965,True
14914,314,False
14915,1967,True
14916,1980,True
14917,1982,True
14918,19,False
14919,1985,True
14920,882,False
14921,1986,True
14922,1997,True
14923,885,False
14924,2001,True
14925,2005,True
14926,2008,True
14927,2012,True
14928,2015,True
14929,2024,True
14930,2025,True
14931,2039,True
14932,508,False
14933,2043,True
14934,2056,True
14935,2059,True
14936,855,False
14937,44,False
14938,2062,True
14939,901,False
14940,2063,True
14941,48,False
14942,904,False
14943,2089,True
14944,45,False
14945,52,False
14946,2093,True
14947,2096,True
14948,2097,True
14949,56,False
14950,2112,True
14951,2118,True
14952,2134,True
14953,2135,True
14954,2136,True
14955,2137,True
14956,2145,True
14957,64,False
14958,59,False
14959,2155,True
14960,2161,True
14961,2166,True
14962,2167,True
14963,2170,True
14964,2177,True
14965,2179,True
14966,2187,True
14967,2190,True
14968,2191,True
14969,2200,True
14970,2202,True
14971,2209,True
14972,2223,True
14973,2224,True
14974,2239,True
14975,2242,True
14976,2250,True
14977,17,False
14978,2256,True
14979,889,False
14980,2265,True
14981,2272,True
14982,22,False
14983,2276,True
14984,2279,True
14985,2292,True
14986,2297,True
14987,27,False
14988,2302,True
14989,2303,True
14990,2307,True
14991,2312,True
14992,1291,False
14993,2316,True
14994,2321,True
14995,6600,False
14996,2324,True
14997,2325,True
14998,2332,True
14999,106,False
15000,2336,True
15001,2338,True
15002,1301,False
15003,2340,True
15004,2343,True
15005,1836,False
15006,1837,False
15007,2354,True
15008,2356,True
15009,2357,True
15010,2358,True
15011,2361,True
15012,119,False
15013,2364,True
15014,590,False
15015,2368,True
15016,2372,True
15017,2375,True
15018,2377,True
15019,2379,True
15020,2381,True
15021,2382,True
15022,2386,True
15023,2387,True
15024,2389,True
15025,2392,True
15026,2399,True
15027,2400,True
15028,2408,True
15029,2415,True
15030,14,False
15031,2417,True
15032,2423,True
15033,140,False
15034,913,False
15035,2424,True
15036,2428,True
15037,21,False
15038,2434,True
15039,1001,False
15040,24,False
15041,2466,True
15042,2469,True
15043,2476,True
15044,2480,True
15045,2488,True
15046,2492,True
15047,2494,True
15048,2496,True
15049,2503,True
15050,2506,True
15051,2507,True
15052,2508,True
15053,2517,True
15054,2534,True
15055,156,False
15056,2549,True
15057,2552,True
15058,2555,True
15059,99,False
15060,12,False
15061,2557,True
15062,2560,True
15063,2562,True
15064,2564,True
15065,2569,True
15066,2574,True
15067,107,False
15068,2587,True
15069,2593,True
15070,2596,True
15071,24,False
15072,112,False
15073,1373,False
15074,2,True
15075,10,True
15076,12,True
15077,16,True
15078,29,True
15079,30,True
15080,1380,False
15081,33,True
15082,122,False
15083,35,True
15084,124,False
15085,36,True
15086,187,False
15087,42,True
15088,41,False
15089,56,True
15090,191,False
15091,64,True
15092,65,True
15093,75,True
15094,195,False
15095,104,True
15096,1058,False
15097,108,True
15098,50,False
15099,52,False
15100,109,True
15101,112,True
15102,115,True
15103,124,True
15104,134,True
15105,142,True
15106,152,True
15107,159,True
15108,163,True
15109,165,True
15110,1915,False
15111,167,True
15112,177,True
15113,178,True
15114,192,True
15115,198,True
15116,201,True
15117,202,True
15118,205,True
15119,1081,False
15120,209,True
15121,221,True
15122,224,True
15123,226,True
15124,237,True
15125,252,True
15126,253,True
15127,254,True
15128,256,True
15129,260,True
15130,263,True
15131,171,False
15132,265,True
15133,274,True
15134,1926,False
15135,278,True
15136,284,True
15137,294,True
15138,295,True
15139,1439,False
15140,299,True
15141,301,True
15142,302,True
15143,310,True
15144,1444,False
15145,185,False
15146,1108,False
15147,312,True
15148,101,False
15149,1111,False
15150,315,True
15151,191,False
15152,320,True
15153,324,True
15154,327,True
15155,195,False
15156,328,True
15157,330,True
15158,111,False
15159,334,True
15160,113,False
15161,350,True
15162,367,True
15163,378,True
15164,1941,False
15165,383,True
15166,10,False
15167,207,False
15168,390,True
15169,209,False
15170,391,True
15171,396,True
15172,398,True
15173,408,True
15174,414,True
15175,423,True
15176,1952,False
15177,428,True
15178,429,True
15179,432,True
15180,434,True
15181,437,True
15182,26,False
15183,461,True
15184,462,True
15185,1961,False
15186,1148,False
15187,227,False
15188,464,True
15189,466,True
15190,467,True
15191,1967,False
15192,469,True
15193,233,False
15194,472,True
15195,474,True
15196,477,True
15197,486,True
15198,487,True
15199,152,False
15200,488,True
15201,1163,False
15202,489,True
15203,497,True
15204,505,True
15205,517,True
15206,246,False
15207,518,True
15208,1170,False
15209,527,True
15210,529,True
15211,1986,False
15212,532,True
15213,1513,False
15214,539,True
15215,541,True
15216,557,True
15217,565,True
15218,573,True
15219,576,True
15220,577,True
15221,579,True
15222,583,True
15223,585,True
15224,21,False
15225,586,True
15226,587,True
15227,589,True
15228,591,True
15229,595,True
15230,597,True
15231,603,True
15232,605,True
15233,606,True
15234,620,True
15235,1192,False
15236,627,True
15237,634,True
15238,635,True
15239,640,True
15240,56,False
15241,280,False
15242,643,True
15243,649,True
15244,650,True
15245,666,True
15246,667,True
15247,670,True
15248,2013,False
15249,683,True
15250,684,True
15251,687,True
15252,688,True
15253,689,True
15254,690,True
15255,692,True
15256,694,True
15257,696,True
15258,698,True
15259,699,True
15260,706,True
15261,708,True
15262,709,True
15263,712,True
15264,717,True
15265,719,True
15266,720,True
15267,721,True
15268,307,False
15269,2033,False
15270,733,True
15271,748,True
15272,756,True
15273,761,True
15274,763,True
15275,2037,False
15276,769,True
15277,770,True
15278,772,True
15279,777,True
15280,797,True
15281,798,True
15282,803,True
15283,322,False
15284,804,True
15285,812,True
15286,818,True
15287,103,False
15288,821,True
15289,824,True
15290,842,True
15291,846,True
15292,849,True
15293,855,True
15294,856,True
15295,858,True
15296,859,True
15297,866,True
15298,874,True
15299,879,True
15300,1257,False
15301,882,True
15302,902,True
15303,905,True
15304,916,True
15305,1262,False
15306,920,True
15307,921,True
15308,925,True
15309,927,True
15310,928,True
15311,929,True
15312,83,False
15313,352,False
15314,931,True
15315,947,True
15316,951,True
15317,967,True
15318,971,True
15319,2069,False
15320,983,True
15321,984,True
15322,989,True
15323,992,True
15324,993,True
15325,995,True
15326,996,True
15327,1003,True
15328,1008,True
15329,1012,True
15330,1038,True
15331,1042,True
15332,1043,True
15333,1045,True
15334,1050,True
15335,1054,True
15336,1055,True
15337,1058,True
15338,1063,True
15339,1070,True
15340,1073,True
15341,1080,True
15342,1082,True
15343,1084,True
15344,1085,True
15345,1090,True
15346,1094,True
15347,1097,True
15348,386,False
15349,1104,True
15350,1107,True
15351,167,False
15352,1112,True
15353,1119,True
15354,23,False
15355,24,False
15356,1121,True
15357,26,False
15358,1125,True
15359,1126,True
15360,1127,True
15361,1134,True
15362,1139,True
15363,401,False
15364,1145,True
15365,1146,True
15366,1184,True
15367,1191,True
15368,1195,True
15369,42,False
15370,1197,True
15371,187,False
15372,1203,True
15373,411,False
15374,1209,True
15375,1212,True
15376,1217,True
15377,2111,False
15378,2112,False
15379,1220,True
15380,1227,True
15381,54,False
15382,1231,True
15383,1235,True
15384,1238,True
15385,1239,True
15386,1243,True
15387,1251,True
15388,1254,True
15389,1255,True
15390,1260,True
15391,1264,True
15392,1272,True
15393,1278,True
15394,1279,True
15395,1283,True
15396,69,False
15397,1287,True
15398,1288,True
15399,72,False
15400,1298,True
15401,1300,True
15402,75,False
15403,441,False
15404,1301,True
15405,1303,True
15406,1308,True
15407,2141,False
15408,1312,True
15409,1313,True
15410,1321,True
15411,1322,True
15412,1323,True
15413,229,False
15414,87,False
15415,1335,True
15416,1346,True
15417,1353,True
15418,1354,True
15419,92,False
15420,1360,True
15421,237,False
15422,1366,True
15423,1367,True
15424,2159,False
15425,2160,False
15426,464,False
15427,1377,True
15428,1378,True
15429,1380,True
15430,102,False
15431,1407,True
15432,1412,True
15433,470,False
15434,1415,True
15435,1420,True
15436,1436,True
15437,1454,True
15438,1470,True
15439,1484,True
15440,2173,False
15441,255,False
15442,1487,True
15443,1497,True
15444,1510,True
15445,1522,True
15446,1530,True
15447,1539,True
15448,1540,True
15449,1545,True
15450,26,False
15451,1548,True
15452,1564,True
15453,1565,True
15454,1573,True
15455,1581,True
15456,1587,True
15457,1598,True
15458,1604,True
15459,1607,True
15460,1608,True
15461,1609,True
15462,1611,True
15463,2194,False
15464,1612,True
15465,1616,True
15466,1625,True
15467,1632,True
15468,1641,True
15469,1646,True
15470,1657,True
15471,1661,True
15472,1670,True
15473,1678,True
15474,1690,True
15475,1695,True
15476,1696,True
15477,1700,True
15478,2206,False
15479,1701,True
15480,1704,True
15481,1709,True
15482,1712,True
15483,520,False
15484,1714,True
15485,1715,True
15486,1719,True
15487,1721,True
15488,1732,True
15489,1733,True
15490,1740,True
15491,1745,True
15492,1750,True
15493,1751,True
15494,1753,True
15495,1756,True
15496,1758,True
15497,1759,True
15498,74,False
15499,1766,True
15500,537,False
15501,1769,True
15502,1787,True
15503,1788,True
15504,1789,True
15505,1792,True
15506,1793,True
15507,1800,True
15508,1808,True
15509,1816,True
15510,182,False
15511,1820,True
15512,549,False
15513,1821,True
15514,1851,True
15515,1872,True
15516,1874,True
15517,1876,True
15518,1883,True
15519,1887,True
15520,1888,True
15521,1906,True
15522,1908,True
15523,1909,True
15524,1913,True
15525,562,False
15526,1925,True
15527,37,False
15528,104,False
15529,105,False
15530,1927,True
15531,1930,True
15532,1936,True
15533,205,False
15534,1950,True
15535,2243,False
15536,1958,True
15537,300,False
15538,1959,True
15539,1962,True
15540,116,False
15541,1963,True
15542,1967,True
15543,1969,True
15544,1975,True
15545,308,False
15546,1977,True
15547,1978,True
15548,1991,True
15549,1993,True
15550,1995,True
15551,1996,True
15552,128,False
15553,2017,True
15554,2021,True
15555,2023,True
15556,2029,True
15557,2038,True
15558,2055,True
15559,2057,True
15560,2063,True
15561,2070,True
15562,234,False
15563,2071,True
15564,236,False
15565,2074,True
15566,2076,True
15567,239,False
15568,2273,False
15569,606,False
15570,2077,True
15571,608,False
15572,2082,True
15573,2087,True
15574,2091,True
15575,2102,True
15576,2110,True
15577,331,False
15578,2117,True
15579,2118,True
15580,2132,True
15581,2140,True
15582,2152,True
15583,2158,True
15584,2178,True
15585,2185,True
15586,2186,True
15587,624,False
15588,2188,True
15589,2199,True
15590,2202,True
15591,263,False
15592,2203,True
15593,2221,True
15594,2225,True
15595,2232,True
15596,2234,True
15597,2302,False
15598,2242,True
15599,2243,True
15600,2248,True
15601,2267,True
15602,2275,True
15603,2280,True
15604,17,False
15605,2286,True
15606,2287,True
15607,2302,True
15608,2309,True
15609,2312,True
15610,2323,True
15611,2325,True
15612,2332,True
15613,2333,True
15614,2340,True
15615,2363,True
15616,192,False
15617,2365,True
15618,2371,True
15619,2376,True
15620,2377,True
15621,2381,True
15622,35,False
15623,2384,True
15624,2385,True
15625,2388,False
15626,39,False
15627,2395,True
15628,2396,True
15629,18,False
15630,2401,True
15631,2402,True
15632,669,False
15633,22,False
15634,2405,True
15635,2406,True
15636,2413,True
15637,2416,True
15638,392,False
15639,2422,True
15640,2424,True
15641,2435,True
15642,2436,True
15643,397,False
15644,2437,True
15645,221,False
15646,2443,True
15647,2469,True
15648,402,False
15649,403,False
15650,2478,True
15651,2479,True
15652,2484,True
15653,325,False
15654,2486,True
15655,231,False
15656,328,False
15657,2489,True
15658,2495,True
15659,2506,True
15660,2507,True
15661,74,False
15662,75,False
15663,417,False
15664,418,False
15665,78,False
15666,2510,True
15667,2512,True
15668,81,False
15669,6756,False
15670,2516,True
15671,343,False
15672,2532,True
15673,2534,True
15674,2540,True
15675,2542,True
15676,2544,True
15677,2546,True
15678,91,False
15679,92,False
15680,2554,True
15681,435,False
15682,436,False
15683,2568,True
15684,2574,True
15685,722,False
15686,2577,True
15687,2580,True
15688,101,False
15689,2583,True
15690,2595,True
15691,2388,False
15692,2603,True
15693,2610,True
15694,107,False
15695,2392,False
15696,109,False
15697,110,False
15698,111,False
15699,1,True
15700,2397,False
15701,373,False
15702,17,True
15703,18,True
15704,458,False
15705,30,True
15706,460,False
15707,31,True
15708,41,True
15709,44,True
15710,48,True
15711,50,True
15712,125,False
15713,53,True
15714,2411,False
15715,56,True
15716,66,True
15717,754,False
15718,68,True
15719,295,False
15720,73,True
15721,393,False
15722,476,False
15723,74,True
15724,77,True
15725,79,True
15726,99,True
15727,101,True
15728,112,True
15729,114,True
15730,121,True
15731,131,True
15732,486,False
15733,136,True
15734,137,True
15735,144,True
15736,312,False
15737,147,True
15738,151,True
15739,315,False
15740,153,True
15741,163,True
15742,168,True
15743,173,True
15744,174,True
15745,184,True
15746,1,False
15747,200,True
15748,206,True
15749,216,True
15750,247,True
15751,253,True
15752,260,True
15753,264,True
15754,266,True
15755,268,True
15756,269,True
15757,429,False
15758,280,True
15759,282,True
15760,286,True
15761,294,True
15762,434,False
15763,313,True
15764,801,False
15765,314,True
15766,317,True
15767,323,True
15768,4,False
15769,324,True
15770,4,False
15771,330,True
15772,333,True
15773,336,True
15774,337,True
15775,341,True
15776,813,False
15777,348,True
15778,14,False
15779,352,True
15780,357,True
15781,521,False
15782,366,True
15783,455,False
15784,368,True
15785,21,False
15786,369,True
15787,459,False
15788,373,True
15789,376,True
15790,366,False
15791,379,True
15792,380,True
15793,381,True
15794,466,False
15795,371,False
15796,386,True
15797,389,True
15798,392,True
15799,836,False
15800,400,True
15801,408,True
15802,410,True
15803,475,False
15804,380,False
15805,415,True
15806,417,True
15807,383,False
15808,419,True
15809,427,True
15810,386,False
15811,438,True
15812,388,False
15813,444,True
15814,454,True
15815,459,True
15816,462,True
15817,466,False
15818,474,True
15819,485,True
15820,487,True
15821,3,False
15822,562,False
15823,495,True
15824,516,True
15825,520,True
15826,528,True
15827,530,True
15828,531,True
15829,534,True
15830,538,True
15831,546,True
15832,547,True
15833,550,True
15834,560,True
15835,565,True
15836,567,True
15837,589,True
15838,592,True
15839,593,True
15840,595,True
15841,601,True
15842,604,True
15843,614,True
15844,619,True
15845,625,True
15846,630,True
15847,631,True
15848,634,True
15849,639,True
15850,63,False
15851,13,False
15852,648,True
15853,651,True
15854,652,True
15855,656,True
15856,663,True
15857,665,True
15858,40,False
15859,669,True
15860,72,False
15861,670,True
15862,673,True
15863,899,False
15864,677,True
15865,684,True
15866,687,True
15867,688,True
15868,690,True
15869,691,True
15870,698,True
15871,707,True
15872,716,True
15873,722,True
15874,725,True
15875,17,False
15876,727,True
15877,732,True
15878,734,True
15879,747,True
15880,757,True
15881,63,False
15882,761,True
15883,762,True
15884,767,True
15885,67,False
15886,68,False
15887,772,True
15888,775,True
15889,31,False
15890,778,True
15891,779,True
15892,792,True
15893,796,True
15894,797,True
15895,802,True
15896,819,True
15897,821,True
15898,822,True
15899,825,True
15900,827,True
15901,828,True
15902,842,True
15903,10,False
15904,843,True
15905,87,False
15906,849,True
15907,854,True
15908,862,True
15909,863,True
15910,866,True
15911,867,True
15912,873,True
15913,879,True
15914,881,True
15915,883,True
15916,887,True
15917,889,True
15918,900,True
15919,907,True
15920,909,True
15921,101,False
15922,924,True
15923,109,False
15924,925,True
15925,929,True
15926,932,True
15927,32,False
15928,935,True
15929,945,True
15930,947,True
15931,951,True
15932,960,True
15933,976,True
15934,977,True
15935,981,True
15936,986,True
15937,988,True
15938,997,True
15939,999,True
15940,1003,True
15941,1007,True
15942,1008,True
15943,594,False
15944,1009,True
15945,1016,True
15946,597,False
15947,127,False
15948,1021,True
15949,1023,True
15950,1032,True
15951,1042,True
15952,1047,True
15953,1050,True
15954,1052,True
15955,1061,True
15956,1063,True
15957,1073,True
15958,1075,True
15959,139,False
15960,1078,True
15961,1084,True
15962,1096,True
15963,68,False
15964,1105,True
15965,1106,True
15966,146,False
15967,1122,True
15968,1141,True
15969,1147,True
15970,622,False
15971,623,False
15972,1157,True
15973,131,False
15974,1158,True
15975,133,False
15976,1164,True
15977,1171,True
15978,1177,True
15979,85,False
15980,1183,True
15981,1185,True
15982,1187,True
15983,1191,True
15984,90,False
15985,1192,True
15986,1197,True
15987,1198,True
15988,36,False
15989,1210,True
15990,1211,True
15991,1213,True
15992,1218,True
15993,1229,True
15994,1239,True
15995,1245,True
15996,1259,True
15997,1274,True
15998,1295,True
15999,1296,True
16000,106,False
16001,653,False
16002,156,False
16003,1297,True
16004,1301,True
16005,1302,True
16006,1309,True
16007,1316,True
16008,1324,True
16009,1329,True
16010,662,False
16011,33,False
16012,1,False
16013,10,False
16014,13,True
16015,18,True
16016,19,True
16017,21,True
16018,24,True
16019,31,True
16020,32,True
16021,36,True
16022,42,True
16023,52,True
16024,54,True
16025,58,True
16026,59,True
16027,133,False
16028,60,True
16029,67,True
16030,70,True
16031,75,True
16032,81,True
16033,89,True
16034,91,True
16035,94,True
16036,100,True
16037,103,True
16038,104,True
16039,145,False
16040,112,True
16041,114,True
16042,122,True
16043,131,True
16044,156,True
16045,158,True
16046,227,False
16047,162,True
16048,163,True
16049,168,True
16050,169,True
16051,185,True
16052,196,True
16053,203,True
16054,208,True
16055,213,True
16056,215,True
16057,200,False
16058,216,True
16059,218,True
16060,227,True
16061,228,True
16062,168,False
16063,236,True
16064,248,True
16065,251,True
16066,172,False
16067,263,True
16068,267,True
16069,268,True
16070,269,True
16071,177,False
16072,273,True
16073,278,True
16074,682,False
16075,281,True
16076,294,True
16077,6880,False
16078,299,True
16079,185,False
16080,300,True
16081,302,True
16082,306,True
16083,189,False
16084,318,True
16085,191,False
16086,108,False
16087,331,True
16088,333,True
16089,270,False
16090,344,True
16091,347,True
16092,352,True
16093,359,True
16094,368,True
16095,370,True
16096,382,True
16097,390,True
16098,394,True
16099,399,True
16100,403,True
16101,407,True
16102,417,True
16103,419,True
16104,426,True
16105,430,True
16106,434,True
16107,446,True
16108,447,True
16109,6912,False
16110,453,True
16111,133,False
16112,454,True
16113,135,False
16114,455,True
16115,462,True
16116,138,False
16117,466,True
16118,473,True
16119,477,True
16120,226,False
16121,483,True
16122,228,False
16123,495,True
16124,502,True
16125,507,True
16126,510,True
16127,514,True
16128,517,True
16129,521,True
16130,152,False
16131,524,True
16132,238,False
16133,527,True
16134,537,True
16135,538,True
16136,540,True
16137,543,True
16138,546,True
16139,554,True
16140,246,False
16141,163,False
16142,560,True
16143,561,True
16144,564,True
16145,565,True
16146,576,True
16147,577,True
16148,170,False
16149,596,True
16150,599,True
16151,173,False
16152,603,True
16153,606,True
16154,620,True
16155,261,False
16156,624,True
16157,626,True
16158,339,False
16159,181,False
16160,629,True
16161,630,True
16162,631,True
16163,344,False
16164,632,True
16165,640,True
16166,642,True
16167,649,True
16168,658,True
16169,666,True
16170,668,True
16171,673,True
16172,675,True
16173,679,True
16174,280,False
16175,693,True
16176,198,False
16177,696,True
16178,200,False
16179,360,False
16180,698,True
16181,203,False
16182,701,True
16183,364,False
16184,704,True
16185,291,False
16186,717,True
16187,721,True
16188,722,True
16189,732,True
16190,296,False
16191,735,True
16192,741,True
16193,750,True
16194,751,True
16195,754,True
16196,755,True
16197,761,True
16198,769,True
16199,770,True
16200,774,True
16201,777,True
16202,781,True
16203,225,False
16204,226,False
16205,787,True
16206,792,True
16207,229,False
16208,799,True
16209,800,True
16210,802,True
16211,809,True
16212,318,False
16213,814,True
16214,817,True
16215,829,True
16216,833,True
16217,322,False
16218,841,True
16219,855,True
16220,882,True
16221,884,True
16222,890,True
16223,896,True
16224,897,True
16225,290,False
16226,332,False
16227,903,True
16228,915,True
16229,335,False
16230,920,True
16231,942,True
16232,338,False
16233,957,True
16234,967,True
16235,968,True
16236,970,True
16237,343,False
16238,977,True
16239,979,True
16240,980,True
16241,307,False
16242,308,False
16243,984,True
16244,994,True
16245,1001,True
16246,352,False
16247,1002,True
16248,1003,True
16249,1012,True
16250,1014,True
16251,1025,True
16252,1026,True
16253,1027,True
16254,1035,True
16255,47,False
16256,1048,True
16257,1050,True
16258,46,False
16259,1054,True
16260,1057,True
16261,1058,True
16262,1065,True
16263,1096,True
16264,1098,True
16265,1099,True
16266,1103,True
16267,55,False
16268,1108,True
16269,1110,True
16270,1126,True
16271,1,False
16272,1139,True
16273,1142,True
16274,1143,True
16275,1149,True
16276,1153,True
16277,1160,True
16278,1161,True
16279,1174,True
16280,1177,True
16281,1179,True
16282,1184,True
16283,1188,True
16284,1190,True
16285,1199,True
16286,1207,True
16287,1214,True
16288,1217,True
16289,1222,True
16290,1238,True
16291,6,False
16292,1245,True
16293,1256,True
16294,1258,True
16295,309,False
16296,1260,True
16297,1263,True
16298,1266,True
16299,1285,True
16300,1288,True
16301,1296,True
16302,1299,True
16303,1303,True
16304,1307,True
16305,1312,True
16306,1313,True
16307,1319,True
16308,1323,True
16309,1334,True
16310,1344,True
16311,42,False
16312,43,False
16313,28,False
16314,1345,True
16315,1349,True
16316,1358,True
16317,1359,True
16318,1362,True
16319,1366,True
16320,1369,True
16321,1376,True
16322,1385,True
16323,1386,True
16324,338,False
16325,40,False
16326,1409,True
16327,1421,True
16328,1424,True
16329,1427,True
16330,1444,True
16331,1446,True
16332,16,False
16333,1454,True
16334,1456,True
16335,1458,True
16336,51,False
16337,1471,True
16338,1476,True
16339,1482,True
16340,1486,True
16341,1492,True
16342,1495,True
16343,357,False
16344,1513,True
16345,1514,True
16346,1528,True
16347,1532,True
16348,362,False
16349,1536,True
16350,1546,True
16351,1547,True
16352,1551,True
16353,1559,True
16354,1560,True
16355,1561,True
16356,1565,True
16357,1566,True
16358,1571,True
16359,43,False
16360,1586,True
16361,1587,True
16362,1590,True
16363,1593,True
16364,1611,True
16365,1612,True
16366,92,False
16367,1613,True
16368,1624,True
16369,1626,True
16370,1633,True
16371,1637,True
16372,1645,True
16373,1646,True
16374,1649,True
16375,90,False
16376,1652,True
16377,1653,True
16378,1661,True
16379,1663,True
16380,1664,True
16381,1669,True
16382,1672,True
16383,1681,True
16384,1682,True
16385,1684,True
16386,1689,True
16387,1690,True
16388,1692,True
16389,1697,True
16390,1700,True
16391,404,False
16392,1709,True
16393,1714,True
16394,1715,True
16395,1716,True
16396,1718,True
16397,1721,True
16398,1734,True
16399,1737,True
16400,1738,True
16401,1739,True
16402,1744,True
16403,1747,True
16404,1748,True
16405,131,False
16406,1749,True
16407,1762,True
16408,1776,True
16409,1784,True
16410,1793,True
16411,1795,True
16412,1798,True
16413,1801,True
16414,140,False
16415,1814,True
16416,1816,True
16417,1841,True
16418,1845,True
16419,1854,True
16420,1862,True
16421,1873,True
16422,1878,True
16423,436,False
16424,1884,True
16425,1885,True
16426,1894,True
16427,142,False
16428,1902,True
16429,1903,True
16430,1922,True
16431,1933,True
16432,1939,True
16433,159,False
16434,1942,True
16435,1943,True
16436,1985,True
16437,163,False
16438,1986,True
16439,1992,True
16440,166,False
16441,1995,True
16442,1999,True
16443,2002,True
16444,2003,True
16445,2013,True
16446,2024,True
16447,2040,True
16448,2046,True
16449,2056,True
16450,2063,True
16451,2066,True
16452,2069,True
16453,2074,True
16454,2075,True
16455,2082,True
16456,2095,True
16457,2097,True
16458,2109,True
16459,2114,True
16460,2115,True
16461,2119,True
16462,2122,True
16463,2128,True
16464,2133,True
16465,191,False
16466,181,False
16467,2136,True
16468,2140,True
16469,2142,True
16470,2147,True
16471,2149,True
16472,2152,True
16473,2153,True
16474,2154,True
16475,2167,True
16476,2169,True
16477,2172,True
16478,2177,True
16479,2181,True
16480,2183,True
16481,2184,True
16482,2186,True
16483,2187,True
16484,2194,True
16485,2205,True
16486,2211,True
16487,2218,True
16488,2223,True
16489,2245,True
16490,2246,True
16491,2260,True
16492,2261,True
16493,8,False
16494,2267,True
16495,2270,True
16496,2274,True
16497,2280,True
16498,2283,True
16499,2286,True
16500,2291,True
16501,2296,True
16502,2305,True
16503,2309,True
16504,2312,True
16505,2316,True
16506,2321,True
16507,2327,True
16508,19,False
16509,2332,True
16510,2334,True
16511,2336,True
16512,2337,True
16513,2338,True
16514,2342,True
16515,2345,True
16516,2350,True
16517,2354,True
16518,2357,True
16519,2368,True
16520,2369,True
16521,2371,True
16522,2372,True
16523,2382,True
16524,2388,True
16525,2393,True
16526,2395,True
16527,38,False
16528,2397,True
16529,2398,True
16530,45,False
16531,2404,True
16532,257,False
16533,2408,True
16534,49,False
16535,2432,True
16536,2449,True
16537,2450,True
16538,2451,True
16539,2470,True
16540,2471,True
16541,2476,True
16542,53,False
16543,2479,True
16544,269,False
16545,2480,True
16546,2482,True
16547,2488,True
16548,2491,True
16549,274,False
16550,2493,True
16551,2494,True
16552,2495,True
16553,2496,True
16554,2501,True
16555,2504,True
16556,2509,True
16557,2513,True
16558,2515,True
16559,2519,True
16560,2537,True
16561,76,False
16562,2549,True
16563,2552,True
16564,2,True
16565,10,True
16566,11,True
16567,18,True
16568,5,False
16569,46,True
16570,56,True
16571,60,True
16572,61,True
16573,62,True
16574,321,False
16575,70,True
16576,86,True
16577,87,True
16578,88,True
16579,91,True
16580,94,True
16581,99,True
16582,108,True
16583,112,True
16584,126,True
16585,130,True
16586,136,True
16587,139,True
16588,140,True
16589,144,True
16590,150,True
16591,151,True
16592,168,True
16593,170,True
16594,457,False
16595,173,True
16596,174,True
16597,175,True
16598,180,True
16599,182,True
16600,197,True
16601,201,True
16602,211,True
16603,324,False
16604,213,True
16605,214,True
16606,16,False
16607,215,True
16608,18,False
16609,216,True
16610,230,True
16611,237,True
16612,239,True
16613,250,True
16614,8,False
16615,9,False
16616,7082,False
16617,11,False
16618,251,True
16619,340,False
16620,254,True
16621,342,False
16622,260,True
16623,270,True
16624,487,False
16625,274,True
16626,36,False
16627,278,True
16628,280,True
16629,39,False
16630,281,True
16631,494,False
16632,282,True
16633,284,True
16634,289,True
16635,296,True
16636,30,False
16637,298,True
16638,32,False
16639,300,True
16640,50,False
16641,301,True
16642,304,True
16643,309,True
16644,313,True
16645,318,True
16646,320,True
16647,326,True
16648,58,False
16649,334,True
16650,344,True
16651,352,True
16652,353,True
16653,355,True
16654,358,True
16655,361,True
16656,377,False
16657,369,True
16658,370,True
16659,371,True
16660,376,True
16661,71,False
16662,379,True
16663,73,False
16664,380,True
16665,386,False
16666,396,True
16667,57,False
16668,398,True
16669,19,False
16670,60,False
16671,408,True
16672,393,False
16673,420,True
16674,84,False
16675,421,True
16676,7142,False
16677,429,True
16678,437,True
16679,400,False
16680,543,False
16681,544,False
16682,445,True
16683,93,False
16684,451,True
16685,95,False
16686,453,True
16687,37,False
16688,551,False
16689,456,True
16690,457,True
16691,554,False
16692,461,True
16693,464,True
16694,83,False
16695,465,True
16696,466,True
16697,560,False
16698,472,True
16699,55,False
16700,89,False
16701,475,True
16702,91,False
16703,485,True
16704,496,True
16705,503,True
16706,515,True
16707,117,False
16708,517,True
16709,519,True
16710,60,False
16711,520,True
16712,521,True
16713,123,False
16714,526,True
16715,87,False
16716,579,False
16717,536,True
16718,68,False
16719,91,False
16720,76,False
16721,77,False
16722,543,True
16723,549,True
16724,553,True
16725,570,True
16726,575,True
16727,7193,False
16728,581,True
16729,584,True
16730,590,True
16731,594,True
16732,598,True
16733,599,True
16734,601,True
16735,606,True
16736,610,True
16737,616,True
16738,618,True
16739,623,True
16740,121,False
16741,629,True
16742,637,True
16743,651,True
16744,653,True
16745,608,False
16746,668,True
16747,6,False
16748,158,False
16749,671,True
16750,684,True
16751,161,False
16752,102,False
16753,687,True
16754,164,False
16755,136,False
16756,688,True
16757,691,True
16758,700,True
16759,169,False
16760,706,True
16761,707,True
16762,708,True
16763,113,False
16764,720,True
16765,722,True
16766,145,False
16767,729,True
16768,7234,False
16769,735,True
16770,740,True
16771,743,True
16772,122,False
16773,745,True
16774,130,False
16775,748,True
16776,753,True
16777,36,False
16778,134,False
16779,767,True
16780,776,True
16781,131,False
16782,788,True
16783,162,False
16784,792,True
16785,793,True
16786,796,True
16787,798,True
16788,198,False
16789,168,False
16790,799,True
16791,807,True
16792,808,True
16793,809,True
16794,657,False
16795,818,True
16796,175,False
16797,147,False
16798,825,True
16799,828,True
16800,830,True
16801,63,False
16802,836,True
16803,213,False
16804,838,True
16805,856,True
16806,216,False
16807,7273,False
16808,870,True
16809,871,True
16810,872,True
16811,875,True
16812,878,True
16813,885,True
16814,164,False
16815,888,True
16816,900,True
16817,902,True
16818,168,False
16819,903,True
16820,908,True
16821,80,False
16822,178,False
16823,919,True
16824,925,True
16825,181,False
16826,928,True
16827,177,False
16828,929,True
16829,931,True
16830,934,True
16831,187,False
16832,935,True
16833,936,True
16834,944,True
16835,945,True
16836,955,True
16837,956,True
16838,23,False
16839,7305,False
16840,957,True
16841,963,True
16842,964,True
16843,2390,False
16844,106,False
16845,195,False
16846,971,True
16847,975,True
16848,2395,False
16849,984,True
16850,993,True
16851,998,True
16852,999,True
16853,1019,True
16854,1023,True
16855,1024,True
16856,1038,True
16857,719,False
16858,1040,True
16859,118,False
16860,1041,True
16861,21,False
16862,218,False
16863,1044,True
16864,1045,True
16865,1053,True
16866,1054,True
16867,1067,True
16868,218,False
16869,1076,True
16870,1081,True
16871,130,False
16872,1091,True
16873,135,False
16874,133,False
16875,134,False
16876,1093,True
16877,1095,True
16878,1103,True
16879,1106,True
16880,236,False
16881,1109,True
16882,1121,True
16883,239,False
16884,1133,True
16885,241,False
16886,1134,True
16887,1142,True
16888,1144,True
16889,1146,True
16890,1148,True
16891,1150,True
16892,219,False
16893,1153,True
16894,1157,True
16895,230,False
16896,1160,True
16897,232,False
16898,1169,True
16899,158,False
16900,1170,True
16901,61,False
16902,229,False
16903,238,False
16904,239,False
16905,232,False
16906,1192,True
16907,1212,True
16908,1218,True
16909,1219,True
16910,169,False
16911,1220,True
16912,262,False
16913,1230,True
16914,1240,True
16915,75,False
16916,1246,True
16917,252,False
16918,253,False
16919,1257,True
16920,1258,True
16921,783,False
16922,158,False
16923,1266,True
16924,251,False
16925,1268,True
16926,1269,True
16927,7393,False
16928,284,False
16929,188,False
16930,1291,True
16931,258,False
16932,259,False
16933,1294,True
16934,193,False
16935,1307,True
16936,1309,True
16937,1315,True
16938,273,False
16939,1326,True
16940,1332,True
16941,1341,True
16942,1344,True
16943,278,False
16944,279,False
16945,1358,True
16946,302,False
16947,1360,True
16948,1364,True
16949,305,False
16950,2,False
16951,1378,True
16952,1386,True
16953,1397,True
16954,114,False
16955,1399,True
16956,587,False
16957,1407,True
16958,1413,True
16959,294,False
16960,219,False
16961,1418,True
16962,317,False
16963,594,False
16964,1422,True
16965,320,False
16966,225,False
16967,127,False
16968,303,False
16969,1429,True
16970,1434,True
16971,1436,True
16972,1450,True
16973,232,False
16974,1460,True
16975,1464,True
16976,285,False
16977,236,False
16978,1465,True
16979,1466,True
16980,239,False
16981,290,False
16982,1468,True
16983,338,False
16984,1473,True
16985,1484,True
16986,1510,True
16987,39,False
16988,1512,True
16989,12,False
16990,249,False
16991,853,False
16992,1513,True
16993,1523,True
16994,1527,True
16995,155,False
16996,48,False
16997,1528,True
16998,21,False
16999,159,False
17000,1534,True
17001,1541,True
17002,261,False
17003,1542,True
17004,1547,True
17005,1552,True
17006,1558,True
17007,1561,True
17008,639,False
17009,640,False
17010,1567,True
17011,1570,True
17012,643,False
17013,1571,True
17014,645,False
17015,1575,True
17016,1578,True
17017,1597,True
17018,178,False
17019,1599,True
17020,1602,True
17021,1603,True
17022,1606,True
17023,183,False
17024,1618,True
17025,1630,True
17026,1639,True
17027,1645,True
17028,1652,True
17029,189,False
17030,2,True
17031,13,True
17032,21,True
17033,27,True
17034,194,False
17035,31,True
17036,391,False
17037,89,False
17038,33,True
17039,199,False
17040,39,True
17041,7507,False
17042,45,True
17043,49,True
17044,55,True
17045,58,True
17046,60,True
17047,64,True
17048,208,False
17049,308,False
17050,76,True
17051,91,True
17052,104,False
17053,98,True
17054,106,False
17055,102,True
17056,107,True
17057,110,True
17058,115,True
17059,130,True
17060,136,True
17061,138,True
17062,417,False
17063,142,True
17064,144,True
17065,927,False
17066,154,True
17067,160,True
17068,171,True
17069,176,True
17070,178,True
17071,179,True
17072,124,False
17073,180,True
17074,126,False
17075,181,True
17076,189,True
17077,237,False
17078,39,False
17079,3,True
17080,14,True
17081,26,True
17082,27,True
17083,39,True
17084,40,True
17085,50,True
17086,246,False
17087,55,True
17088,63,True
17089,444,False
17090,72,True
17091,74,True
17092,76,True
17093,98,True
17094,55,False
17095,101,True
17096,57,False
17097,149,False
17098,114,True
17099,115,True
17100,152,False
17101,122,True
17102,63,False
17103,127,True
17104,65,False
17105,364,False
17106,135,True
17107,141,True
17108,142,True
17109,464,False
17110,151,True
17111,72,False
17112,153,True
17113,168,True
17114,178,True
17115,181,True
17116,375,False
17117,183,True
17118,186,True
17119,80,False
17120,188,True
17121,189,True
17122,200,True
17123,283,False
17124,85,False
17125,177,False
17126,202,True
17127,287,False
17128,214,True
17129,222,True
17130,992,False
17131,232,True
17132,239,True
17133,293,False
17134,186,False
17135,394,False
17136,240,True
17137,297,False
17138,397,False
17139,494,False
17140,192,False
17141,252,True
17142,253,True
17143,498,False
17144,264,True
17145,266,True
17146,107,False
17147,502,False
17148,1010,False
17149,309,False
17150,1012,False
17151,112,False
17152,204,False
17153,313,False
17154,314,False
17155,414,False
17156,316,False
17157,317,False
17158,2,True
17159,3,True
17160,9,True
17161,15,True
17162,214,False
17163,23,True
17164,324,False
17165,27,True
17166,32,True
17167,33,True
17168,41,True
17169,57,True
17170,60,True
17171,65,True
17172,85,True
17173,86,True
17174,98,True
17175,101,True
17176,336,False
17177,108,True
17178,338,False
17179,122,True
17180,131,True
17181,536,False
17182,143,True
17183,343,False
17184,151,True
17185,345,False
17186,157,True
17187,159,True
17188,543,False
17189,165,True
17190,167,True
17191,172,True
17192,173,True
17193,452,False
17194,180,True
17195,550,False
17196,191,True
17197,357,False
17198,194,True
17199,458,False
17200,197,True
17201,206,True
17202,209,True
17203,213,True
17204,559,False
17205,220,True
17206,231,True
17207,1069,False
17208,235,True
17209,564,False
17210,240,True
17211,566,False
17212,259,True
17213,262,True
17214,265,True
17215,176,False
17216,274,True
17217,283,True
17218,378,False
17219,284,True
17220,286,True
17221,381,False
17222,289,True
17223,290,True
17224,295,True
17225,300,True
17226,305,True
17227,313,True
17228,268,False
17229,325,True
17230,270,False
17231,327,True
17232,340,True
17233,1095,False
17234,349,True
17235,354,True
17236,355,True
17237,397,False
17238,362,True
17239,367,True
17240,368,True
17241,369,True
17242,282,False
17243,376,True
17244,404,False
17245,382,True
17246,1108,False
17247,387,True
17248,408,False
17249,392,True
17250,402,True
17251,404,True
17252,411,True
17253,416,True
17254,419,True
17255,8,False
17256,420,True
17257,297,False
17258,434,True
17259,419,False
17260,435,True
17261,440,True
17262,4,False
17263,446,True
17264,6,False
17265,18,False
17266,468,True
17267,470,True
17268,474,True
17269,429,False
17270,481,True
17271,1133,False
17272,484,True
17273,26,False
17274,27,False
17275,487,True
17276,488,True
17277,30,False
17278,495,True
17279,21,False
17280,33,False
17281,497,True
17282,502,True
17283,323,False
17284,517,True
17285,518,True
17286,519,True
17287,7680,False
17288,522,True
17289,525,True
17290,535,True
17291,540,True
17292,543,True
17293,551,True
17294,552,True
17295,455,False
17296,38,False
17297,580,True
17298,338,False
17299,583,True
17300,584,True
17301,585,True
17302,587,True
17303,596,True
17304,602,True
17305,604,True
17306,633,True
17307,648,True
17308,651,True
17309,652,True
17310,52,False
17311,654,True
17312,1174,False
17313,656,True
17314,660,True
17315,661,True
17316,663,True
17317,664,True
17318,682,True
17319,703,True
17320,715,True
17321,716,True
17322,718,True
17323,726,True
17324,733,True
17325,738,True
17326,749,True
17327,487,False
17328,751,True
17329,755,True
17330,4,False
17331,760,True
17332,2,False
17333,3,False
17334,11,False
17335,1,False
17336,31,True
17337,33,True
17338,15,False
17339,49,True
17340,69,True
17341,70,True
17342,75,True
17343,13,False
17344,80,True
17345,84,True
17346,16,False
17347,86,True
17348,89,True
17349,92,True
17350,93,True
17351,106,True
17352,114,True
17353,120,True
17354,125,True
17355,128,True
17356,129,True
17357,34,False
17358,136,True
17359,143,True
17360,145,True
17361,150,True
17362,163,True
17363,7756,False
17364,38,False
17365,164,True
17366,40,False
17367,37,False
17368,38,False
17369,170,True
17370,178,True
17371,180,True
17372,185,True
17373,187,True
17374,1236,False
17375,197,True
17376,50,False
17377,213,True
17378,214,True
17379,49,False
17380,50,False
17381,217,True
17382,220,True
17383,226,True
17384,240,True
17385,243,True
17386,246,True
17387,254,True
17388,52,False
17389,256,True
17390,260,True
17391,262,True
17392,293,True
17393,296,True
17394,298,True
17395,302,True
17396,304,True
17397,314,True
17398,320,True
17399,323,True
17400,325,True
17401,342,True
17402,345,True
17403,353,True
17404,74,False
17405,354,True
17406,355,True
17407,81,False
17408,363,True
17409,372,True
17410,84,False
17411,374,True
17412,376,True
17413,378,True
17414,7807,False
17415,85,False
17416,386,True
17417,389,True
17418,28,False
17419,89,False
17420,94,False
17421,404,True
17422,414,True
17423,93,False
17424,94,False
17425,95,False
17426,415,True
17427,1289,False
17428,38,False
17429,418,True
17430,419,True
17431,423,True
17432,424,True
17433,7826,False
17434,1296,False
17435,427,True
17436,46,False
17437,430,True
17438,454,True
17439,7832,False
17440,1302,False
17441,51,False
17442,463,True
17443,464,True
17444,26,False
17445,470,True
17446,471,True
17447,473,True
17448,477,True
17449,59,False
17450,480,True
17451,491,True
17452,122,False
17453,123,False
17454,493,True
17455,494,True
17456,66,False
17457,499,True
17458,40,False
17459,517,True
17460,518,True
17461,519,True
17462,523,True
17463,524,True
17464,525,True
17465,526,True
17466,7859,False
17467,527,True
17468,528,True
17469,529,True
17470,533,True
17471,534,True
17472,537,True
17473,548,True
17474,554,True
17475,145,False
17476,572,True
17477,577,True
17478,578,True
17479,584,True
17480,150,False
17481,588,True
17482,599,True
17483,153,False
17484,602,True
17485,603,True
17486,604,True
17487,609,True
17488,98,False
17489,610,True
17490,614,True
17491,623,True
17492,624,True
17493,628,True
17494,640,True
17495,641,True
17496,644,True
17497,645,True
17498,24,False
17499,646,True
17500,110,False
17501,655,True
17502,28,False
17503,1365,False
17504,658,True
17505,7898,False
17506,116,False
17507,661,True
17508,118,False
17509,665,True
17510,672,True
17511,673,True
17512,182,False
17513,675,True
17514,184,False
17515,676,True
17516,680,True
17517,1379,False
17518,188,False
17519,681,True
17520,194,False
17521,684,True
17522,692,True
17523,698,True
17524,702,True
17525,7918,False
17526,704,True
17527,705,True
17528,712,True
17529,199,False
17530,713,True
17531,201,False
17532,717,True
17533,59,False
17534,720,True
17535,145,False
17536,721,True
17537,7930,False
17538,148,False
17539,731,True
17540,150,False
17541,737,True
17542,742,True
17543,749,True
17544,750,True
17545,1407,False
17546,1408,False
17547,753,True
17548,760,True
17549,219,False
17550,767,True
17551,773,True
17552,78,False
17553,3,True
17554,228,False
17555,165,False
17556,12,True
17557,32,True
17558,1420,False
17559,39,True
17560,47,True
17561,235,False
17562,49,True
17563,57,True
17564,59,True
17565,235,False
17566,60,True
17567,64,True
17568,70,True
17569,74,True
17570,76,True
17571,87,True
17572,1434,False
17573,99,False
17574,95,True
17575,97,True
17576,186,False
17577,103,False
17578,103,True
17579,107,True
17580,190,False
17581,108,True
17582,120,True
17583,132,True
17584,143,True
17585,5,False
17586,169,True
17587,172,True
17588,181,True
17589,115,False
17590,183,True
17591,11,False
17592,190,True
17593,13,False
17594,198,True
17595,209,True
17596,212,True
17597,219,True
17598,268,False
17599,209,False
17600,223,True
17601,229,True
17602,239,True
17603,244,True
17604,257,True
17605,259,True
17606,29,False
17607,273,True
17608,279,True
17609,285,True
17610,287,True
17611,304,True
17612,308,True
17613,283,False
17614,315,True
17615,317,True
17616,39,False
17617,37,False
17618,288,False
17619,8012,False
17620,319,True
17621,324,True
17622,325,True
17623,46,False
17624,327,True
17625,339,True
17626,341,True
17627,50,False
17628,238,False
17629,348,True
17630,362,True
17631,241,False
17632,52,False
17633,243,False
17634,363,True
17635,368,True
17636,395,True
17637,398,True
17638,415,True
17639,419,True
17640,432,True
17641,433,True
17642,438,True
17643,440,True
17644,448,True
17645,171,False
17646,1508,False
17647,449,True
17648,174,False
17649,259,False
17650,453,True
17651,71,False
17652,455,True
17653,179,False
17654,324,False
17655,458,True
17656,460,True
17657,77,False
17658,328,False
17659,4,True
17660,7,True
17661,331,False
17662,17,True
17663,26,True
17664,32,True
17665,42,True
17666,54,True
17667,58,True
17668,88,False
17669,61,True
17670,62,True
17671,281,False
17672,282,False
17673,93,False
17674,91,True
17675,95,True
17676,101,True
17677,104,True
17678,106,True
17679,109,True
17680,1542,False
17681,1543,False
17682,113,True
17683,120,True
17684,121,True
17685,125,True
17686,135,True
17687,136,True
17688,141,True
17689,147,True
17690,148,True
17691,361,False
17692,150,True
17693,363,False
17694,176,True
17695,1557,False
17696,181,True
17697,185,True
17698,204,True
17699,369,False
17700,109,False
17701,206,True
17702,212,True
17703,215,True
17704,113,False
17705,230,True
17706,238,True
17707,240,True
17708,250,True
17709,319,False
17710,259,True
17711,262,True
17712,121,False
17713,122,False
17714,264,True
17715,325,False
17716,269,True
17717,270,True
17718,276,True
17719,389,False
17720,330,False
17721,279,True
17722,282,True
17723,285,True
17724,394,False
17725,287,True
17726,296,True
17727,322,True
17728,324,True
17729,138,False
17730,325,True
17731,336,True
17732,342,False
17733,355,True
17734,344,False
17735,356,True
17736,346,False
17737,146,False
17738,363,True
17739,364,True
17740,367,True
17741,368,True
17742,8135,False
17743,370,True
17744,372,True
17745,378,True
17746,383,True
17747,392,True
17748,393,True
17749,396,True
17750,397,True
17751,398,True
17752,404,True
17753,406,True
17754,163,False
17755,425,False
17756,410,True
17757,413,True
17758,417,True
17759,424,True
17760,431,True
17761,170,False
17762,435,True
17763,17,False
17764,440,True
17765,463,True
17766,175,False
17767,475,True
17768,438,False
17769,487,True
17770,179,False
17771,25,False
17772,493,True
17773,501,True
17774,183,False
17775,445,False
17776,30,False
17777,31,False
17778,509,True
17779,510,True
17780,189,False
17781,521,True
17782,36,False
17783,524,True
17784,454,False
17785,8178,False
17786,527,True
17787,457,False
17788,538,True
17789,539,True
17790,541,True
17791,542,True
17792,548,True
17793,549,True
17794,464,False
17795,553,True
17796,568,True
17797,569,True
17798,468,False
17799,572,True
17800,577,True
17801,579,True
17802,472,False
17803,11,False
17804,580,True
17805,593,True
17806,605,True
17807,606,True
17808,609,True
17809,612,True
17810,613,True
17811,614,True
17812,222,False
17813,624,True
17814,23,False
17815,628,True
17816,487,False
17817,640,True
17818,643,True
17819,645,True
17820,491,False
17821,650,True
17822,651,True
17823,656,True
17824,658,True
17825,8219,False
17826,660,True
17827,680,True
17828,687,True
17829,500,False
17830,688,True
17831,559,False
17832,695,True
17833,696,True
17834,700,True
17835,44,False
17836,706,True
17837,724,True
17838,725,True
17839,737,True
17840,746,True
17841,753,True
17842,17,False
17843,22,False
17844,761,True
17845,516,False
17846,55,False
17847,771,True
17848,23,False
17849,24,False
17850,578,False
17851,30,False
17852,782,True
17853,785,True
17854,790,True
17855,793,True
17856,799,True
17857,36,False
17858,807,True
17859,68,False
17860,531,False
17861,532,False
17862,809,True
17863,816,True
17864,818,True
17865,820,True
17866,838,True
17867,841,True
17868,861,True
17869,78,False
17870,862,True
17871,281,False
17872,869,True
17873,875,True
17874,284,False
17875,84,False
17876,6,True
17877,10,True
17878,288,False
17879,16,True
17880,18,True
17881,24,True
17882,35,True
17883,38,True
17884,41,True
17885,94,False
17886,43,True
17887,8280,False
17888,44,True
17889,50,True
17890,51,True
17891,52,True
17892,53,True
17893,68,False
17894,57,True
17895,63,True
17896,66,True
17897,68,True
17898,73,True
17899,78,True
17900,101,True
17901,106,True
17902,110,True
17903,138,False
17904,113,False
17905,113,True
17906,116,True
17907,118,True
17908,579,False
17909,121,True
17910,126,True
17911,134,True
17912,322,False
17913,163,True
17914,324,False
17915,172,True
17916,176,True
17917,126,False
17918,127,False
17919,147,False
17920,181,True
17921,182,True
17922,196,True
17923,201,True
17924,80,False
17925,24,False
17926,154,False
17927,102,False
17928,156,False
17929,214,True
17930,219,True
17931,30,False
17932,222,True
17933,226,True
17934,344,False
17935,144,False
17936,35,False
17937,233,True
17938,609,False
17939,234,True
17940,611,False
17941,116,False
17942,353,False
17943,235,True
17944,237,True
17945,356,False
17946,175,False
17947,253,True
17948,255,True
17949,360,False
17950,256,True
17951,261,True
17952,128,False
17953,271,True
17954,273,True
17955,165,False
17956,276,True
17957,186,False
17958,285,True
17959,289,True
17960,303,True
17961,138,False
17962,308,True
17963,311,True
17964,313,True
17965,638,False
17966,196,False
17967,315,True
17968,380,False
17969,334,True
17970,342,True
17971,345,True
17972,346,True
17973,523,False
17974,524,False
17975,525,False
17976,353,True
17977,389,False
17978,363,True
17979,652,False
17980,530,False
17981,366,True
17982,394,False
17983,367,True
17984,657,False
17985,535,False
17986,374,True
17987,375,True
17988,381,True
17989,166,False
17990,167,False
17991,385,True
17992,387,True
17993,223,False
17994,388,True
17995,389,True
17996,403,True
17997,409,False
17998,11,False
17999,408,True
18000,411,True
18001,414,True
18002,415,True
18003,16,False
18004,429,True
18005,216,False
18006,432,True
18007,419,False
18008,21,False
18009,433,True
18010,187,False
18011,436,True
18012,242,False
18013,437,True
18014,439,True
18015,440,True
18016,29,False
18017,429,False
18018,31,False
18019,249,False
18020,250,False
18021,694,False
18022,199,False
18023,253,False
18024,254,False
18025,38,False
18026,39,False
18027,439,False
18028,701,False
18029,441,False
18030,442,False
18031,208,False
18032,705,False
18033,1,True
18034,13,True
18035,20,True
18036,23,True
18037,51,True
18038,215,False
18039,28,False
18040,37,False
18041,48,False
18042,56,True
18043,52,False
18044,59,True
18045,718,False
18046,63,True
18047,258,False
18048,259,False
18049,87,True
18050,261,False
18051,17,False
18052,91,True
18053,109,True
18054,127,True
18055,10,False
18056,8423,False
18057,469,False
18058,145,True
18059,150,True
18060,158,True
18061,28,False
18062,274,False
18063,177,True
18064,187,True
18065,193,True
18066,278,False
18067,34,False
18068,481,False
18069,201,True
18070,206,True
18071,27,False
18072,8440,False
18073,211,True
18074,30,False
18075,31,False
18076,214,True
18077,751,False
18078,491,False
18079,223,True
18080,754,False
18081,224,True
18082,49,False
18083,255,True
18084,259,True
18085,759,False
18086,270,True
18087,276,True
18088,285,True
18089,288,True
18090,46,False
18091,303,False
18092,289,True
18093,297,True
18094,299,True
18095,306,True
18096,52,False
18097,313,True
18098,314,True
18099,311,False
18100,774,False
18101,318,True
18102,314,False
18103,319,True
18104,60,False
18105,342,True
18106,780,False
18107,350,True
18108,353,True
18109,360,True
18110,365,True
18111,375,True
18112,401,True
18113,403,True
18114,406,True
18115,407,True
18116,72,False
18117,408,True
18118,409,True
18119,1,False
18120,414,True
18121,77,False
18122,796,False
18123,79,False
18124,7,True
18125,799,False
18126,82,False
18127,17,True
18128,19,True
18129,35,True
18130,543,False
18131,71,True
18132,75,True
18133,546,False
18134,81,True
18135,92,True
18136,92,False
18137,96,True
18138,101,True
18139,103,True
18140,814,False
18141,7,False
18142,104,True
18143,817,False
18144,100,False
18145,105,True
18146,108,True
18147,109,True
18148,104,False
18149,119,True
18150,106,False
18151,124,True
18152,108,False
18153,827,False
18154,567,False
18155,125,True
18156,112,False
18157,126,True
18158,148,True
18159,1,False
18160,171,True
18161,172,True
18162,173,True
18163,187,True
18164,188,True
18165,839,False
18166,191,True
18167,201,True
18168,204,True
18169,381,False
18170,206,True
18171,209,True
18172,384,False
18173,211,True
18174,212,True
18175,215,True
18176,388,False
18177,216,True
18178,219,True
18179,224,True
18180,227,True
18181,236,True
18182,856,False
18183,25,False
18184,243,True
18185,261,True
18186,860,False
18187,861,False
18188,266,True
18189,311,True
18190,32,False
18191,33,False
18192,319,True
18193,405,False
18194,330,True
18195,344,True
18196,362,True
18197,19,False
18198,371,True
18199,372,True
18200,377,True
18201,43,False
18202,387,True
18203,415,False
18204,392,True
18205,399,True
18206,402,True
18207,29,False
18208,407,True
18209,51,False
18210,416,True
18211,624,False
18212,433,True
18213,887,False
18214,452,True
18215,427,False
18216,455,True
18217,457,True
18218,430,False
18219,893,False
18220,432,False
18221,458,True
18222,461,True
18223,470,True
18224,473,True
18225,492,True
18226,900,False
18227,493,True
18228,902,False
18229,71,False
18230,28,False
18231,73,False
18232,495,True
18233,547,True
18234,553,True
18235,554,True
18236,561,True
18237,564,True
18238,569,True
18239,583,True
18240,588,True
18241,589,True
18242,5,False
18243,622,True
18244,657,False
18245,624,True
18246,626,True
18247,628,True
18248,634,True
18249,923,False
18250,641,True
18251,642,True
18252,926,False
18253,928,False
18254,467,False
18255,468,False
18256,670,False
18257,932,False
18258,933,False
18259,82,False
18260,935,False
18261,84,False
18262,676,False
18263,938,False
18264,477,False
18265,5,True
18266,14,True
18267,26,True
18268,35,True
18269,44,True
18270,47,True
18271,57,True
18272,58,True
18273,687,False
18274,67,True
18275,68,True
18276,951,False
18277,75,True
18278,79,True
18279,954,False
18280,89,True
18281,115,True
18282,131,True
18283,132,True
18284,13,False
18285,14,False
18286,133,True
18287,962,False
18288,139,True
18289,155,True
18290,19,False
18291,157,True
18292,21,False
18293,171,True
18294,177,True
18295,184,True
18296,186,True
18297,26,False
18298,187,True
18299,195,True
18300,714,False
18301,199,True
18302,204,True
18303,207,True
18304,517,False
18305,211,True
18306,222,True
18307,520,False
18308,242,True
18309,243,True
18310,985,False
18311,524,False
18312,267,True
18313,268,True
18314,275,True
18315,276,True
18316,991,False
18317,278,True
18318,279,True
18319,283,True
18320,285,True
18321,8610,False
18322,287,True
18323,290,True
18324,537,False
18325,302,True
18326,154,False
18327,308,True
18328,1003,False
18329,309,True
18330,313,True
18331,315,True
18332,331,True
18333,335,True
18334,162,False
18335,342,True
18336,549,False
18337,354,True
18338,551,False
18339,753,False
18340,363,True
18341,376,True
18342,555,False
18343,380,True
18344,1019,False
18345,384,True
18346,1021,False
18347,560,False
18348,385,True
18349,396,True
18350,397,True
18351,406,True
18352,420,True
18353,567,False
18354,440,True
18355,442,True
18356,450,True
18357,463,True
18358,8648,False
18359,472,True
18360,7,False
18361,36,False
18362,9,False
18363,476,True
18364,1040,False
18365,481,True
18366,489,True
18367,494,True
18368,6,False
18369,495,True
18370,514,True
18371,520,True
18372,1049,False
18373,521,True
18374,1051,False
18375,523,True
18376,52,False
18377,542,True
18378,554,True
18379,557,True
18380,19,False
18381,562,True
18382,568,True
18383,571,True
18384,579,True
18385,24,False
18386,584,True
18387,589,True
18388,594,True
18389,622,True
18390,623,True
18391,1068,False
18392,1069,False
18393,69,False
18394,624,True
18395,632,True
18396,72,False
18397,634,True
18398,638,True
18399,75,False
18400,641,True
18401,646,True
18402,818,False
18403,652,True
18404,658,True
18405,675,True
18406,45,False
18407,677,True
18408,47,False
18409,678,True
18410,49,False
18411,4,False
18412,51,False
18413,684,True
18414,90,False
18415,701,True
18416,1093,False
18417,705,True
18418,57,False
18419,709,True
18420,714,True
18421,718,True
18422,730,True
18423,16,False
18424,63,False
18425,731,True
18426,19,False
18427,734,True
18428,747,True
18429,68,False
18430,751,True
18431,24,False
18432,9,False
18433,752,True
18434,755,True
18435,111,False
18436,781,True
18437,853,False
18438,784,True
18439,795,True
18440,79,False
18441,813,True
18442,823,True
18443,827,True
18444,828,True
18445,833,True
18446,839,True
18447,40,False
18448,845,True
18449,848,True
18450,43,False
18451,863,True
18452,865,True
18453,129,False
18454,1131,False
18455,884,True
18456,887,True
18457,891,True
18458,895,True
18459,1136,False
18460,903,True
18461,1138,False
18462,878,False
18463,1140,False
18464,904,True
18465,8756,False
18466,912,True
18467,913,True
18468,884,False
18469,885,False
18470,915,True
18471,1148,False
18472,922,True
18473,112,False
18474,936,True
18475,944,True
18476,945,True
18477,951,True
18478,963,True
18479,965,True
18480,156,False
18481,1005,True
18482,158,False
18483,1023,True
18484,1161,False
18485,1034,True
18486,79,False
18487,1037,True
18488,1165,False
18489,1041,True
18490,1042,True
18491,1051,True
18492,15,False
18493,70,False
18494,1054,True
18495,134,False
18496,172,False
18497,1056,True
18498,1058,True
18499,1176,False
18500,176,False
18501,1060,True
18502,1061,True
18503,1062,True
18504,1182,False
18505,145,False
18506,1067,True
18507,1068,True
18508,185,False
18509,926,False
18510,1,True
18511,8,True
18512,9,True
18513,15,True
18514,25,True
18515,33,True
18516,40,True
18517,41,True
18518,47,True
18519,60,True
18520,63,True
18521,99,False
18522,79,False
18523,107,True
18524,109,True
18525,125,True
18526,132,True
18527,138,True
18528,168,False
18529,24,False
18530,142,True
18531,153,True
18532,110,False
18533,161,True
18534,29,False
18535,170,True
18536,171,True
18537,173,True
18538,33,False
18539,181,True
18540,957,False
18541,182,True
18542,184,True
18543,220,False
18544,8836,False
18545,196,True
18546,199,True
18547,206,True
18548,43,False
18549,189,False
18550,231,True
18551,238,True
18552,47,False
18553,256,True
18554,258,True
18555,260,True
18556,261,True
18557,197,False
18558,264,True
18559,54,False
18560,270,True
18561,978,False
18562,273,True
18563,980,False
18564,981,False
18565,143,False
18566,274,True
18567,8859,False
18568,278,True
18569,293,True
18570,304,True
18571,306,True
18572,249,False
18573,308,True
18574,311,True
18575,314,True
18576,323,True
18577,330,True
18578,73,False
18579,219,False
18580,341,True
18581,344,True
18582,160,False
18583,365,True
18584,368,True
18585,9,False
18586,370,True
18587,11,False
18588,12,False
18589,371,True
18590,14,False
18591,384,True
18592,87,False
18593,389,True
18594,393,True
18595,19,False
18596,408,True
18597,8889,False
18598,421,True
18599,94,False
18600,24,False
18601,424,True
18602,279,False
18603,431,True
18604,29,False
18605,438,True
18606,247,False
18607,441,True
18608,1026,False
18609,456,True
18610,458,True
18611,289,False
18612,464,True
18613,8906,False
18614,470,True
18615,1033,False
18616,473,True
18617,474,True
18618,475,True
18619,476,True
18620,298,False
18621,478,True
18622,480,True
18623,486,True
18624,490,True
18625,8918,False
18626,501,True
18627,1045,False
18628,503,True
18629,512,True
18630,529,True
18631,534,True
18632,537,True
18633,548,True
18634,566,True
18635,11,False
18636,572,True
18637,574,True
18638,581,True
18639,1057,False
18640,281,False
18641,584,True
18642,599,True
18643,609,True
18644,613,True
18645,141,False
18646,616,True
18647,288,False
18648,620,True
18649,290,False
18650,291,False
18651,624,True
18652,148,False
18653,628,True
18654,295,False
18655,632,True
18656,633,True
18657,651,True
18658,8951,False
18659,660,True
18660,670,True
18661,302,False
18662,158,False
18663,675,True
18664,677,True
18665,1077,False
18666,689,True
18667,246,False
18668,701,True
18669,8962,False
18670,311,False
18671,47,False
18672,251,False
18673,703,True
18674,706,True
18675,1087,False
18676,712,True
18677,721,True
18678,725,True
18679,727,True
18680,735,True
18681,739,True
18682,323,False
18683,742,True
18684,749,True
18685,753,True
18686,182,False
18687,777,True
18688,329,False
18689,783,True
18690,785,True
18691,805,True
18692,333,False
18693,811,True
18694,817,True
18695,13,False
18696,819,True
18697,822,True
18698,277,False
18699,827,True
18700,196,False
18701,834,True
18702,851,True
18703,860,True
18704,862,True
18705,23,False
18706,873,True
18707,203,False
18708,874,True
18709,350,False
18710,888,True
18711,918,True
18712,929,True
18713,930,True
18714,293,False
18715,211,False
18716,933,True
18717,9010,False
18718,937,True
18719,215,False
18720,945,True
18721,952,True
18722,958,True
18723,960,True
18724,965,True
18725,974,True
18726,367,False
18727,976,True
18728,989,True
18729,1003,True
18730,1014,True
18731,310,False
18732,311,False
18733,1040,True
18734,375,False
18735,1044,True
18736,1045,True
18737,55,False
18738,1059,True
18739,1063,True
18740,58,False
18741,117,False
18742,1070,True
18743,1079,True
18744,1083,True
18745,63,False
18746,1086,True
18747,1094,True
18748,66,False
18749,245,False
18750,1098,True
18751,247,False
18752,1100,True
18753,1108,True
18754,72,False
18755,1109,True
18756,252,False
18757,1129,True
18758,76,False
18759,1144,True
18760,401,False
18761,1150,True
18762,80,False
18763,404,False
18764,1179,True
18765,9058,False
18766,1183,True
18767,1189,True
18768,1190,True
18769,1193,True
18770,1213,True
18771,412,False
18772,1221,True
18773,1235,True
18774,415,False
18775,93,False
18776,1237,True
18777,1243,True
18778,1247,True
18779,1258,True
18780,1281,True
18781,1284,True
18782,1293,True
18783,362,False
18784,1297,True
18785,1300,True
18786,1304,True
18787,105,False
18788,1306,True
18789,1311,True
18790,1312,True
18791,432,False
18792,1315,True
18793,289,False
18794,1317,True
18795,1319,True
18796,1325,True
18797,1338,True
18798,174,False
18799,1345,True
18800,379,False
18801,1350,True
18802,178,False
18803,1359,True
18804,1376,True
18805,1378,True
18806,302,False
18807,1390,True
18808,1392,True
18809,1395,True
18810,1399,True
18811,452,False
18812,1403,True
18813,309,False
18814,1404,True
18815,1413,True
18816,1421,True
18817,1442,True
18818,459,False
18819,1445,True
18820,1454,True
18821,317,False
18822,1455,True
18823,1471,True
18824,200,False
18825,1474,True
18826,322,False
18827,1481,True
18828,407,False
18829,147,False
18830,1485,True
18831,1486,True
18832,411,False
18833,329,False
18834,1487,True
18835,1493,True
18836,154,False
18837,1495,True
18838,1502,True
18839,1505,True
18840,481,False
18841,1516,True
18842,1532,True
18843,484,False
18844,1550,True
18845,163,False
18846,1554,True
18847,1561,True
18848,344,False
18849,1573,True
18850,429,False
18851,1574,True
18852,493,False
18853,171,False
18854,1575,True
18855,1577,True
18856,435,False
18857,1581,True
18858,1600,True
18859,355,False
18860,1601,True
18861,1612,True
18862,1619,True
18863,1620,True
18864,1629,True
18865,1631,True
18866,1641,True
18867,363,False
18868,1642,True
18869,245,False
18870,1651,True
18871,367,False
18872,513,False
18873,1662,True
18874,1663,True
18875,1675,True
18876,372,False
18877,1676,True
18878,1681,True
18879,1683,True
18880,376,False
18881,522,False
18882,1698,True
18883,201,False
18884,1700,True
18885,464,False
18886,1702,True
18887,1710,True
18888,1711,True
18889,468,False
18890,1714,True
18891,209,False
18892,1726,True
18893,1731,True
18894,473,False
18895,1734,True
18896,170,False
18897,1735,True
18898,1739,True
18899,173,False
18900,1746,True
18901,1748,True
18902,176,False
18903,1753,True
18904,1762,True
18905,1778,True
18906,1782,True
18907,403,False
18908,404,False
18909,1783,True
18910,1784,True
18911,1785,True
18912,4,False
18913,5,False
18914,1786,True
18915,1790,True
18916,557,False
18917,1793,True
18918,413,False
18919,1797,True
18920,1806,True
18921,1811,True
18922,240,False
18923,1814,True
18924,1819,True
18925,420,False
18926,421,False
18927,1841,True
18928,423,False
18929,1850,True
18930,1855,True
18931,249,False
18932,1861,True
18933,1869,True
18934,1879,True
18935,514,False
18936,1882,True
18937,1883,True
18938,1884,True
18939,1890,True
18940,1899,True
18941,1905,True
18942,1913,True
18943,1928,True
18944,1935,True
18945,263,False
18946,1937,True
18947,9222,False
18948,1970,True
18949,1974,True
18950,1981,True
18951,269,False
18952,1982,True
18953,227,False
18954,1989,True
18955,534,False
18956,1997,True
18957,2003,True
18958,2005,True
18959,454,False
18960,2006,True
18961,2021,True
18962,236,False
18963,28,False
18964,2031,True
18965,2035,True
18966,2042,True
18967,2043,True
18968,2044,True
18969,2060,True
18970,2069,True
18971,2071,True
18972,2074,True
18973,2077,True
18974,2080,True
18975,2089,True
18976,2094,True
18977,2105,True
18978,2107,True
18979,620,False
18980,2111,True
18981,2131,True
18982,2149,True
18983,301,False
18984,2157,True
18985,2161,True
18986,2168,True
18987,482,False
18988,2171,True
18989,484,False
18990,2176,True
18991,2200,True
18992,571,False
18993,2204,True
18994,2205,True
18995,2210,True
18996,637,False
18997,25,False
18998,272,False
18999,2214,True
19000,28,False
19001,2220,True
19002,2221,True
19003,2224,True
19004,499,False
19005,2235,True
19006,2241,True
19007,35,False
19008,2261,True
19009,2265,True
19010,2282,True
19011,2308,True
19012,40,False
19013,654,False
19014,2315,True
19015,594,False
19016,2333,True
19017,2334,True
19018,2335,True
19019,514,False
19020,2351,True
19021,516,False
19022,2365,True
19023,9298,False
19024,665,False
19025,2367,True
19026,2373,True
19027,2392,True
19028,2396,True
19029,2397,True
19030,2404,True
19031,2428,True
19032,2430,True
19033,674,False
19034,2436,True
19035,2443,True
19036,677,False
19037,2453,True
19038,2457,True
19039,534,False
19040,2458,True
19041,2465,True
19042,2466,True
19043,2474,True
19044,2475,True
19045,2477,True
19046,364,False
19047,2481,True
19048,2485,True
19049,2501,True
19050,2516,True
19051,546,False
19052,693,False
19053,2520,True
19054,2521,True
19055,2530,True
19056,2534,True
19057,2535,True
19058,2546,True
19059,2548,True
19060,2562,True
19061,2580,True
19062,2591,True
19063,558,False
19064,9339,False
19065,2595,True
19066,561,False
19067,562,False
19068,2597,True
19069,2603,True
19070,2604,True
19071,2605,True
19072,2621,True
19073,2626,True
19074,2629,True
19075,2631,True
19076,2635,True
19077,351,False
19078,2646,True
19079,2650,True
19080,2651,True
19081,2654,True
19082,2655,True
19083,2660,True
19084,402,False
19085,2665,True
19086,2680,True
19087,2692,True
19088,2702,True
19089,2720,True
19090,2727,True
19091,2730,True
19092,2731,True
19093,2733,False
19094,412,False
19095,674,False
19096,124,False
19097,2736,True
19098,9373,False
19099,127,False
19100,2744,True
19101,2745,True
19102,2746,True
19103,2760,True
19104,5,False
19105,2762,True
19106,747,False
19107,602,False
19108,749,False
19109,750,False
19110,428,False
19111,606,False
19112,607,False
19113,3,True
19114,7,True
19115,15,True
19116,16,True
19117,23,True
19118,28,True
19119,437,False
19120,21,False
19121,36,True
19122,37,True
19123,51,True
19124,54,True
19125,9400,False
19126,444,False
19127,65,True
19128,71,True
19129,4,False
19130,82,True
19131,108,True
19132,773,False
19133,112,True
19134,124,True
19135,453,False
19136,130,True
19137,131,True
19138,456,False
19139,9414,False
19140,132,True
19141,782,False
19142,135,True
19143,784,False
19144,462,False
19145,139,True
19146,145,True
19147,788,False
19148,49,False
19149,147,True
19150,148,True
19151,150,True
19152,158,True
19153,28,False
19154,29,False
19155,179,True
19156,187,True
19157,191,True
19158,799,False
19159,195,True
19160,197,True
19161,479,False
19162,199,True
19163,215,True
19164,223,True
19165,225,True
19166,240,True
19167,247,True
19168,747,False
19169,266,True
19170,278,True
19171,279,True
19172,47,False
19173,283,True
19174,298,True
19175,9450,False
19176,309,True
19177,324,True
19178,53,False
19179,329,True
19180,337,True
19181,338,True
19182,57,False
19183,339,True
19184,825,False
19185,341,True
19186,504,False
19187,350,True
19188,767,False
19189,357,True
19190,508,False
19191,509,False
19192,369,True
19193,383,True
19194,390,True
19195,400,True
19196,9471,False
19197,9472,False
19198,516,False
19199,407,True
19200,416,True
19201,780,False
19202,520,False
19203,419,True
19204,425,True
19205,523,False
19206,430,True
19207,82,False
19208,431,True
19209,437,True
19210,456,True
19211,460,True
19212,465,True
19213,792,False
19214,471,True
19215,472,True
19216,857,False
19217,475,True
19218,93,False
19219,477,True
19220,95,False
19221,491,True
19222,97,False
19223,500,True
19224,518,True
19225,535,True
19226,867,False
19227,546,True
19228,553,True
19229,554,True
19230,105,False
19231,810,False
19232,563,True
19233,565,True
19234,570,True
19235,580,True
19236,610,True
19237,616,True
19238,622,True
19239,623,True
19240,640,True
19241,642,True
19242,883,False
19243,648,True
19244,119,False
19245,886,False
19246,649,True
19247,654,True
19248,659,True
19249,56,False
19250,125,False
19251,661,True
19252,695,True
19253,698,True
19254,895,False
19255,703,True
19256,711,True
19257,713,True
19258,715,True
19259,717,True
19260,901,False
19261,579,False
19262,718,True
19263,728,True
19264,743,True
19265,754,True
19266,141,False
19267,780,True
19268,586,False
19269,144,False
19270,781,True
19271,783,True
19272,79,False
19273,914,False
19274,149,False
19275,784,True
19276,789,True
19277,152,False
19278,793,True
19279,798,True
19280,802,True
19281,803,True
19282,157,False
19283,811,True
19284,818,True
19285,603,False
19286,820,True
19287,605,False
19288,827,True
19289,868,False
19290,830,True
19291,166,False
19292,831,True
19293,872,False
19294,832,True
19295,846,True
19296,875,False
19297,863,True
19298,173,False
19299,878,True
19300,883,True
19301,898,True
19302,903,True
19303,910,True
19304,179,False
19305,623,False
19306,917,True
19307,919,True
19308,949,False
19309,920,True
19310,185,False
19311,629,False
19312,953,False
19313,936,True
19314,189,False
19315,894,False
19316,958,True
19317,962,True
19318,964,True
19319,966,True
19320,961,False
19321,973,True
19322,976,True
19323,981,True
19324,965,False
19325,988,True
19326,993,True
19327,645,False
19328,998,True
19329,647,False
19330,1007,True
19331,1012,True
19332,1015,True
19333,1022,True
19334,1030,True
19335,914,False
19336,1038,True
19337,1043,True
19338,1060,True
19339,214,False
19340,1072,True
19341,1076,True
19342,1084,True
19343,1088,True
19344,1091,True
19345,1109,True
19346,1127,True
19347,1130,True
19348,1146,True
19349,1148,True
19350,225,False
19351,930,False
19352,1154,True
19353,1158,True
19354,1161,True
19355,230,False
19356,1164,True
19357,936,False
19358,1166,True
19359,1168,True
19360,1171,True
19361,1175,True
19362,680,False
19363,1191,True
19364,1192,True
19365,1207,True
19366,945,False
19367,1212,True
19368,1227,True
19369,244,False
19370,1011,False
19371,8,True
19372,15,True
19373,690,False
19374,1014,False
19375,249,False
19376,39,True
19377,53,True
19378,24,False
19379,61,True
19380,958,False
19381,67,True
19382,69,True
19383,700,False
19384,70,True
19385,31,False
19386,75,True
19387,95,True
19388,966,False
19389,967,False
19390,102,True
19391,114,True
19392,1032,False
19393,120,True
19394,129,True
19395,136,True
19396,713,False
19397,145,True
19398,151,True
19399,156,True
19400,162,True
19401,275,False
19402,165,True
19403,277,False
19404,11,False
19405,722,False
19406,166,True
19407,180,True
19408,183,True
19409,184,True
19410,192,True
19411,201,True
19412,203,True
19413,991,False
19414,9688,False
19415,221,True
19416,1056,False
19417,24,False
19418,227,True
19419,234,True
19420,1060,False
19421,241,True
19422,296,False
19423,740,False
19424,248,True
19425,254,True
19426,263,True
19427,264,True
19428,1068,False
19429,269,True
19430,271,True
19431,277,True
19432,9706,False
19433,284,True
19434,289,True
19435,1075,False
19436,299,True
19437,311,False
19438,300,True
19439,303,True
19440,307,True
19441,311,True
19442,1082,False
19443,313,True
19444,315,True
19445,326,True
19446,329,True
19447,1087,False
19448,334,True
19449,344,True
19450,57,False
19451,346,True
19452,355,True
19453,327,False
19454,368,True
19455,371,True
19456,378,True
19457,384,True
19458,395,True
19459,403,True
19460,409,True
19461,411,True
19462,415,True
19463,435,True
19464,71,False
19465,453,True
19466,461,True
19467,463,True
19468,75,False
19469,471,True
19470,1110,False
19471,507,True
19472,512,True
19473,514,True
19474,530,True
19475,3,False
19476,531,True
19477,539,True
19478,544,True
19479,546,True
19480,797,False
19481,548,True
19482,554,True
19483,564,True
19484,358,False
19485,13,False
19486,568,True
19487,94,False
19488,362,False
19489,571,True
19490,582,True
19491,9758,False
19492,1132,False
19493,584,True
19494,587,True
19495,593,True
19496,594,True
19497,604,True
19498,615,True
19499,816,False
19500,623,True
19501,627,True
19502,632,True
19503,636,True
19504,649,True
19505,379,False
19506,655,True
19507,660,True
19508,662,True
19509,670,True
19510,677,True
19511,696,True
19512,699,True
19513,706,True
19514,709,True
19515,712,True
19516,720,True
19517,721,True
19518,731,True
19519,739,True
19520,9787,False
19521,752,True
19522,1162,False
19523,753,True
19524,767,True
19525,132,False
19526,768,True
19527,2,False
19528,775,True
19529,777,True
19530,785,True
19531,786,True
19532,790,True
19533,794,True
19534,796,True
19535,807,True
19536,808,True
19537,810,True
19538,836,True
19539,839,True
19540,1180,False
19541,845,True
19542,847,True
19543,861,True
19544,865,True
19545,867,True
19546,869,True
19547,875,True
19548,879,True
19549,882,True
19550,5,False
19551,886,True
19552,892,True
19553,896,True
19554,1194,False
19555,872,False
19556,908,True
19557,913,True
19558,43,False
19559,919,True
19560,922,True
19561,16,False
19562,933,True
19563,934,True
19564,942,True
19565,953,True
19566,954,True
19567,885,False
19568,971,True
19569,986,True
19570,998,True
19571,1002,True
19572,1011,True
19573,1018,True
19574,1020,True
19575,1040,True
19576,1042,True
19577,1049,True
19578,1053,True
19579,1058,True
19580,1063,True
19581,1064,True
19582,1222,False
19583,1065,True
19584,1224,False
19585,902,False
19586,1226,False
19587,1080,True
19588,1081,True
19589,1087,True
19590,1103,True
19591,1231,False
19592,1110,True
19593,1120,True
19594,1131,True
19595,1144,True
19596,1156,True
19597,1171,True
19598,1174,True
19599,1239,False
19600,917,False
19601,1181,True
19602,1185,True
19603,1191,True
19604,1198,True
19605,1206,True
19606,1210,True
19607,1219,True
19608,1222,True
19609,1223,True
19610,1233,True
19611,1236,True
19612,1257,True
19613,1259,True
19614,1264,True
19615,1271,True
19616,1276,True
19617,1282,True
19618,1285,True
19619,1287,True
19620,49,False
19621,1288,True
19622,1289,True
19623,1296,True
19624,1264,False
19625,1300,True
19626,1305,True
19627,1267,False
19628,1310,True
19629,1269,False
19630,1341,True
19631,1271,False
19632,1349,True
19633,1351,True
19634,1360,True
19635,1371,True
19636,1276,False
19637,1395,True
19638,1398,True
19639,1401,True
19640,1402,True
19641,1406,True
19642,1407,True
19643,1423,True
19644,1424,True
19645,1429,True
19646,1436,True
19647,40,False
19648,1438,True
19649,1446,True
19650,1466,True
19651,3,False
19652,1467,True
19653,1471,True
19654,1485,True
19655,84,False
19656,1504,True
19657,1510,True
19658,1524,True
19659,88,False
19660,53,False
19661,7,False
19662,1527,True
19663,92,False
19664,57,False
19665,1530,True
19666,1545,True
19667,1556,True
19668,1587,True
19669,1601,True
19670,1606,True
19671,98,False
19672,1620,True
19673,1622,True
19674,1625,True
19675,1636,True
19676,1645,True
19677,1646,True
19678,1651,True
19679,1658,True
19680,9870,False
19681,1666,True
19682,1674,True
19683,110,False
19684,1679,True
19685,19,False
19686,1684,True
19687,21,False
19688,1695,True
19689,1708,True
19690,1717,True
19691,118,False
19692,1737,True
19693,1739,True
19694,1741,True
19695,1774,True
19696,1779,True
19697,1780,True
19698,1787,True
19699,91,False
19700,1789,True
19701,35,False
19702,129,False
19703,1798,True
19704,131,False
19705,1815,True
19706,1823,True
19707,1824,True
19708,1833,True
19709,1837,True
19710,1838,True
19711,1844,True
19712,104,False
19713,47,False
19714,1847,True
19715,1849,True
19716,1867,True
19717,1876,True
19718,52,False
19719,1896,True
19720,1902,True
19721,1905,True
19722,116,False
19723,117,False
19724,120,False
19725,121,False
19726,123,False
19727,1940,True
19728,1941,True
19729,126,False
19730,1944,True
19731,1945,True
19732,1946,True
19733,69,False
19734,1951,True
19735,1996,True
19736,133,False
19737,2014,True
19738,2017,True
19739,2026,True
19740,73,False
19741,2032,True
19742,2039,True
19743,2040,True
19744,2045,True
19745,2050,True
19746,2053,True
19747,2091,True
19748,2108,True
19749,85,False
19750,2111,True
19751,2112,True
19752,149,False
19753,2115,True
19754,2123,True
19755,2134,True
19756,2136,True
19757,93,False
19758,2153,True
19759,2169,True
19760,93,False
19761,97,False
19762,2173,True
19763,2176,True
19764,161,False
19765,2184,True
19766,99,False
19767,2186,True
19768,2210,True
19769,166,False
19770,2215,True
19771,2216,True
19772,169,False
19773,2232,True
19774,2235,True
19775,172,False
19776,109,False
19777,2244,True
19778,2250,True
19779,176,False
19780,113,False
19781,117,False
19782,179,False
19783,2263,True
19784,2273,True
19785,2282,True
19786,2292,True
19787,120,False
19788,121,False
19789,2298,True
19790,2306,True
19791,2309,True
19792,2314,True
19793,190,False
19794,2322,True
19795,2360,True
19796,2370,True
19797,2372,True
19798,2373,True
19799,2405,True
19800,2411,True
19801,2414,True
19802,2416,True
19803,2433,True
19804,2446,True
19805,2453,True
19806,2458,True
19807,2459,True
19808,2470,True
19809,2483,True
19810,21,False
19811,2488,True
19812,2489,True
19813,149,False
19814,2492,True
19815,26,False
19816,2503,True
19817,2515,True
19818,2538,True
19819,30,False
19820,153,False
19821,2560,True
19822,33,False
19823,2564,True
19824,2566,True
19825,2568,True
19826,2571,True
19827,2573,True
19828,2579,True
19829,2580,True
19830,227,False
19831,164,False
19832,2584,True
19833,2590,True
19834,2592,True
19835,171,False
19836,2598,True
19837,2601,True
19838,235,False
19839,50,False
19840,2604,True
19841,2606,True
19842,17,False
19843,2633,True
19844,177,False
19845,2645,True
19846,57,False
19847,180,False
19848,2648,True
19849,2654,True
19850,247,False
19851,26,False
19852,2664,True
19853,2667,True
19854,2674,True
19855,2676,True
19856,2684,True
19857,2686,True
19858,191,False
19859,2693,True
19860,2711,True
19861,2712,True
19862,37,False
19863,2733,True
19864,2761,True
19865,2762,True
19866,42,False
19867,204,False
19868,2763,True
19869,2767,True
19870,2790,True
19871,2793,True
19872,2795,True
19873,2807,True
19874,2808,True
19875,2809,True
19876,7,False
19877,2810,True
19878,2816,True
19879,2829,True
19880,2830,True
19881,215,False
19882,2845,True
19883,59,False
19884,2846,True
19885,222,False
19886,220,False
19887,2849,True
19888,2852,True
19889,2855,True
19890,2873,True
19891,2877,True
19892,2888,True
19893,227,False
19894,2889,True
19895,2902,True
19896,27,False
19897,2903,True
19898,2909,True
19899,2912,True
19900,2920,True
19901,32,False
19902,2923,True
19903,2939,True
19904,2941,True
19905,2945,True
19906,2958,True
19907,2963,True
19908,2969,True
19909,5,False
19910,2970,True
19911,2985,True
19912,2986,True
19913,2989,True
19914,2990,True
19915,2998,True
19916,3005,True
19917,3006,True
19918,3012,True
19919,3019,True
19920,3021,True
19921,3022,True
19922,3024,True
19923,54,False
19924,55,False
19925,3027,True
19926,3030,True
19927,3031,True
19928,3035,True
19929,31,False
19930,3043,True
19931,3044,True
19932,3047,True
19933,3053,True
19934,3055,True
19935,272,False
19936,3062,True
19937,3063,True
19938,40,False
19939,3089,True
19940,3097,True
19941,43,False
19942,44,False
19943,3098,True
19944,3105,True
19945,3120,True
19946,283,False
19947,3145,True
19948,285,False
19949,3146,True
19950,52,False
19951,3160,True
19952,3162,True
19953,3167,True
19954,56,False
19955,3176,True
19956,3187,True
19957,59,False
19958,60,False
19959,3195,True
19960,3196,True
19961,92,False
19962,3206,True
19963,3231,True
19964,66,False
19965,3238,True
19966,97,False
19967,3242,True
19968,3243,True
19969,100,False
19970,3247,True
19971,73,False
19972,3252,True
19973,3256,True
19974,3260,True
19975,3267,True
19976,3272,True
19977,79,False
19978,11,True
19979,14,True
19980,23,True
19981,83,False
19982,113,False
19983,37,True
19984,30,False
19985,45,True
19986,55,True
19987,89,False
19988,59,True
19989,60,True
19990,61,True
19991,63,True
19992,72,True
19993,73,True
19994,83,True
19995,96,True
19996,99,True
19997,103,True
19998,129,False
19999,104,True
20000,107,True
20001,103,False
20002,46,False
20003,134,False
20004,108,True
20005,136,False
20006,137,False
20007,109,False
20008,1,True
20009,18,True
20010,26,True
20011,29,True
20012,42,True
20013,44,True
20014,67,True
20015,72,True
20016,75,True
20017,78,True
20018,82,True
20019,62,False
20020,84,True
20021,99,True
20022,100,True
20023,106,True
20024,155,False
20025,127,False
20026,110,True
20027,111,True
20028,135,True
20029,361,False
20030,147,True
20031,162,False
20032,148,True
20033,154,True
20034,160,True
20035,172,True
20036,368,False
20037,187,True
20038,188,True
20039,193,True
20040,200,True
20041,218,True
20042,373,False
20043,219,True
20044,220,True
20045,223,True
20046,377,False
20047,234,True
20048,249,True
20049,150,False
20050,92,False
20051,262,True
20052,267,True
20053,270,True
20054,276,True
20055,386,False
20056,186,False
20057,286,True
20058,288,True
20059,299,True
20060,303,True
20061,306,True
20062,326,True
20063,335,True
20064,2,False
20065,352,True
20066,365,True
20067,5,False
20068,381,True
20069,170,False
20070,401,False
20071,399,True
20072,10,False
20073,405,True
20074,416,True
20075,421,True
20076,177,False
20077,207,False
20078,425,True
20079,180,False
20080,18,False
20081,427,True
20082,212,False
20083,435,True
20084,124,False
20085,186,False
20086,216,False
20087,445,True
20088,26,False
20089,451,True
20090,421,False
20091,452,True
20092,460,True
20093,481,True
20094,488,True
20095,135,False
20096,494,True
20097,502,True
20098,514,True
20099,526,True
20100,38,False
20101,528,True
20102,539,True
20103,546,True
20104,549,True
20105,145,False
20106,554,True
20107,559,True
20108,563,True
20109,564,True
20110,569,True
20111,587,True
20112,598,True
20113,214,False
20114,602,True
20115,53,False
20116,217,False
20117,604,True
20118,610,True
20119,615,True
20120,221,False
20121,617,True
20122,453,False
20123,61,False
20124,637,True
20125,645,True
20126,227,False
20127,648,True
20128,649,True
20129,657,True
20130,662,True
20131,666,True
20132,233,False
20133,684,True
20134,685,True
20135,686,True
20136,692,True
20137,267,False
20138,696,True
20139,697,True
20140,180,False
20141,702,True
20142,473,False
20143,711,True
20144,717,True
20145,729,True
20146,731,True
20147,732,True
20148,733,True
20149,279,False
20150,742,True
20151,745,True
20152,746,True
20153,751,True
20154,284,False
20155,756,True
20156,759,True
20157,774,True
20158,96,False
20159,289,False
20160,98,False
20161,779,True
20162,813,True
20163,494,False
20164,814,True
20165,825,True
20166,842,True
20167,857,True
20168,865,True
20169,872,True
20170,108,False
20171,878,True
20172,503,False
20173,889,True
20174,891,True
20175,113,False
20176,893,True
20177,905,True
20178,116,False
20179,909,True
20180,910,True
20181,925,True
20182,939,True
20183,949,True
20184,951,True
20185,972,True
20186,982,True
20187,518,False
20188,519,False
20189,520,False
20190,3,False
20191,4,False
20192,523,False
20193,524,False
20194,525,False
20195,8,False
20196,138,False
20197,7,False
20198,11,False
20199,228,False
20200,531,False
20201,230,False
20202,144,False
20203,16,False
20204,14,False
20205,147,False
20206,16,False
20207,17,False
20208,18,False
20209,540,False
20210,20,False
20211,1023,True
20212,1024,True
20213,1028,True
20214,1036,True
20215,546,False
20216,1039,True
20217,1041,True
20218,1042,True
20219,1051,True
20220,1059,True
20221,1064,True
20222,1065,True
20223,1067,True
20224,1082,True
20225,38,False
20226,1092,True
20227,40,False
20228,38,False
20229,1110,True
20230,1113,True
20231,1115,True
20232,1117,True
20233,1130,True
20234,1137,True
20235,1143,True
20236,567,False
20237,1153,True
20238,1156,True
20239,1158,True
20240,1164,True
20241,1166,True
20242,1180,True
20243,1183,True
20244,186,False
20245,576,False
20246,9,False
20247,578,False
20248,1222,True
20249,12,False
20250,192,False
20251,1229,True
20252,1233,True
20253,1234,True
20254,1236,True
20255,283,False
20256,1241,True
20257,1243,True
20258,1246,True
20259,1247,True
20260,288,False
20261,1263,True
20262,1267,True
20263,1277,True
20264,1280,True
20265,1283,True
20266,1289,True
20267,1292,True
20268,1293,True
20269,297,False
20270,1294,True
20271,1303,True
20272,603,False
20273,1309,True
20274,1310,True
20275,1325,True
20276,1327,True
20277,1336,True
20278,41,False
20279,1337,True
20280,308,False
20281,1341,True
20282,1343,True
20283,1353,True
20284,1358,True
20285,616,False
20286,1385,True
20287,1387,True
20288,51,False
20289,1394,True
20290,1397,True
20291,1405,True
20292,1429,True
20293,56,False
20294,107,False
20295,1431,True
20296,117,False
20297,1434,True
20298,1448,True
20299,112,False
20300,22,False
20301,632,False
20302,24,False
20303,25,False
20304,26,False
20305,636,False
20306,637,False
20307,638,False
20308,121,False
20309,640,False
20310,3,False
20311,4,False
20312,1504,True
20313,1510,True
20314,1513,True
20315,1521,True
20316,647,False
20317,1523,True
20318,1527,True
20319,1533,True
20320,133,False
20321,1536,True
20322,1537,True
20323,1539,True
20324,655,False
20325,19,False
20326,17,False
20327,18,False
20328,141,False
20329,661,False
20330,143,False
20331,22,False
20332,26,False
20333,665,False
20334,147,False
20335,361,False
20336,30,False
20337,363,False
20338,670,False
20339,365,False
20340,1544,True
20341,1545,True
20342,1548,True
20343,676,False
20344,158,False
20345,159,False
20346,679,False
20347,680,False
20348,681,False
20349,3,False
20350,4,False
20351,379,False
20352,6,False
20353,381,False
20354,9,False
20355,10,False
20356,172,False
20357,173,False
20358,694,False
20359,175,False
20360,389,False
20361,390,False
20362,178,False
20363,8,False
20364,394,False
20365,703,False
20366,13,False
20367,184,False
20368,2,False
20369,399,False
20370,708,False
20371,18,False
20372,402,False
20373,403,False
20374,712,False
20375,22,False
20376,714,False
20377,715,False
20378,195,False
20379,26,False
20380,197,False
20381,411,False
20382,29,False
20383,721,False
20384,201,False
20385,33,False
20386,725,False
20387,726,False
20388,205,False
20389,728,False
20390,38,False
20391,420,False
20392,209,False
20393,210,False
20394,733,False
20395,424,False
20396,44,False
20397,214,False
20398,427,False
20399,428,False
20400,217,False
20401,218,False
20402,741,False
20403,742,False
20404,221,False
20405,434,False
20406,745,False
20407,224,False
20408,56,False
20409,748,False
20410,58,False
20411,750,False
20412,229,False
20413,230,False
20414,753,False
20415,754,False
20416,64,False
20417,756,False
20418,235,False
20419,758,False
20420,68,False
20421,69,False
20422,70,False
20423,71,False
20424,763,False
20425,73,False
20426,74,False
20427,75,False
20428,454,False
20429,246,False
20430,456,False
20431,770,False
20432,773,False
20433,3,False
20434,252,False
20435,462,False
20436,777,False
20437,778,False
20438,779,False
20439,9,False
20440,467,False
20441,11,False
20442,1,True
20443,784,False
20444,7,True
20445,9,True
20446,16,True
20447,474,False
20448,18,False
20449,20,True
20450,477,False
20451,51,True
20452,270,False
20453,52,True
20454,66,True
20455,70,True
20456,75,True
20457,76,True
20458,276,False
20459,81,True
20460,82,True
20461,676,False
20462,85,True
20463,94,True
20464,491,False
20465,109,True
20466,36,False
20467,111,True
20468,683,False
20469,114,True
20470,811,False
20471,134,True
20472,144,True
20473,151,True
20474,501,False
20475,161,True
20476,164,True
20477,166,True
20478,168,True
20479,297,False
20480,170,True
20481,696,False
20482,187,True
20483,301,False
20484,54,False
20485,206,True
20486,222,True
20487,226,True
20488,230,True
20489,233,True
20490,235,True
20491,706,False
20492,251,True
20493,63,False
20494,272,True
20495,274,True
20496,280,True
20497,287,True
20498,291,True
20499,298,True
20500,299,True
20501,300,True
20502,843,False
20503,73,False
20504,74,False
20505,31,False
20506,301,True
20507,7,False
20508,723,False
20509,316,True
20510,319,True
20511,321,True
20512,38,False
20513,324,True
20514,40,False
20515,335,True
20516,338,True
20517,348,True
20518,859,False
20519,860,False
20520,366,True
20521,370,True
20522,48,False
20523,864,False
20524,94,False
20525,866,False
20526,26,False
20527,375,True
20528,376,True
20529,396,True
20530,398,True
20531,413,True
20532,416,True
20533,418,True
20534,425,True
20535,61,False
20536,436,True
20537,437,True
20538,444,True
20539,754,False
20540,2,False
20541,882,False
20542,454,True
20543,758,False
20544,462,True
20545,464,True
20546,488,True
20547,490,True
20548,889,False
20549,49,False
20550,518,True
20551,526,True
20552,529,True
20553,894,False
20554,539,True
20555,544,True
20556,569,True
20557,83,False
20558,84,False
20559,578,True
20560,587,True
20561,588,True
20562,589,True
20563,599,True
20564,606,True
20565,27,False
20566,607,True
20567,29,False
20568,609,True
20569,623,True
20570,911,False
20571,625,True
20572,34,False
20573,627,True
20574,642,True
20575,37,False
20576,644,True
20577,648,True
20578,104,False
20579,654,True
20580,692,True
20581,715,True
20582,108,False
20583,11,False
20584,729,True
20585,751,True
20586,768,True
20587,774,True
20588,929,False
20589,89,False
20590,775,True
20591,782,True
20592,20,False
20593,788,True
20594,812,True
20595,121,False
20596,122,False
20597,123,False
20598,814,True
20599,61,False
20600,819,True
20601,833,True
20602,30,False
20603,65,False
20604,842,True
20605,33,False
20606,857,True
20607,69,False
20608,868,True
20609,950,False
20610,38,False
20611,137,False
20612,953,False
20613,870,True
20614,140,False
20615,874,True
20616,78,False
20617,890,True
20618,901,True
20619,903,True
20620,908,True
20621,930,True
20622,946,True
20623,948,True
20624,86,False
20625,966,False
20626,967,False
20627,953,True
20628,955,True
20629,91,False
20630,960,True
20631,961,True
20632,973,False
20633,962,True
20634,964,True
20635,971,True
20636,136,False
20637,974,True
20638,100,False
20639,977,True
20640,1002,True
20641,1004,True
20642,168,False
20643,1011,True
20644,1015,True
20645,171,False
20646,1017,True
20647,147,False
20648,1018,True
20649,1033,True
20650,112,False
20651,1034,True
20652,1035,True
20653,153,False
20654,1047,True
20655,1049,True
20656,997,False
20657,1061,True
20658,1068,True
20659,1000,False
20660,1094,True
20661,1095,True
20662,1099,True
20663,1004,False
20664,1103,True
20665,1006,False
20666,1114,True
20667,647,False
20668,648,False
20669,649,False
20670,1124,True
20671,651,False
20672,1126,True
20673,135,False
20674,1131,True
20675,1132,True
20676,176,False
20677,1144,True
20678,178,False
20679,1145,True
20680,1147,True
20681,1167,True
20682,144,False
20683,662,False
20684,1173,True
20685,1179,True
20686,212,False
20687,1181,True
20688,1182,True
20689,1194,True
20690,1210,True
20691,1215,True
20692,1234,True
20693,1247,True
20694,1265,True
20695,1275,True
20696,222,False
20697,1276,True
20698,674,False
20699,1280,True
20700,1282,True
20701,163,False
20702,1286,True
20703,1292,True
20704,1045,False
20705,1298,True
20706,1303,True
20707,1304,True
20708,1305,True
20709,1307,True
20710,1316,True
20711,1327,True
20712,238,False
20713,1332,True
20714,1338,True
20715,1347,True
20716,1057,False
20717,179,False
20718,1348,True
20719,1354,True
20720,1358,True
20721,221,False
20722,248,False
20723,1363,True
20724,1065,False
20725,1371,True
20726,1377,True
20727,703,False
20728,2,False
20729,705,False
20730,706,False
20731,1381,True
20732,1385,True
20733,1400,True
20734,1401,True
20735,261,False
20736,236,False
20737,1078,False
20738,1079,False
20739,1409,True
20740,1413,True
20741,15,False
20742,1428,True
20743,269,False
20744,1430,True
20745,1459,True
20746,1467,True
20747,1088,False
20748,1474,True
20749,23,False
20750,1477,True
20751,25,False
20752,1093,False
20753,1478,True
20754,1095,False
20755,1481,True
20756,1485,True
20757,1486,True
20758,1490,True
20759,1493,True
20760,1500,True
20761,1504,True
20762,1542,True
20763,263,False
20764,1549,True
20765,1553,True
20766,1107,False
20767,1556,True
20768,268,False
20769,269,False
20770,1112,False
20771,1559,True
20772,1567,True
20773,1571,True
20774,275,False
20775,50,False
20776,1118,False
20777,1578,True
20778,1596,True
20779,1598,True
20780,731,False
20781,1123,False
20782,1602,True
20783,1611,True
20784,1619,True
20785,60,False
20786,1624,True
20787,738,False
20788,1647,True
20789,1651,True
20790,291,False
20791,1664,True
20792,293,False
20793,1667,True
20794,1685,True
20795,1709,True
20796,1716,True
20797,1725,True
20798,1729,True
20799,74,False
20800,301,False
20801,1744,True
20802,1750,True
20803,1752,True
20804,1753,True
20805,756,False
20806,1754,True
20807,334,False
20808,1761,True
20809,310,False
20810,1775,True
20811,86,False
20812,763,False
20813,88,False
20814,1779,True
20815,1790,True
20816,91,False
20817,1803,True
20818,1806,True
20819,1824,True
20820,1826,True
20821,1835,True
20822,97,False
20823,773,False
20824,1837,True
20825,352,False
20826,1840,True
20827,1844,True
20828,1847,True
20829,1858,True
20830,780,False
20831,358,False
20832,1865,True
20833,1878,True
20834,1176,False
20835,1886,True
20836,111,False
20837,1893,True
20838,113,False
20839,1181,False
20840,1898,True
20841,1906,True
20842,1184,False
20843,1908,True
20844,1912,True
20845,120,False
20846,1188,False
20847,1917,True
20848,123,False
20849,1921,True
20850,1922,True
20851,378,False
20852,1928,True
20853,1935,True
20854,1936,True
20855,356,False
20856,1943,True
20857,1944,True
20858,1954,True
20859,1201,False
20860,1963,True
20861,1984,True
20862,363,False
20863,1988,True
20864,1995,True
20865,2013,True
20866,2018,True
20867,2022,True
20868,143,False
20869,2024,True
20870,2027,True
20871,818,False
20872,2035,True
20873,2036,True
20874,2039,True
20875,1217,False
20876,1218,False
20877,2043,True
20878,379,False
20879,154,False
20880,2045,True
20881,2047,True
20882,383,False
20883,158,False
20884,2048,True
20885,2050,True
20886,387,False
20887,2055,True
20888,163,False
20889,2058,True
20890,1232,False
20891,837,False
20892,2060,True
20893,2064,True
20894,2083,True
20895,396,False
20896,842,False
20897,2086,True
20898,2110,True
20899,2122,True
20900,846,False
20901,2138,True
20902,2143,True
20903,178,False
20904,2145,True
20905,406,False
20906,181,False
20907,2148,True
20908,2151,True
20909,854,False
20910,411,False
20911,186,False
20912,2158,True
20913,2162,True
20914,2167,True
20915,2182,True
20916,1258,False
20917,444,False
20918,2187,True
20919,2191,True
20920,447,False
20921,196,False
20922,197,False
20923,2204,True
20924,2206,True
20925,200,False
20926,2213,True
20927,454,False
20928,2218,True
20929,2220,True
20930,2222,True
20931,458,False
20932,2227,True
20933,1275,False
20934,2235,True
20935,1277,False
20936,2245,True
20937,880,False
20938,213,False
20939,2247,True
20940,2248,True
20941,468,False
20942,2263,True
20943,1285,False
20944,887,False
20945,2272,True
20946,447,False
20947,2273,True
20948,223,False
20949,2279,True
20950,1292,False
20951,2283,True
20952,2287,True
20953,2293,True
20954,455,False
20955,2294,True
20956,2295,True
20957,2298,True
20958,2321,True
20959,2325,True
20960,2336,True
20961,2337,True
20962,486,False
20963,2341,True
20964,239,False
20965,2360,True
20966,2361,True
20967,909,False
20968,243,False
20969,2370,True
20970,2377,True
20971,2380,True
20972,2389,True
20973,2392,True
20974,2397,True
20975,2401,True
20976,2406,True
20977,2411,True
20978,502,False
20979,2425,True
20980,2432,True
20981,1323,False
20982,2434,True
20983,1325,False
20984,259,False
20985,2435,True
20986,2442,True
20987,1329,False
20988,2455,True
20989,2461,True
20990,2464,True
20991,2471,True
20992,267,False
20993,2482,True
20994,2487,True
20995,2512,True
20996,2513,True
20997,2519,True
20998,2524,True
20999,1341,False
21000,2526,True
21001,2531,True
21002,503,False
21003,2533,True
21004,2541,True
21005,1347,False
21006,2544,True
21007,2550,True
21008,1350,False
21009,2551,True
21010,2552,True
21011,286,False
21012,2553,True
21013,1355,False
21014,2559,True
21015,2580,True
21016,2585,True
21017,2591,True
21018,2594,True
21019,294,False
21020,2605,True
21021,2609,True
21022,2610,True
21023,2617,True
21024,2618,True
21025,21,False
21026,2623,True
21027,2640,True
21028,2645,True
21029,304,False
21030,2660,True
21031,2679,True
21032,2688,True
21033,2691,True
21034,2695,True
21035,2696,True
21036,311,False
21037,312,False
21038,2699,True
21039,2707,True
21040,2708,True
21041,316,False
21042,2711,True
21043,2725,True
21044,2738,True
21045,546,False
21046,2740,True
21047,2745,True
21048,549,False
21049,2765,True
21050,2773,True
21051,2774,True
21052,2786,True
21053,49,False
21054,2788,True
21055,2796,True
21056,2802,True
21057,53,False
21058,2808,True
21059,560,False
21060,2813,True
21061,2822,True
21062,2829,True
21063,59,False
21064,2841,True
21065,2843,True
21066,2848,True
21067,2850,True
21068,2851,True
21069,2853,True
21070,2873,True
21071,2875,True
21072,2878,True
21073,2881,True
21074,2885,True
21075,71,False
21076,2889,True
21077,2896,True
21078,74,False
21079,2906,True
21080,2912,True
21081,582,False
21082,2915,True
21083,2916,True
21084,2923,True
21085,360,False
21086,587,False
21087,2953,True
21088,2962,True
21089,2972,True
21090,2985,True
21091,366,False
21092,2995,True
21093,594,False
21094,3001,True
21095,3005,True
21096,6,False
21097,3007,True
21098,3021,True
21099,3027,True
21100,601,False
21101,3031,True
21102,3036,True
21103,3037,True
21104,3043,True
21105,3055,True
21106,3056,True
21107,382,False
21108,3063,True
21109,3064,True
21110,3081,True
21111,3094,True
21112,22,False
21113,3097,True
21114,24,False
21115,3101,True
21116,391,False
21117,3113,True
21118,393,False
21119,3117,True
21120,3119,True
21121,622,False
21122,3126,True
21123,3138,True
21124,3165,True
21125,3181,True
21126,3201,True
21127,3209,True
21128,3221,True
21129,39,False
21130,3235,True
21131,3247,True
21132,3258,True
21133,3270,True
21134,2,True
21135,5,True
21136,6,True
21137,9,True
21138,18,True
21139,21,True
21140,23,True
21141,44,True
21142,69,True
21143,76,True
21144,79,True
21145,645,False
21146,80,True
21147,12,False
21148,88,True
21149,91,True
21150,92,True
21151,95,True
21152,97,True
21153,101,True
21154,654,False
21155,112,True
21156,114,True
21157,115,True
21158,118,True
21159,10,False
21160,120,True
21161,121,True
21162,131,True
21163,148,True
21164,151,True
21165,12,False
21166,164,True
21167,170,True
21168,172,True
21169,20,False
21170,670,False
21171,179,True
21172,188,True
21173,20,False
21174,25,False
21175,26,False
21176,202,True
21177,209,True
21178,216,True
21179,225,True
21180,680,False
21181,249,True
21182,258,True
21183,259,True
21184,122,False
21185,277,True
21186,278,True
21187,125,False
21188,53,False
21189,36,False
21190,690,False
21191,286,True
21192,57,False
21193,292,True
21194,45,False
21195,294,True
21196,43,False
21197,319,True
21198,321,True
21199,46,False
21200,322,True
21201,330,True
21202,331,True
21203,141,False
21204,337,True
21205,56,False
21206,353,True
21207,363,True
21208,364,True
21209,380,True
21210,57,False
21211,382,True
21212,150,False
21213,151,False
21214,65,False
21215,394,True
21216,398,True
21217,399,True
21218,410,True
21219,417,True
21220,421,True
21221,72,False
21222,435,True
21223,438,True
21224,440,True
21225,445,True
21226,726,False
21227,455,True
21228,478,True
21229,491,True
21230,493,True
21231,496,True
21232,510,True
21233,515,True
21234,99,False
21235,519,True
21236,533,True
21237,536,True
21238,540,True
21239,557,True
21240,87,False
21241,11,False
21242,558,True
21243,566,True
21244,574,True
21245,584,True
21246,587,True
21247,94,False
21248,598,True
21249,187,False
21250,600,True
21251,610,True
21252,618,True
21253,619,True
21254,101,False
21255,25,False
21256,630,True
21257,649,True
21258,655,True
21259,124,False
21260,661,True
21261,112,False
21262,664,True
21263,114,False
21264,668,True
21265,672,True
21266,690,True
21267,694,True
21268,696,True
21269,697,True
21270,135,False
21271,704,True
21272,706,True
21273,707,True
21274,716,True
21275,724,True
21276,732,True
21277,744,True
21278,129,False
21279,756,True
21280,762,True
21281,765,True
21282,768,True
21283,770,True
21284,772,True
21285,136,False
21286,783,True
21287,788,True
21288,789,True
21289,809,True
21290,815,True
21291,816,True
21292,819,True
21293,827,True
21294,158,False
21295,840,True
21296,857,True
21297,861,True
21298,872,True
21299,875,True
21300,883,True
21301,893,True
21302,894,True
21303,9,False
21304,898,True
21305,918,True
21306,76,False
21307,920,True
21308,928,True
21309,173,False
21310,80,False
21311,81,False
21312,18,False
21313,19,False
21314,20,False
21315,179,False
21316,180,False
21317,181,False
21318,88,False
21319,89,False
21320,184,False
21321,259,False
21322,186,False
21323,93,False
21324,30,False
21325,95,False
21326,32,False
21327,33,False
21328,34,False
21329,193,False
21330,100,False
21331,37,False
21332,38,False
21333,39,False
21334,272,False
21335,105,False
21336,200,False
21337,201,False
21338,108,False
21339,45,False
21340,110,False
21341,279,False
21342,280,False
21343,49,False
21344,208,False
21345,283,False
21346,116,False
21347,117,False
21348,118,False
21349,214,False
21350,120,False
21351,216,False
21352,217,False
21353,218,False
21354,219,False
21355,61,False
21356,62,False
21357,127,False
21358,223,False
21359,225,False
21360,226,False
21361,131,False
21362,69,False
21363,133,False
21364,71,False
21365,231,False
21366,232,False
21367,137,False
21368,234,False
21369,235,False
21370,140,False
21371,237,False
21372,238,False
21373,239,False
21374,81,False
21375,242,False
21376,244,False
21377,147,False
21378,148,False
21379,149,False
21380,150,False
21381,249,False
21382,251,False
21383,253,False
21384,254,False
21385,255,False
21386,256,False
21387,3,False
21388,4,False
21389,6,False
21390,162,False
21391,263,False
21392,13,False
21393,265,False
21394,11,False
21395,12,False
21396,17,False
21397,14,False
21398,15,False
21399,3,False
21400,17,False
21401,273,False
21402,274,False
21403,275,False
21404,276,False
21405,9,False
21406,25,False
21407,279,False
21408,27,False
21409,28,False
21410,27,False
21411,30,False
21412,284,False
21413,17,False
21414,18,False
21415,287,False
21416,33,False
21417,36,False
21418,22,False
21419,23,False
21420,37,False
21421,25,False
21422,26,False
21423,43,False
21424,4,False
21425,45,False
21426,46,False
21427,31,False
21428,32,False
21429,33,False
21430,34,False
21431,51,False
21432,10,False
21433,53,False
21434,54,False
21435,39,False
21436,40,False
21437,17,False
21438,61,False
21439,21,False
21440,23,False
21441,24,False
21442,26,False
21443,27,False
21444,29,False
21445,30,False
21446,32,False
21447,33,False
21448,34,False
21449,2037,False
21450,2038,False
21451,38,False
21452,2040,False
21453,2041,False
21454,6,False
21455,2043,False
21456,2044,False
21457,2045,False
21458,2047,False
21459,47,False
21460,48,False
21461,49,False
21462,51,False
21463,53,False
21464,55,False
21465,56,False
21466,58,False
21467,13,True
21468,18,True
21469,23,True
21470,62,False
21471,25,True
21472,32,True
21473,46,True
21474,54,True
21475,59,True
21476,61,True
21477,77,True
21478,80,True
21479,89,True
21480,15,False
21481,95,True
21482,98,True
21483,109,True
21484,110,True
21485,77,False
21486,113,True
21487,79,False
21488,145,True
21489,81,False
21490,161,True
21491,166,True
21492,198,True
21493,199,True
21494,86,False
21495,212,True
21496,220,True
21497,225,True
21498,233,True
21499,249,True
21500,260,True
21501,261,True
21502,273,True
21503,320,True
21504,323,True
21505,337,True
21506,355,True
21507,362,True
21508,388,True
21509,101,False
21510,404,True
21511,440,True
21512,474,True
21513,492,True
21514,504,True
21515,507,True
21516,539,True
21517,540,True
21518,555,True
21519,563,True
21520,55,False
21521,589,True
21522,114,False
21523,618,True
21524,59,False
21525,627,True
21526,637,True
21527,643,True
21528,654,True
21529,655,True
21530,682,True
21531,683,True
21532,686,True
21533,687,True
21534,691,True
21535,706,True
21536,727,True
21537,730,True
21538,743,True
21539,764,True
21540,768,True
21541,771,True
21542,788,True
21543,831,True
21544,840,True
21545,78,False
21546,861,True
21547,875,True
21548,880,True
21549,883,True
21550,924,True
21551,929,True
21552,956,True
21553,961,True
21554,965,True
21555,88,False
21556,2,False
21557,971,True
21558,981,True
21559,988,True
21560,995,True
21561,1007,True
21562,1019,True
21563,1025,True
21564,1050,True
21565,1061,True
21566,1105,True
21567,1107,True
21568,1115,True
21569,1122,True
21570,105,False
21571,106,False
21572,1132,True
21573,1147,True
21574,1164,True
21575,1184,True
21576,24,False
21577,25,False
21578,1201,True
21579,1219,True
21580,1231,True
21581,93,False
21582,30,False
21583,44,False
21584,32,False
21585,34,False
21586,5,False
21587,6,False
21588,7,False
21589,51,False
21590,5,False
21591,53,False
21592,7,False
21593,55,False
21594,9,False
21595,14,False
21596,11,False
21597,59,False
21598,1299,True
21599,1304,True
21600,1336,True
21601,1339,True
21602,1347,True
21603,1351,True
21604,1353,True
21605,24,False
21606,20,False
21607,1364,True
21608,70,False
21609,23,False
21610,1369,True
21611,60,False
21612,1392,True
21613,1398,True
21614,1402,True
21615,1405,True
21616,1436,True
21617,1452,True
21618,37,False
21619,1494,True
21620,1496,True
21621,1513,True
21622,1529,True
21623,1548,True
21624,73,False
21625,1555,True
21626,1576,True
21627,1595,True
21628,1622,True
21629,43,False
21630,1630,True
21631,1641,True
21632,1671,True
21633,47,False
21634,96,False
21635,1691,True
21636,1693,True
21637,1696,True
21638,1701,True
21639,1702,True
21640,1718,True
21641,1723,True
21642,1727,True
21643,1740,True
21644,1743,True
21645,1774,True
21646,65,False
21647,1799,True
21648,110,False
21649,1808,True
21650,1820,True
21651,100,False
21652,1822,True
21653,1833,True
21654,1835,True
21655,1838,True
21656,70,False
21657,5673,False
21658,1850,True
21659,73,False
21660,79,False
21661,1859,True
21662,111,False
21663,1868,True
21664,113,False
21665,1872,True
21666,1876,True
21667,86,False
21668,117,False
21669,1877,True
21670,1922,True
21671,5687,False
21672,1931,True
21673,1935,True
21674,5690,False
21675,5691,False
21676,1950,True
21677,1954,True
21678,1956,True
21679,1962,True
21680,1970,True
21681,2004,True
21682,2009,True
21683,132,False
21684,2010,True
21685,2018,True
21686,2023,True
21687,136,False
21688,2039,True
21689,138,False
21690,2045,True
21691,2053,True
21692,2055,True
21693,2079,True
21694,2082,True
21695,109,False
21696,115,False
21697,159,False
21698,2109,True
21699,2113,True
21700,114,False
21701,120,False
21702,2139,True
21703,2180,True
21704,5720,False
21705,2181,True
21706,2189,True
21707,169,False
21708,2205,True
21709,158,False
21710,2206,True
21711,2210,True
21712,174,False
21713,5729,False
21714,2225,True
21715,2228,True
21716,2236,True
21717,2266,True
21718,180,False
21719,2280,True
21720,5736,False
21721,140,False
21722,2312,True
21723,137,False
21724,2330,True
21725,2337,True
21726,188,False
21727,189,False
21728,1,True
21729,13,True
21730,24,True
21731,31,True
21732,37,True
21733,59,True
21734,148,False
21735,89,True
21736,90,True
21737,92,True
21738,111,True
21739,188,False
21740,125,True
21741,135,True
21742,137,True
21743,153,True
21744,157,True
21745,158,True
21746,159,True
21747,196,False
21748,164,True
21749,166,True
21750,164,False
21751,172,True
21752,171,False
21753,179,True
21754,195,True
21755,197,True
21756,214,True
21757,221,True
21758,224,True
21759,226,True
21760,174,False
21761,304,True
21762,312,True
21763,177,False
21764,178,False
21765,315,True
21766,180,False
21767,216,False
21768,187,False
21769,339,True
21770,184,False
21771,353,True
21772,355,True
21773,187,False
21774,188,False
21775,373,True
21776,387,True
21777,403,True
21778,409,True
21779,229,False
21780,40,False
21781,435,True
21782,448,True
21783,450,True
21784,469,True
21785,476,True
21786,201,False
21787,477,True
21788,48,False
21789,492,True
21790,205,False
21791,514,True
21792,518,True
21793,208,False
21794,257,False
21795,519,True
21796,521,True
21797,57,False
21798,527,True
21799,262,False
21800,263,False
21801,264,False
21802,544,True
21803,545,True
21804,267,False
21805,225,False
21806,565,True
21807,566,True
21808,576,True
21809,591,True
21810,593,True
21811,71,False
21812,18,True
21813,73,False
21814,234,False
21815,43,True
21816,45,True
21817,8,False
21818,238,False
21819,234,False
21820,59,True
21821,88,True
21822,90,True
21823,95,True
21824,15,False
21825,97,True
21826,109,True
21827,242,False
21828,126,True
21829,20,False
21830,140,True
21831,144,True
21832,154,True
21833,182,True
21834,25,False
21835,250,False
21836,188,True
21837,28,False
21838,98,False
21839,189,True
21840,255,False
21841,206,True
21842,305,False
21843,212,True
21844,264,False
21845,105,False
21846,217,True
21847,107,False
21848,226,True
21849,233,True
21850,234,True
21851,245,True
21852,43,False
21853,113,False
21854,45,False
21855,252,True
21856,276,False
21857,257,True
21858,118,False
21859,322,False
21860,262,True
21861,276,False
21862,271,True
21863,54,False
21864,124,False
21865,275,True
21866,288,True
21867,330,False
21868,59,False
21869,129,False
21870,301,True
21871,286,False
21872,304,True
21873,305,True
21874,337,False
21875,316,True
21876,328,True
21877,340,False
21878,334,True
21879,342,False
21880,71,False
21881,365,True
21882,142,False
21883,366,True
21884,144,False
21885,394,True
21886,349,False
21887,307,False
21888,411,True
21889,420,True
21890,305,False
21891,82,False
21892,443,True
21893,468,True
21894,482,True
21895,489,True
21896,500,True
21897,513,True
21898,516,True
21899,363,False
21900,364,False
21901,524,True
21902,323,False
21903,528,True
21904,534,True
21905,541,True
21906,556,True
21907,371,False
21908,564,True
21909,330,False
21910,599,True
21911,600,True
21912,612,True
21913,616,True
21914,330,False
21915,17,False
21916,618,True
21917,333,False
21918,334,False
21919,635,True
21920,22,False
21921,644,True
21922,651,True
21923,25,False
21924,653,True
21925,660,True
21926,663,True
21927,671,True
21928,672,True
21929,690,True
21930,394,False
21931,696,True
21932,698,True
21933,722,True
21934,36,False
21935,786,True
21936,400,False
21937,789,True
21938,832,True
21939,355,False
21940,840,True
21941,843,True
21942,358,False
21943,364,False
21944,848,True
21945,47,False
21946,851,True
21947,411,False
21948,369,False
21949,872,True
21950,52,False
21951,886,True
21952,891,True
21953,417,False
21954,56,False
21955,898,True
21956,911,True
21957,378,False
21958,915,True
21959,423,False
21960,424,False
21961,63,False
21962,968,True
21963,379,False
21964,980,True
21965,1003,True
21966,1006,True
21967,1011,True
21968,70,False
21969,71,False
21970,1024,True
21971,1026,True
21972,1045,True
21973,1047,True
21974,1054,True
21975,77,False
21976,1057,True
21977,11,False
21978,1073,True
21979,1096,True
21980,1115,True
21981,397,False
21982,1121,True
21983,17,False
21984,1134,True
21985,1146,True
21986,13,False
21987,403,False
21988,1156,True
21989,1173,True
21990,17,False
21991,1187,True
21992,1189,True
21993,1215,True
21994,96,False
21995,1216,True
21996,412,False
21997,1234,True
21998,1270,True
21999,1284,True
22000,1300,True
22001,1302,True
22002,1311,True
22003,30,False
22004,1313,True
22005,1328,True
22006,33,False
22007,1336,True
22008,1361,True
22009,1390,True
22010,1397,True
22011,38,False
22012,114,False
22013,429,False
22014,1404,True
22015,1430,True
22016,432,False
22017,1434,True
22018,1436,True
22019,1439,True
22020,1447,True
22021,1475,True
22022,1501,True
22023,1502,True
22024,1506,True
22025,1512,True
22026,1514,True
22027,61,False
22028,1516,True
22029,1521,True
22030,1530,True
22031,1532,True
22032,1583,True
22033,1593,True
22034,450,False
22035,451,False
22036,452,False
22037,1628,True
22038,1637,True
22039,73,False
22040,1646,True
22041,68,False
22042,76,False
22043,1656,True
22044,1658,True
22045,1666,True
22046,1672,True
22047,74,False
22048,1687,True
22049,1710,True
22050,1723,True
22051,1740,True
22052,1746,True
22053,87,False
22054,1756,True
22055,1765,True
22056,90,False
22057,1770,True
22058,1783,True
22059,1786,True
22060,1792,True
22061,1841,True
22062,1854,True
22063,97,False
22064,1862,True
22065,1875,True
22066,93,False
22067,483,False
22068,1903,True
22069,1935,True
22070,1946,True
22071,1989,True
22072,1998,True
22073,99,False
22074,175,False
22075,2011,True
22076,177,False
22077,2015,True
22078,2026,True
22079,2055,True
22080,495,False
22081,496,False
22082,2069,True
22083,2078,True
22084,2140,True
22085,2166,True
22086,2180,True
22087,502,False
22088,2181,True
22089,122,False
22090,2235,True
22091,2282,True
22092,2302,True
22093,2309,True
22094,195,False
22095,2317,True
22096,511,False
22097,2320,True
22098,2324,True
22099,2332,True
22100,2341,True
22101,2342,True
22102,2353,True
22103,129,False
22104,2367,True
22105,206,False
22106,2377,True
22107,2385,True
22108,2416,True
22109,2417,True
22110,2427,True
22111,138,False
22112,2428,True
22113,529,False
22114,2435,True
22115,2437,True
22116,218,False
22117,2438,True
22118,2477,True
22119,2479,True
22120,2532,True
22121,2548,True
22122,2583,True
22123,2589,True
22124,2630,True
22125,2648,True
22126,2667,True
22127,2671,True
22128,2682,True
22129,2705,True
22130,2713,True
22131,2717,True
22132,548,False
22133,2721,True
22134,2735,True
22135,169,False
22136,2742,True
22137,2743,True
22138,2793,True
22139,2794,True
22140,2802,True
22141,2804,True
22142,2813,True
22143,2824,True
22144,2829,True
22145,2838,True
22146,2845,True
22147,181,False
22148,16,False
22149,2851,True
22150,2865,True
22151,2870,True
22152,20,False
22153,2903,True
22154,2906,True
22155,2959,True
22156,183,False
22157,3022,True
22158,574,False
22159,575,False
22160,187,False
22161,195,False
22162,196,False
22163,190,False
22164,8,True
22165,33,False
22166,10,True
22167,3,False
22168,195,False
22169,39,True
22170,47,True
22171,56,True
22172,62,True
22173,41,False
22174,64,True
22175,74,True
22176,88,True
22177,89,True
22178,212,False
22179,47,False
22180,135,True
22181,5,False
22182,141,True
22183,151,True
22184,8,False
22185,601,False
22186,160,True
22187,11,False
22188,162,True
22189,163,True
22190,164,True
22191,165,True
22192,16,False
22193,178,True
22194,191,True
22195,202,True
22196,20,False
22197,210,True
22198,217,True
22199,218,True
22200,220,True
22201,224,True
22202,230,True
22203,238,True
22204,242,True
22205,621,False
22206,243,True
22207,251,True
22208,624,False
22209,271,True
22210,626,False
22211,285,True
22212,288,True
22213,629,False
22214,289,True
22215,297,True
22216,632,False
22217,300,True
22218,302,True
22219,310,True
22220,247,False
22221,318,True
22222,46,False
22223,639,False
22224,353,True
22225,49,False
22226,368,True
22227,372,True
22228,52,False
22229,389,True
22230,405,True
22231,427,True
22232,433,True
22233,435,True
22234,460,True
22235,473,True
22236,496,True
22237,502,True
22238,522,True
22239,2,False
22240,527,True
22241,529,True
22242,531,True
22243,533,True
22244,537,True
22245,553,True
22246,557,True
22247,10,False
22248,559,True
22249,568,True
22250,277,False
22251,587,True
22252,612,True
22253,625,True
22254,632,True
22255,641,True
22256,283,False
22257,657,True
22258,12,False
22259,707,True
22260,14,False
22261,24,False
22262,733,True
22263,751,True
22264,759,True
22265,766,True
22266,767,True
22267,21,False
22268,295,False
22269,797,True
22270,807,True
22271,687,False
22272,815,True
22273,816,True
22274,37,False
22275,821,True
22276,852,True
22277,867,True
22278,870,True
22279,42,False
22280,43,False
22281,874,True
22282,877,True
22283,880,True
22284,700,False
22285,926,True
22286,937,True
22287,41,False
22288,946,True
22289,43,False
22290,317,False
22291,964,True
22292,968,True
22293,1021,True
22294,1025,True
22295,1026,True
22296,59,False
22297,1030,True
22298,325,False
22299,1041,True
22300,1047,True
22301,55,False
22302,1074,True
22303,1083,True
22304,58,False
22305,1100,True
22306,1122,True
22307,1141,True
22308,1143,True
22309,1152,True
22310,1176,True
22311,65,False
22312,1182,True
22313,67,False
22314,1219,True
22315,1222,True
22316,1223,True
22317,1258,True
22318,345,False
22319,1267,True
22320,1275,True
22321,1308,True
22322,1317,True
22323,1343,True
22324,1355,True
22325,88,False
22326,1361,True
22327,1365,True
22328,1370,True
22329,1384,True
22330,357,False
22331,1389,True
22332,1397,True
22333,360,False
22334,1410,True
22335,6,False
22336,1423,True
22337,1426,True
22338,1452,True
22339,1470,True
22340,1499,True
22341,1500,True
22342,1502,True
22343,1508,True
22344,1524,True
22345,1545,True
22346,1573,True
22347,763,False
22348,102,False
22349,1590,True
22350,1598,True
22351,378,False
22352,1606,True
22353,1608,True
22354,1613,True
22355,1664,True
22356,1680,True
22357,1681,True
22358,33,False
22359,1689,True
22360,776,False
22361,1698,True
22362,1709,True
22363,1716,True
22364,1746,True
22365,1752,True
22366,1755,True
22367,42,False
22368,1767,True
22369,785,False
22370,1770,True
22371,1867,True
22372,1879,True
22373,127,False
22374,1899,True
22375,1942,True
22376,1946,True
22377,1958,True
22378,1977,True
22379,1998,True
22380,134,False
22381,2001,True
22382,798,False
22383,137,False
22384,2002,True
22385,801,False
22386,802,False
22387,2013,True
22388,2053,True
22389,143,False
22390,2088,True
22391,2089,True
22392,2097,True
22393,2147,True
22394,2150,True
22395,2159,True
22396,2200,True
22397,813,False
22398,814,False
22399,426,False
22400,2211,True
22401,428,False
22402,818,False
22403,2216,True
22404,431,False
22405,2221,True
22406,81,False
22407,83,False
22408,2258,True
22409,7,False
22410,2281,True
22411,2282,True
22412,2342,True
22413,89,False
22414,90,False
22415,91,False
22416,2350,True
22417,2351,True
22418,835,False
22419,95,False
22420,2352,True
22421,2365,True
22422,2366,True
22423,2383,True
22424,2418,True
22425,2439,True
22426,2441,True
22427,2447,True
22428,2454,True
22429,2457,True
22430,2463,True
22431,2481,True
22432,2484,True
22433,850,False
22434,2487,True
22435,2488,True
22436,2496,True
22437,2504,True
22438,2523,True
22439,856,False
22440,2531,True
22441,117,False
22442,2534,True
22443,2547,True
22444,2560,True
22445,2561,True
22446,2584,True
22447,864,False
22448,2587,True
22449,2631,True
22450,2643,True
22451,2650,True
22452,2652,True
22453,2658,True
22454,2670,True
22455,2699,True
22456,476,False
22457,2745,True
22458,478,False
22459,876,False
22460,480,False
22461,878,False
22462,138,False
22463,880,False
22464,11,True
22465,28,True
22466,31,True
22467,39,True
22468,48,True
22469,56,True
22470,887,False
22471,64,True
22472,889,False
22473,66,True
22474,68,True
22475,151,False
22476,80,True
22477,85,True
22478,91,True
22479,112,True
22480,127,True
22481,137,True
22482,152,True
22483,155,True
22484,161,True
22485,164,True
22486,3,False
22487,165,True
22488,167,True
22489,170,True
22490,510,False
22491,174,True
22492,187,True
22493,192,True
22494,170,False
22495,198,True
22496,201,True
22497,223,True
22498,231,True
22499,519,False
22500,284,True
22501,286,True
22502,300,True
22503,301,True
22504,180,False
22505,302,True
22506,316,True
22507,333,True
22508,184,False
22509,344,True
22510,349,True
22511,380,True
22512,384,True
22513,401,True
22514,424,True
22515,535,False
22516,536,False
22517,441,True
22518,194,False
22519,444,True
22520,459,True
22521,482,True
22522,495,True
22523,524,True
22524,530,True
22525,543,True
22526,202,False
22527,3,False
22528,7,True
22529,16,True
22530,25,True
22531,30,True
22532,33,True
22533,44,True
22534,65,True
22535,73,True
22536,103,True
22537,119,True
22538,136,True
22539,137,True
22540,145,True
22541,146,True
22542,150,True
22543,166,True
22544,184,True
22545,195,True
22546,202,True
22547,568,False
22548,207,True
22549,212,True
22550,219,True
22551,232,True
22552,237,True
22553,242,True
22554,256,True
22555,262,True
22556,285,True
22557,288,True
22558,294,True
22559,298,True
22560,305,True
22561,308,True
22562,319,True
22563,323,True
22564,329,True
22565,83,False
22566,84,False
22567,335,True
22568,368,True
22569,87,False
22570,376,True
22571,414,True
22572,444,True
22573,449,True
22574,453,True
22575,484,True
22576,490,True
22577,507,True
22578,510,True
22579,512,True
22580,543,True
22581,547,True
22582,555,True
22583,559,True
22584,600,True
22585,640,True
22586,104,False
22587,642,True
22588,645,True
22589,107,False
22590,654,True
22591,667,True
22592,673,True
22593,680,True
22594,683,True
22595,693,True
22596,17,False
22597,700,True
22598,702,True
22599,718,True
22600,21,False
22601,747,True
22602,782,True
22603,788,True
22604,794,True
22605,5,False
22606,799,True
22607,804,True
22608,824,True
22609,127,False
22610,845,True
22611,847,True
22612,851,True
22613,34,False
22614,35,False
22615,852,True
22616,855,True
22617,871,True
22618,39,False
22619,40,False
22620,887,True
22621,42,False
22622,890,True
22623,23,False
22624,912,True
22625,917,True
22626,918,True
22627,145,False
22628,938,True
22629,944,True
22630,148,False
22631,959,True
22632,962,True
22633,972,True
22634,152,False
22635,973,True
22636,57,False
22637,980,True
22638,1005,True
22639,157,False
22640,40,False
22641,1028,True
22642,1034,True
22643,1042,True
22644,1045,True
22645,1066,True
22646,1084,True
22647,1089,True
22648,1104,True
22649,1134,True
22650,1137,True
22651,1138,True
22652,1149,True
22653,53,False
22654,1163,True
22655,1173,True
22656,1210,True
22657,1227,True
22658,1235,True
22659,1240,True
22660,60,False
22661,1243,True
22662,83,False
22663,1260,True
22664,1262,True
22665,1263,True
22666,1264,True
22667,1265,True
22668,1267,True
22669,90,False
22670,91,False
22671,1280,True
22672,1289,True
22673,1303,True
22674,1320,True
22675,1341,True
22676,1349,True
22677,1353,True
22678,14,False
22679,1354,True
22680,1359,True
22681,1360,True
22682,1363,True
22683,201,False
22684,1366,True
22685,106,False
22686,22,False
22687,1380,True
22688,1392,True
22689,207,False
22690,26,False
22691,1411,True
22692,1422,True
22693,1426,True
22694,1461,True
22695,1464,True
22696,32,False
22697,1483,True
22698,1517,True
22699,1603,True
22700,1625,True
22701,1639,True
22702,1641,True
22703,1642,True
22704,104,False
22705,1702,True
22706,1707,True
22707,1719,True
22708,1741,True
22709,1744,True
22710,1755,True
22711,132,False
22712,1767,True
22713,1789,True
22714,1790,True
22715,1792,True
22716,1831,True
22717,3,False
22718,1846,True
22719,1877,True
22720,120,False
22721,1883,True
22722,240,False
22723,2,False
22724,1925,True
22725,1927,True
22726,244,False
22727,1932,True
22728,1945,True
22729,1962,True
22730,1975,True
22731,1,False
22732,132,False
22733,2013,True
22734,2021,True
22735,253,False
22736,2030,True
22737,2,False
22738,2048,True
22739,2050,True
22740,140,False
22741,162,False
22742,2070,True
22743,164,False
22744,165,False
22745,2092,True
22746,2123,True
22747,2129,True
22748,2155,True
22749,2159,True
22750,2164,True
22751,2168,True
22752,2206,True
22753,271,False
22754,175,False
22755,2211,True
22756,2213,True
22757,2219,True
22758,2233,True
22759,2241,True
22760,2251,True
22761,2262,True
22762,2268,True
22763,2284,True
22764,282,False
22765,165,False
22766,2306,True
22767,2319,True
22768,286,False
22769,2320,True
22770,2330,True
22771,2350,True
22772,2363,True
22773,2373,True
22774,2388,True
22775,2398,True
22776,294,False
22777,2416,True
22778,2433,True
22779,200,False
22780,2440,True
22781,2454,True
22782,2458,True
22783,2462,True
22784,2477,True
22785,2482,True
22786,2489,True
22787,187,False
22788,2496,True
22789,2501,True
22790,308,False
22791,309,False
22792,10,False
22793,12,False
22794,36,True
22795,42,True
22796,44,True
22797,218,False
22798,62,True
22799,72,True
22800,77,True
22801,93,True
22802,119,True
22803,128,True
22804,131,True
22805,135,True
22806,144,True
22807,2,False
22808,146,True
22809,150,True
22810,151,True
22811,153,True
22812,330,False
22813,331,False
22814,160,True
22815,183,True
22816,184,True
22817,192,True
22818,199,True
22819,219,False
22820,338,False
22821,221,False
22822,17,False
22823,208,True
22824,215,True
22825,226,True
22826,226,False
22827,227,False
22828,346,False
22829,227,True
22830,232,True
22831,349,False
22832,253,True
22833,254,True
22834,284,True
22835,300,True
22836,236,False
22837,309,True
22838,334,True
22839,34,False
22840,354,True
22841,384,True
22842,37,False
22843,396,True
22844,407,True
22845,414,True
22846,443,True
22847,451,True
22848,464,True
22849,466,True
22850,368,False
22851,483,True
22852,538,True
22853,596,True
22854,600,True
22855,255,False
22856,608,True
22857,52,False
22858,53,False
22859,54,False
22860,615,True
22861,654,True
22862,380,False
22863,663,True
22864,683,True
22865,700,True
22866,61,False
22867,703,True
22868,732,True
22869,737,True
22870,742,True
22871,765,True
22872,272,False
22873,800,True
22874,69,False
22875,815,True
22876,857,True
22877,902,True
22878,910,True
22879,972,True
22880,980,True
22881,988,True
22882,1008,True
22883,1019,True
22884,1028,True
22885,285,False
22886,1034,True
22887,82,False
22888,1071,True
22889,1080,True
22890,1083,True
22891,1093,True
22892,1099,True
22893,1107,True
22894,1118,True
22895,413,False
22896,1156,True
22897,8,False
22898,1170,True
22899,1176,True
22900,1178,True
22901,96,False
22902,97,False
22903,1179,True
22904,1187,True
22905,1220,True
22906,1221,True
22907,1264,True
22908,426,False
22909,1265,True
22910,21,False
22911,106,False
22912,1277,True
22913,1281,True
22914,1308,True
22915,110,False
22916,1317,True
22917,1328,True
22918,436,False
22919,30,False
22920,1348,True
22921,1364,True
22922,1372,True
22923,1425,True
22924,1429,True
22925,1451,True
22926,1460,True
22927,1470,True
22928,123,False
22929,1483,True
22930,1499,True
22931,1508,True
22932,1519,True
22933,1526,True
22934,1529,True
22935,130,False
22936,1533,True
22937,1570,True
22938,1572,True
22939,1575,True
22940,1580,True
22941,1596,True
22942,1603,True
22943,1631,True
22944,1633,True
22945,141,False
22946,142,False
22947,143,False
22948,144,False
22949,6,False
22950,146,False
22951,147,False
22952,63,False
22953,1687,True
22954,11,False
22955,1710,True
22956,13,False
22957,68,False
22958,1726,True
22959,1728,True
22960,1747,True
22961,1757,True
22962,158,False
22963,20,False
22964,21,False
22965,1793,True
22966,23,False
22967,1796,True
22968,1807,True
22969,1836,True
22970,214,False
22971,1839,True
22972,83,False
22973,1858,True
22974,1859,True
22975,1863,True
22976,1864,True
22977,1877,True
22978,1910,True
22979,1922,True
22980,1927,True
22981,1933,True
22982,1955,True
22983,1957,True
22984,1959,True
22985,1972,True
22986,6,False
22987,1986,True
22988,8,False
22989,1991,True
22990,2001,True
22991,11,False
22992,2010,True
22993,2013,True
22994,5,False
22995,2017,True
22996,2033,True
22997,242,False
22998,2049,True
22999,2053,True
23000,2056,True
23001,2064,True
23002,23,False
23003,2102,True
23004,2104,True
23005,35,False
23006,2111,True
23007,2160,True
23008,5,False
23009,2183,True
23010,2191,True
23011,2192,True
23012,2202,True
23013,2237,True
23014,2241,False
23015,2242,True
23016,2243,True
23017,2250,True
23018,2257,True
23019,8,False
23020,9,False
23021,2267,True
23022,2279,True
23023,2298,True
23024,2307,True
23025,2358,True
23026,2370,True
23027,2377,True
23028,25,False
23029,50,False
23030,2382,True
23031,5184,False
23032,2389,True
23033,62,False
23034,5187,False
23035,2391,True
23036,281,False
23037,2397,True
23038,2414,True
23039,2419,True
23040,2428,True
23041,38,False
23042,71,False
23043,2429,True
23044,74,False
23045,2432,True
23046,291,False
23047,2440,True
23048,2445,True
23049,2449,True
23050,2487,True
23051,40,False
23052,73,False
23053,2488,True
23054,2512,True
23055,84,False
23056,2516,True
23057,2529,True
23058,87,False
23059,2534,True
23060,2537,True
23061,2561,True
23062,51,False
23063,2574,True
23064,2575,True
23065,54,False
23066,12,False
23067,2576,True
23068,98,False
23069,15,False
23070,91,False
23071,2586,True
23072,317,False
23073,2601,True
23074,20,False
23075,2603,True
23076,65,False
23077,23,False
23078,2620,True
23079,2622,True
23080,2625,True
23081,2629,True
23082,29,False
23083,2635,True
23084,2636,True
23085,2639,True
23086,2642,True
23087,2645,True
23088,2655,True
23089,2665,True
23090,2667,True
23091,2686,True
23092,2688,True
23093,2695,True
23094,2696,True
23095,85,False
23096,2705,True
23097,2710,True
23098,2715,True
23099,89,False
23100,122,False
23101,189,False
23102,2716,True
23103,2767,True
23104,2776,True
23105,2778,True
23106,2786,True
23107,97,False
23108,2790,True
23109,2797,True
23110,2799,True
23111,2849,True
23112,200,False
23113,2852,True
23114,2854,True
23115,2883,True
23116,362,False
23117,2885,True
23118,2900,True
23119,2901,True
23120,2902,True
23121,2915,True
23122,210,False
23123,211,False
23124,2921,True
23125,40,False
23126,2932,True
23127,2953,True
23128,150,False
23129,217,False
23130,2969,True
23131,97,False
23132,2979,True
23133,221,False
23134,100,False
23135,2987,True
23136,3002,True
23137,3013,True
23138,13,True
23139,54,False
23140,21,True
23141,56,False
23142,54,True
23143,165,False
23144,134,False
23145,71,True
23146,79,True
23147,80,True
23148,236,False
23149,106,True
23150,238,False
23151,239,False
23152,119,True
23153,175,False
23154,124,True
23155,129,True
23156,151,True
23157,165,True
23158,180,False
23159,166,True
23160,150,False
23161,175,True
23162,177,True
23163,183,True
23164,193,True
23165,225,True
23166,231,True
23167,241,True
23168,242,True
23169,245,True
23170,248,True
23171,266,True
23172,269,True
23173,163,False
23174,131,False
23175,281,True
23176,295,True
23177,167,False
23178,301,True
23179,304,True
23180,202,False
23181,305,True
23182,333,True
23183,341,True
23184,345,True
23185,366,True
23186,387,True
23187,31,False
23188,397,True
23189,211,False
23190,421,True
23191,424,True
23192,149,False
23193,425,True
23194,426,True
23195,431,True
23196,186,False
23197,452,True
23198,155,False
23199,467,True
23200,473,True
23201,191,False
23202,487,True
23203,489,True
23204,226,False
23205,504,True
23206,507,True
23207,518,True
23208,520,True
23209,523,True
23210,542,True
23211,233,False
23212,543,True
23213,565,True
23214,578,True
23215,587,True
23216,588,True
23217,626,True
23218,633,True
23219,465,False
23220,64,False
23221,644,True
23222,212,False
23223,648,True
23224,651,True
23225,671,True
23226,183,False
23227,703,True
23228,705,True
23229,718,True
23230,252,False
23231,727,True
23232,749,True
23233,750,True
23234,760,True
23235,766,True
23236,776,True
23237,779,True
23238,787,True
23239,829,True
23240,197,False
23241,834,True
23242,849,True
23243,870,True
23244,885,True
23245,267,False
23246,907,True
23247,917,True
23248,238,False
23249,922,True
23250,272,False
23251,924,True
23252,242,False
23253,940,True
23254,974,True
23255,99,False
23256,1015,True
23257,1049,True
23258,1051,True
23259,504,False
23260,1057,True
23261,1061,True
23262,1062,True
23263,1093,True
23264,1095,True
23265,1098,True
23266,1100,True
23267,1104,True
23268,258,False
23269,1113,True
23270,1120,True
23271,1130,True
23272,228,False
23273,1133,True
23274,1169,True
23275,1181,True
23276,1194,True
23277,1195,True
23278,1204,True
23279,1207,True
23280,1221,True
23281,125,False
23282,1274,True
23283,1278,True
23284,529,False
23285,1280,True
23286,276,False
23287,131,False
23288,1296,True
23289,1297,True
23290,312,False
23291,1344,True
23292,1346,True
23293,1362,True
23294,250,False
23295,1365,True
23296,140,False
23297,1368,True
23298,1389,True
23299,255,False
23300,1399,True
23301,1402,True
23302,1404,True
23303,1442,True
23304,1462,True
23305,261,False
23306,262,False
23307,1475,True
23308,553,False
23309,1480,True
23310,266,False
23311,1482,True
23312,1489,True
23313,1493,True
23314,1535,True
23315,1536,True
23316,1555,True
23317,307,False
23318,340,False
23319,1573,True
23320,1584,True
23321,566,False
23322,1597,True
23323,1604,True
23324,1640,True
23325,1650,True
23326,1655,True
23327,1657,True
23328,1659,True
23329,351,False
23330,1710,True
23331,1718,True
23332,288,False
23333,1756,True
23334,324,False
23335,1773,True
23336,1778,True
23337,1780,True
23338,1783,True
23339,361,False
23340,184,False
23341,1793,True
23342,1794,True
23343,333,False
23344,334,False
23345,301,False
23346,1800,True
23347,303,False
23348,1888,True
23349,339,False
23350,1904,True
23351,1907,True
23352,597,False
23353,1912,True
23354,198,False
23355,1915,True
23356,1919,True
23357,1935,True
23358,1936,True
23359,203,False
23360,204,False
23361,1937,True
23362,206,False
23363,1944,True
23364,1948,True
23365,1952,True
23366,322,False
23367,323,False
23368,1970,True
23369,1976,True
23370,1986,True
23371,361,False
23372,1987,True
23373,1991,True
23374,2003,True
23375,2013,True
23376,220,False
23377,6,False
23378,2023,True
23379,2030,True
23380,2037,True
23381,2053,True
23382,2056,True
23383,2059,True
23384,2064,True
23385,14,False
23386,2071,True
23387,2072,True
23388,2099,True
23389,18,False
23390,2116,True
23391,2143,True
23392,2151,True
23393,2161,True
23394,10,False
23395,2163,True
23396,63,False
23397,2186,True
23398,2188,True
23399,2222,True
23400,2267,True
23401,2276,True
23402,2293,True
23403,2317,True
23404,2331,True
23405,2341,True
23406,2343,True
23407,2352,True
23408,399,False
23409,2361,True
23410,401,False
23411,2374,True
23412,403,False
23413,404,False
23414,2,False
23415,3,False
23416,4,False
23417,5,False
23418,49,False
23419,50,False
23420,9,False
23421,413,False
23422,414,False
23423,415,False
23424,55,False
23425,417,False
23426,57,False
23427,420,False
23428,421,False
23429,61,False
23430,62,False
23431,424,False
23432,64,False
23433,23,False
23434,1,False
23435,2404,True
23436,430,False
23437,2405,True
23438,28,False
23439,833,False
23440,2415,True
23441,8,False
23442,2439,True
23443,10,False
23444,2449,True
23445,2450,True
23446,36,False
23447,2476,True
23448,2479,True
23449,2480,True
23450,2482,True
23451,2503,True
23452,2504,True
23453,2542,True
23454,2547,True
23455,2575,True
23456,46,False
23457,2594,True
23458,2604,True
23459,2609,True
23460,2633,True
23461,2656,True
23462,2657,True
23463,13,False
23464,2703,True
23465,2709,True
23466,33,False
23467,57,False
23468,2730,True
23469,2743,True
23470,864,False
23471,2751,True
23472,14,False
23473,40,False
23474,16,False
23475,2759,True
23476,43,False
23477,67,False
23478,2762,True
23479,2789,True
23480,2810,True
23481,2830,True
23482,8,False
23483,2835,True
23484,10,False
23485,2842,True
23486,2845,True
23487,2888,True
23488,14,False
23489,2909,True
23490,884,False
23491,2912,True
23492,2914,True
23493,19,False
23494,2940,True
23495,37,False
23496,2942,True
23497,2943,True
23498,24,False
23499,2960,True
23500,2965,True
23501,68,False
23502,2988,True
23503,53,False
23504,3004,True
23505,3018,True
23506,900,False
23507,49,False
23508,10,False
23509,51,False
23510,3,True
23511,13,True
23512,38,True
23513,39,True
23514,81,False
23515,45,True
23516,910,False
23517,67,False
23518,49,True
23519,52,True
23520,70,False
23521,47,False
23522,133,True
23523,148,True
23524,17,False
23525,155,True
23526,68,False
23527,921,False
23528,78,False
23529,156,True
23530,164,True
23531,81,False
23532,171,True
23533,927,False
23534,174,True
23535,61,False
23536,177,True
23537,178,True
23538,15,False
23539,16,False
23540,181,True
23541,18,False
23542,84,False
23543,192,True
23544,21,False
23545,201,True
23546,219,True
23547,73,False
23548,224,True
23549,75,False
23550,76,False
23551,229,True
23552,7,False
23553,243,True
23554,121,False
23555,81,False
23556,249,True
23557,265,True
23558,283,True
23559,101,False
23560,127,False
23561,87,False
23562,300,True
23563,301,True
23564,320,True
23565,11,False
23566,322,True
23567,325,True
23568,328,True
23569,21,False
23570,349,True
23571,23,False
23572,98,False
23573,351,True
23574,367,True
23575,384,True
23576,22,False
23577,394,True
23578,30,False
23579,440,True
23580,974,False
23581,107,False
23582,447,True
23583,454,True
23584,458,True
23585,100,False
23586,128,False
23587,113,False
23588,40,False
23589,459,True
23590,473,True
23591,478,True
23592,134,False
23593,480,True
23594,481,True
23595,121,False
23596,138,False
23597,538,True
23598,124,False
23599,551,True
23600,556,True
23601,568,True
23602,169,False
23603,575,True
23604,146,False
23605,131,False
23606,173,False
23607,599,True
23608,607,True
23609,151,False
23610,62,False
23611,638,True
23612,650,True
23613,59,False
23614,658,True
23615,141,False
23616,669,True
23617,16,False
23618,670,True
23619,186,False
23620,696,True
23621,700,True
23622,189,False
23623,22,False
23624,191,False
23625,710,True
23626,79,False
23627,720,True
23628,753,True
23629,776,True
23630,777,True
23631,158,False
23632,10,False
23633,779,True
23634,162,False
23635,804,True
23636,15,False
23637,16,False
23638,817,True
23639,831,True
23640,208,False
23641,860,True
23642,863,True
23643,76,False
23644,880,True
23645,162,False
23646,886,True
23647,887,True
23648,27,False
23649,1045,False
23650,896,True
23651,900,True
23652,906,True
23653,956,True
23654,992,True
23655,999,True
23656,1026,True
23657,90,False
23658,1031,True
23659,1048,True
23660,1059,True
23661,10,False
23662,1061,True
23663,64,False
23664,1071,True
23665,1061,False
23666,1091,True
23667,1106,True
23668,17,False
23669,21,False
23670,1108,True
23671,1132,True
23672,1134,True
23673,14,False
23674,1146,True
23675,27,False
23676,25,False
23677,7,True
23678,14,True
23679,1075,False
23680,18,True
23681,1077,False
23682,23,False
23683,24,True
23684,252,False
23685,64,False
23686,30,True
23687,33,True
23688,37,True
23689,68,False
23690,47,True
23691,43,False
23692,50,True
23693,72,False
23694,57,True
23695,44,False
23696,68,True
23697,98,False
23698,1094,False
23699,75,True
23700,82,True
23701,1097,False
23702,54,False
23703,99,True
23704,83,False
23705,105,True
23706,85,False
23707,119,True
23708,14,False
23709,15,False
23710,124,True
23711,148,True
23712,149,True
23713,153,True
23714,63,False
23715,159,True
23716,127,False
23717,96,False
23718,119,False
23719,168,True
23720,184,True
23721,73,False
23722,123,False
23723,124,False
23724,187,True
23725,136,False
23726,75,False
23727,200,True
23728,139,False
23729,221,True
23730,79,False
23731,235,True
23732,243,True
23733,82,False
23734,145,False
23735,87,False
23736,270,True
23737,116,False
23738,286,True
23739,80,False
23740,287,True
23741,293,True
23742,48,False
23743,49,False
23744,312,False
23745,94,False
23746,302,True
23747,53,False
23748,317,True
23749,352,True
23750,373,True
23751,130,False
23752,320,False
23753,400,True
23754,60,False
23755,423,True
23756,443,True
23757,326,False
23758,461,True
23759,66,False
23760,504,True
23761,103,False
23762,509,True
23763,513,True
23764,144,False
23765,543,True
23766,550,True
23767,561,True
23768,118,False
23769,568,True
23770,150,False
23771,78,False
23772,577,True
23773,342,False
23774,582,True
23775,117,False
23776,596,True
23777,84,False
23778,609,True
23779,626,True
23780,160,False
23781,643,True
23782,649,True
23783,650,True
23784,657,True
23785,671,True
23786,672,True
23787,697,True
23788,711,True
23789,751,True
23790,792,True
23791,141,False
23792,832,True
23793,362,False
23794,861,True
23795,145,False
23796,863,True
23797,867,True
23798,873,True
23799,875,True
23800,202,False
23801,881,True
23802,887,True
23803,183,False
23804,889,True
23805,898,True
23806,933,True
23807,187,False
23808,377,False
23809,976,True
23810,995,True
23811,1039,True
23812,1046,True
23813,1049,True
23814,164,False
23815,1083,True
23816,158,False
23817,1084,True
23818,1087,True
23819,199,False
23820,170,False
23821,1113,True
23822,1129,True
23823,1142,True
23824,174,False
23825,1162,True
23826,206,False
23827,177,False
23828,230,False
23829,1166,True
23830,1220,True
23831,1247,True
23832,182,False
23833,1248,True
23834,214,False
23835,1296,True
23836,238,False
23837,406,False
23838,1324,True
23839,1332,True
23840,1336,True
23841,243,False
23842,1342,True
23843,1348,True
23844,1366,True
23845,195,False
23846,196,False
23847,1387,True
23848,198,False
23849,1388,True
23850,1404,True
23851,1405,True
23852,232,False
23853,1415,True
23854,423,False
23855,1442,True
23856,425,False
23857,1469,True
23858,208,False
23859,1479,True
23860,1488,True
23861,1493,True
23862,204,False
23863,205,False
23864,1542,True
23865,1545,True
23866,216,False
23867,1549,True
23868,248,False
23869,1555,True
23870,250,False
23871,1584,True
23872,222,False
23873,1588,True
23874,1589,True
23875,1593,True
23876,1621,True
23877,1625,True
23878,447,False
23879,14,False
23880,1637,True
23881,283,False
23882,1638,True
23883,18,False
23884,1651,True
23885,1661,True
23886,1662,True
23887,22,False
23888,1705,True
23889,1716,True
23890,1723,True
23891,460,False
23892,1736,True
23893,1769,True
23894,1777,True
23895,1804,True
23896,1834,True
23897,1842,True
23898,1862,True
23899,1888,True
23900,35,False
23901,1896,True
23902,37,False
23903,1916,True
23904,1947,True
23905,474,False
23906,1951,True
23907,228,False
23908,1984,True
23909,230,False
23910,479,False
23911,232,False
23912,1999,True
23913,2001,True
23914,316,False
23915,2003,True
23916,2016,True
23917,486,False
23918,2062,True
23919,2077,True
23920,2111,True
23921,301,False
23922,2128,True
23923,492,False
23924,2135,True
23925,25,False
23926,2143,True
23927,2146,True
23928,2185,True
23929,2197,True
23930,2198,True
23931,31,False
23932,2207,True
23933,335,False
23934,2233,True
23935,2238,True
23936,2243,True
23937,2250,True
23938,319,False
23939,2270,True
23940,693,False
23941,2275,True
23942,2291,True
23943,513,False
23944,2293,True
23945,2302,True
23946,2324,True
23947,83,False
23948,2344,True
23949,85,False
23950,331,False
23951,2363,True
23952,2380,True
23953,2383,True
23954,80,False
23955,2420,True
23956,2447,True
23957,255,False
23958,339,False
23959,2452,True
23960,713,False
23961,2453,True
23962,2461,True
23963,2473,True
23964,90,False
23965,2500,True
23966,347,False
23967,2507,True
23968,538,False
23969,539,False
23970,2513,True
23971,269,False
23972,2525,True
23973,2526,True
23974,377,False
23975,2532,True
23976,2534,True
23977,547,False
23978,2542,True
23979,105,False
23980,384,False
23981,2570,True
23982,2580,True
23983,2581,True
23984,2585,True
23985,556,False
23986,2620,True
23987,2633,True
23988,392,False
23989,2690,True
23990,2691,True
23991,562,False
23992,2715,True
23993,142,False
23994,2743,True
23995,2746,True
23996,400,False
23997,134,False
23998,135,False
23999,2754,True
24000,2758,True
24001,2777,True
24002,2781,True
24003,407,False
24004,2811,True
24005,409,False
24006,2817,True
24007,144,False
24008,412,False
24009,2841,True
24010,414,False
24011,2850,True
24012,139,False
24013,150,False
24014,3,True
24015,5,True
24016,13,True
24017,37,True
24018,70,True
24019,423,False
24020,74,True
24021,78,True
24022,35,False
24023,81,True
24024,97,True
24025,103,True
24026,105,True
24027,124,True
24028,432,False
24029,136,True
24030,167,False
24031,168,False
24032,138,True
24033,170,False
24034,139,True
24035,144,True
24036,49,False
24037,146,True
24038,150,True
24039,160,True
24040,164,True
24041,612,False
24042,165,True
24043,166,True
24044,448,False
24045,179,True
24046,183,False
24047,10,False
24048,175,False
24049,185,True
24050,216,True
24051,224,True
24052,65,False
24053,457,False
24054,239,True
24055,241,True
24056,254,True
24057,628,False
24058,272,True
24059,284,True
24060,631,False
24061,299,True
24062,322,True
24063,339,True
24064,468,False
24065,351,True
24066,470,False
24067,471,False
24068,169,False
24069,354,True
24070,171,False
24071,172,False
24072,643,False
24073,371,True
24074,175,False
24075,38,False
24076,386,True
24077,648,False
24078,179,False
24079,42,False
24080,392,True
24081,182,False
24082,417,True
24083,654,False
24084,23,False
24085,419,True
24086,490,False
24087,420,True
24088,51,False
24089,660,False
24090,494,False
24091,439,True
24092,218,False
24093,455,True
24094,474,True
24095,491,True
24096,492,True
24097,501,False
24098,517,True
24099,525,True
24100,558,True
24101,672,False
24102,590,True
24103,609,True
24104,636,True
24105,68,False
24106,641,True
24107,511,False
24108,666,True
24109,680,False
24110,695,True
24111,248,False
24112,700,True
24113,684,False
24114,685,False
24115,709,True
24116,733,True
24117,56,False
24118,745,True
24119,82,False
24120,246,False
24121,777,True
24122,135,False
24123,260,False
24124,783,True
24125,784,True
24126,792,True
24127,66,False
24128,811,True
24129,821,True
24130,853,True
24131,70,False
24132,858,True
24133,861,True
24134,876,True
24135,887,True
24136,890,True
24137,893,True
24138,905,True
24139,920,True
24140,921,True
24141,924,True
24142,930,True
24143,207,False
24144,937,True
24145,972,True
24146,984,True
24147,160,False
24148,87,False
24149,995,True
24150,996,True
24151,288,False
24152,1011,True
24153,92,False
24154,1013,True
24155,559,False
24156,95,False
24157,221,False
24158,284,False
24159,223,False
24160,1040,True
24161,1045,True
24162,1052,True
24163,1061,True
24164,127,False
24165,1062,True
24166,129,False
24167,1076,True
24168,1077,True
24169,1100,True
24170,183,False
24171,308,False
24172,1114,True
24173,186,False
24174,1123,True
24175,138,False
24176,240,False
24177,1124,True
24178,1125,True
24179,1137,True
24180,1154,True
24181,1162,True
24182,145,False
24183,196,False
24184,1167,True
24185,124,False
24186,1173,True
24187,1205,True
24188,1243,True
24189,1275,True
24190,1277,True
24191,1297,True
24192,155,False
24193,319,False
24194,765,False
24195,1322,True
24196,135,False
24197,1327,True
24198,137,False
24199,1330,True
24200,604,False
24201,1335,True
24202,773,False
24203,774,False
24204,1350,True
24205,331,False
24206,1375,True
24207,220,False
24208,1422,True
24209,1434,True
24210,1438,True
24211,1450,True
24212,1451,True
24213,226,False
24214,1463,True
24215,1467,True
24216,18,False
24217,1475,True
24218,1478,True
24219,791,False
24220,1484,True
24221,1485,True
24222,1489,True
24223,1493,True
24224,1519,True
24225,1548,True
24226,7,False
24227,1560,True
24228,1567,True
24229,243,False
24230,244,False
24231,17,True
24232,22,True
24233,360,False
24234,41,True
24235,16,False
24236,38,False
24237,39,False
24238,19,False
24239,60,True
24240,254,False
24241,82,True
24242,256,False
24243,257,False
24244,371,False
24245,185,False
24246,651,False
24247,652,False
24248,50,False
24249,96,True
24250,190,False
24251,656,False
24252,98,True
24253,117,True
24254,35,False
24255,119,True
24256,58,False
24257,126,True
24258,60,False
24259,273,False
24260,200,False
24261,388,False
24262,5,True
24263,26,True
24264,669,False
24265,279,False
24266,28,True
24267,281,False
24268,35,True
24269,37,True
24270,284,False
24271,52,False
24272,41,True
24273,287,False
24274,679,False
24275,680,False
24276,47,True
24277,291,False
24278,5,False
24279,52,True
24280,685,False
24281,295,False
24282,72,True
24283,297,False
24284,298,False
24285,83,True
24286,300,False
24287,2,False
24288,101,True
24289,694,False
24290,103,True
24291,113,True
24292,19,False
24293,5,False
24294,699,False
24295,7,False
24296,8,False
24297,118,True
24298,703,False
24299,11,False
24300,123,True
24301,315,False
24302,14,False
24303,430,False
24304,130,True
24305,17,False
24306,18,False
24307,141,True
24308,713,False
24309,90,False
24310,22,False
24311,143,True
24312,717,False
24313,440,False
24314,26,False
24315,27,False
24316,28,False
24317,44,False
24318,158,True
24319,46,False
24320,159,True
24321,160,True
24322,727,False
24323,337,False
24324,163,True
24325,452,False
24326,453,False
24327,454,False
24328,40,False
24329,41,False
24330,111,False
24331,164,True
24332,169,True
24333,273,False
24334,348,False
24335,177,True
24336,48,False
24337,185,True
24338,50,False
24339,51,False
24340,280,False
24341,195,True
24342,205,True
24343,209,True
24344,125,False
24345,359,False
24346,217,True
24347,474,False
24348,60,False
24349,61,False
24350,477,False
24351,219,True
24352,133,False
24353,227,True
24354,66,False
24355,295,False
24356,370,False
24357,240,True
24358,241,True
24359,4,False
24360,72,False
24361,245,True
24362,252,True
24363,283,True
24364,289,True
24365,77,False
24366,147,False
24367,304,True
24368,308,False
24369,14,False
24370,775,False
24371,311,False
24372,312,False
24373,313,True
24374,19,False
24375,314,True
24376,21,False
24377,504,False
24378,505,False
24379,24,False
24380,328,True
24381,395,False
24382,329,True
24383,323,False
24384,29,False
24385,399,False
24386,341,True
24387,32,False
24388,345,True
24389,34,False
24390,358,True
24391,796,False
24392,173,False
24393,798,False
24394,365,True
24395,107,False
24396,336,False
24397,387,True
24398,110,False
24399,388,True
24400,390,True
24401,396,True
24402,405,True
24403,115,False
24404,344,False
24405,419,False
24406,416,True
24407,812,False
24408,120,False
24409,349,False
24410,815,False
24411,123,False
24412,352,False
24413,452,True
24414,488,True
24415,491,True
24416,495,True
24417,198,False
24418,503,True
24419,506,True
24420,434,False
24421,548,False
24422,436,False
24423,508,True
24424,11,False
24425,515,True
24426,207,False
24427,532,True
24428,538,True
24429,210,False
24430,545,True
24431,445,False
24432,2,False
24433,547,True
24434,561,True
24435,218,False
24436,452,False
24437,366,False
24438,600,True
24439,153,False
24440,12,False
24441,608,True
24442,849,False
24443,459,False
24444,16,False
24445,17,False
24446,462,False
24447,614,True
24448,577,False
24449,615,True
24450,617,True
24451,2,False
24452,630,True
24453,644,True
24454,645,True
24455,663,True
24456,4,False
24457,693,True
24458,474,False
24459,31,False
24460,867,False
24461,702,True
24462,725,True
24463,726,True
24464,768,True
24465,179,False
24466,781,True
24467,15,False
24468,875,False
24469,798,True
24470,799,True
24471,878,False
24472,44,False
24473,816,True
24474,881,False
24475,882,False
24476,24,False
24477,834,True
24478,26,False
24479,495,False
24480,52,False
24481,840,True
24482,842,True
24483,499,False
24484,500,False
24485,892,False
24486,845,True
24487,616,False
24488,857,True
24489,37,False
24490,861,True
24491,869,True
24492,6,False
24493,900,False
24494,876,True
24495,9,False
24496,885,True
24497,45,False
24498,12,False
24499,906,False
24500,907,False
24501,894,True
24502,518,False
24503,904,True
24504,911,False
24505,53,False
24506,522,False
24507,221,False
24508,10,False
24509,525,False
24510,913,True
24511,928,True
24512,226,False
24513,27,False
24514,62,False
24515,229,False
24516,10,False
24517,940,True
24518,20,False
24519,535,False
24520,34,False
24521,946,True
24522,951,True
24523,71,False
24524,72,False
24525,5,False
24526,40,False
24527,972,True
24528,22,False
24529,9,False
24530,10,False
24531,1007,True
24532,1011,True
24533,35,False
24534,248,False
24535,1017,True
24536,1,False
24537,1078,True
24538,52,False
24539,1092,True
24540,88,False
24541,948,False
24542,36,False
24543,1094,True
24544,38,False
24545,1106,True
24546,60,False
24547,27,False
24548,96,False
24549,1132,True
24550,957,False
24551,16,False
24552,100,False
24553,18,False
24554,1167,True
24555,962,False
24556,2950,False
24557,1185,True
24558,38,False
24559,39,False
24560,1190,True
24561,55,False
24562,42,False
24563,4,False
24564,971,False
24565,30,False
24566,1206,True
24567,1207,True
24568,116,False
24569,71,False
24570,1217,True
24571,51,False
24572,1232,True
24573,67,False
24574,1233,True
24575,1273,True
24576,78,False
24577,42,False
24578,1277,True
24579,1278,True
24580,1286,True
24581,83,False
24582,19,False
24583,85,False
24584,1296,True
24585,992,False
24586,51,False
24587,1314,True
24588,68,False
24589,1319,True
24590,70,False
24591,1323,True
24592,1335,True
24593,107,False
24594,59,False
24595,97,False
24596,61,False
24597,726,False
24598,1340,True
24599,36,False
24600,1365,True
24601,95,False
24602,116,False
24603,97,False
24604,1381,True
24605,99,False
24606,86,False
24607,121,False
24608,102,False
24609,1385,True
24610,75,False
24611,1391,True
24612,160,False
24613,1398,True
24614,162,False
24615,1422,True
24616,81,False
24617,131,False
24618,1425,True
24619,121,False
24620,122,False
24621,123,False
24622,136,False
24623,2980,False
24624,1436,True
24625,2982,False
24626,140,False
24627,2984,False
24628,122,False
24629,1438,True
24630,132,False
24631,179,False
24632,180,False
24633,1441,True
24634,1041,False
24635,137,False
24636,138,False
24637,117,False
24638,132,False
24639,1455,True
24640,2993,False
24641,143,False
24642,770,False
24643,15,False
24644,1466,True
24645,193,False
24646,140,False
24647,19,False
24648,113,False
24649,143,False
24650,144,False
24651,1474,True
24652,117,False
24653,25,False
24654,1476,True
24655,120,False
24656,28,False
24657,1064,False
24658,1490,True
24659,1491,True
24660,140,False
24661,209,False
24662,1493,True
24663,165,False
24664,212,False
24665,213,False
24666,1494,True
24667,132,False
24668,216,False
24669,171,False
24670,150,False
24671,108,False
24672,174,False
24673,110,False
24674,176,False
24675,1511,True
24676,1910,False
24677,179,False
24678,1912,False
24679,144,False
24680,160,False
24681,1512,True
24682,184,False
24683,1917,False
24684,149,False
24685,1919,False
24686,1523,True
24687,1524,True
24688,190,False
24689,34,False
24690,1531,True
24691,128,False
24692,157,False
24693,1541,True
24694,1101,False
24695,40,False
24696,133,False
24697,199,False
24698,200,False
24699,136,False
24700,7,False
24701,8,False
24702,1569,True
24703,140,False
24704,141,False
24705,185,False
24706,1576,True
24707,52,False
24708,256,False
24709,211,False
24710,1603,True
24711,1604,True
24712,57,False
24713,1640,True
24714,1647,True
24715,180,False
24716,1667,True
24717,7,False
24718,8,False
24719,9,False
24720,10,False
24721,1669,True
24722,202,False
24723,1677,True
24724,69,False
24725,1132,False
24726,1721,True
24727,854,False
24728,1135,False
24729,74,False
24730,278,False
24731,1731,True
24732,1139,False
24733,170,False
24734,282,False
24735,1142,False
24736,81,False
24737,285,False
24738,1745,True
24739,1748,True
24740,1766,True
24741,221,False
24742,1149,False
24743,1788,True
24744,292,False
24745,293,False
24746,873,False
24747,1793,True
24748,228,False
24749,1796,True
24750,877,False
24751,41,False
24752,1803,True
24753,98,False
24754,1825,True
24755,303,False
24756,101,False
24757,1164,False
24758,238,False
24759,307,False
24760,1829,True
24761,106,False
24762,52,False
24763,1839,True
24764,229,False
24765,230,False
24766,246,False
24767,247,False
24768,113,False
24769,1895,True
24770,115,False
24771,251,False
24772,62,False
24773,1898,True
24774,239,False
24775,323,False
24776,1899,True
24777,67,False
24778,1908,True
24779,327,False
24780,70,False
24781,1928,True
24782,330,False
24783,248,False
24784,74,False
24785,24,False
24786,334,False
24787,77,False
24788,1937,True
24789,254,False
24790,338,False
24791,339,False
24792,1940,True
24793,1943,True
24794,342,False
24795,275,False
24796,276,False
24797,1957,True
24798,37,False
24799,347,False
24800,1962,True
24801,91,False
24802,1981,True
24803,351,False
24804,931,False
24805,353,False
24806,1987,True
24807,97,False
24808,1994,True
24809,2005,True
24810,100,False
24811,101,False
24812,157,False
24813,361,False
24814,2044,True
24815,252,False
24816,281,False
24817,282,False
24818,2060,True
24819,2069,True
24820,2070,True
24821,258,False
24822,370,False
24823,288,False
24824,114,False
24825,170,False
24826,2098,True
24827,264,False
24828,308,False
24829,119,False
24830,378,False
24831,268,False
24832,122,False
24833,2120,True
24834,179,False
24835,2124,True
24836,127,False
24837,2137,True
24838,276,False
24839,185,False
24840,321,False
24841,390,False
24842,2145,True
24843,2153,True
24844,2257,False
24845,85,False
24846,2154,True
24847,2157,True
24848,7,False
24849,4809,False
24850,2163,True
24851,4811,False
24852,198,False
24853,334,False
24854,2176,True
24855,2177,True
24856,4816,False
24857,295,False
24858,407,False
24859,205,False
24860,2200,True
24861,299,False
24862,2227,True
24863,22,False
24864,104,False
24865,2230,True
24866,415,False
24867,348,False
24868,2249,True
24869,160,False
24870,2263,True
24871,162,False
24872,2269,True
24873,2285,True
24874,18,False
24875,4,False
24876,6,False
24877,2294,True
24878,2296,True
24879,2319,True
24880,23,False
24881,24,False
24882,2336,True
24883,174,False
24884,13,False
24885,231,False
24886,126,False
24887,436,False
24888,2346,True
24889,327,False
24890,439,False
24891,2361,True
24892,183,False
24893,1021,False
24894,443,False
24895,444,False
24896,2378,True
24897,188,False
24898,2416,True
24899,3,False
24900,338,False
24901,2418,True
24902,340,False
24903,2424,True
24904,250,False
24905,2434,True
24906,2437,True
24907,198,False
24908,254,False
24909,2467,True
24910,2472,True
24911,257,False
24912,2476,True
24913,351,False
24914,2489,True
24915,3,False
24916,262,False
24917,2525,True
24918,209,False
24919,159,False
24920,8,False
24921,1,False
24922,2530,True
24923,214,False
24924,164,False
24925,165,False
24926,2537,True
24927,218,False
24928,2545,True
24929,8,False
24930,2583,True
24931,222,False
24932,20,False
24933,371,False
24934,2596,True
24935,23,False
24936,2605,True
24937,25,False
24938,376,False
24939,2613,True
24940,489,False
24941,20,False
24942,2623,True
24943,22,False
24944,32,False
24945,2627,True
24946,495,False
24947,2644,True
24948,36,False
24949,2654,True
24950,388,False
24951,2661,True
24952,40,False
24953,2672,True
24954,2676,True
24955,2686,True
24956,2688,True
24957,197,False
24958,2734,True
24959,47,False
24960,200,False
24961,1089,False
24962,2756,True
24963,203,False
24964,402,False
24965,2768,True
24966,2792,True
24967,405,False
24968,8,False
24969,407,False
24970,2810,True
24971,211,False
24972,1100,False
24973,2818,True
24974,14,False
24975,16,False
24976,2,False
24977,2825,True
24978,2828,True
24979,67,False
24980,21,False
24981,2847,True
24982,22,False
24983,71,False
24984,2852,True
24985,25,False
24986,2890,True
24987,75,False
24988,228,False
24989,15,False
24990,30,False
24991,32,False
24992,18,False
24993,233,False
24994,2893,True
24995,235,False
24996,22,False
24997,2896,True
24998,39,False
24999,40,False
25000,26,False
25001,89,False
25002,2922,True
25003,1131,False
25004,2936,True
25005,443,False
25006,94,False
25007,48,False
25008,49,False
25009,1137,False
25010,52,False
25011,2982,True
25012,100,False
25013,55,False
25014,55,False
25015,2999,True
25016,256,False
25017,3005,True
25018,59,False
25019,107,False
25020,260,False
25021,3034,True
25022,110,False
25023,3036,True
25024,1152,False
25025,463,False
25026,67,False
25027,115,False
25028,54,False
25029,55,False
25030,270,False
25031,1,True
25032,74,True
25033,4,False
25034,76,False
25035,12,False
25036,18,False
25037,79,False
25038,126,False
25039,30,False
25040,31,False
25041,281,False
25042,68,False
25043,131,False
25044,37,False
25045,87,False
25046,286,False
25047,135,False
25048,42,False
25049,75,False
25050,70,False
25051,91,False
25052,76,True
25053,94,True
25054,294,False
25055,81,False
25056,98,False
25057,83,False
25058,100,False
25059,100,True
25060,87,False
25061,87,False
25062,123,True
25063,303,False
25064,132,True
25065,133,True
25066,154,False
25067,137,True
25068,151,True
25069,154,True
25070,310,False
25071,9,False
25072,10,False
25073,156,True
25074,100,False
25075,117,False
25076,175,True
25077,1202,False
25078,104,False
25079,17,False
25080,168,False
25081,186,True
25082,124,False
25083,21,False
25084,223,True
25085,111,False
25086,128,False
25087,25,False
25088,263,True
25089,1214,False
25090,132,False
25091,179,False
25092,30,False
25093,181,False
25094,270,True
25095,122,False
25096,9,False
25097,274,True
25098,625,False
25099,626,False
25100,39,False
25101,284,True
25102,343,False
25103,4,False
25104,298,True
25105,148,False
25106,347,False
25107,634,False
25108,311,True
25109,314,True
25110,49,False
25111,50,False
25112,51,False
25113,320,True
25114,203,False
25115,142,False
25116,55,False
25117,337,True
25118,359,False
25119,58,False
25120,209,False
25121,340,True
25122,649,False
25123,352,True
25124,213,False
25125,152,False
25126,215,False
25127,353,True
25128,377,True
25129,382,True
25130,5,False
25131,384,True
25132,403,True
25133,160,False
25134,1260,False
25135,409,True
25136,163,False
25137,226,False
25138,227,False
25139,666,False
25140,414,True
25141,668,False
25142,20,False
25143,421,True
25144,440,True
25145,1271,False
25146,441,True
25147,460,True
25148,175,False
25149,390,False
25150,391,False
25151,26,False
25152,466,True
25153,394,False
25154,1280,False
25155,472,True
25156,1282,False
25157,482,True
25158,492,True
25159,7,False
25160,685,False
25161,515,True
25162,10,False
25163,688,False
25164,42,False
25165,517,True
25166,691,False
25167,692,False
25168,409,False
25169,540,True
25170,695,False
25171,561,True
25172,199,False
25173,200,False
25174,562,True
25175,416,False
25176,563,True
25177,55,False
25178,8,False
25179,568,True
25180,596,True
25181,706,False
25182,12,False
25183,599,True
25184,608,True
25185,63,False
25186,610,True
25187,614,True
25188,713,False
25189,673,True
25190,431,False
25191,432,False
25192,717,False
25193,718,False
25194,705,True
25195,73,False
25196,74,False
25197,75,False
25198,76,False
25199,708,True
25200,227,False
25201,715,True
25202,443,False
25203,444,False
25204,82,False
25205,729,True
25206,234,False
25207,86,False
25208,734,True
25209,735,True
25210,452,False
25211,87,False
25212,454,False
25213,747,True
25214,740,False
25215,768,True
25216,92,False
25217,1344,False
25218,769,True
25219,98,False
25220,96,False
25221,802,True
25222,101,False
25223,5,False
25224,812,True
25225,253,False
25226,843,True
25227,3,False
25228,852,True
25229,257,False
25230,5,False
25231,3095,False
25232,855,True
25233,386,False
25234,1361,False
25235,4127,False
25236,3100,False
25237,17,False
25238,861,True
25239,4131,False
25240,2,False
25241,269,False
25242,3106,False
25243,2769,False
25244,877,True
25245,879,True
25246,28,False
25247,886,True
25248,124,False
25249,775,False
25250,891,True
25251,3,False
25252,28,False
25253,5,False
25254,282,False
25255,35,False
25256,32,False
25257,899,True
25258,286,False
25259,35,False
25260,902,True
25261,3064,False
25262,14,False
25263,908,True
25264,47,False
25265,1200,False
25266,915,True
25267,19,False
25268,20,False
25269,795,False
25270,423,False
25271,1206,False
25272,918,True
25273,928,True
25274,54,False
25275,1402,False
25276,429,False
25277,29,False
25278,30,False
25279,13,False
25280,806,False
25281,957,True
25282,808,False
25283,979,True
25284,312,False
25285,68,False
25286,994,True
25287,1222,False
25288,1415,False
25289,72,False
25290,816,False
25291,74,False
25292,1005,True
25293,76,False
25294,1421,False
25295,75,False
25296,37,False
25297,38,False
25298,326,False
25299,1234,False
25300,30,False
25301,1236,False
25302,828,False
25303,1008,True
25304,19,False
25305,56,False
25306,57,False
25307,48,False
25308,49,False
25309,1016,True
25310,1244,False
25311,5,False
25312,465,False
25313,35,False
25314,8,False
25315,98,False
25316,343,False
25317,1444,False
25318,12,False
25319,14,False
25320,14,False
25321,104,False
25322,5,False
25323,1070,True
25324,351,False
25325,19,False
25326,1073,True
25327,68,False
25328,11,False
25329,3,False
25330,13,False
25331,72,False
25332,19,False
25333,7,False
25334,21,False
25335,1077,True
25336,119,False
25337,490,False
25338,25,False
25339,14,False
25340,27,False
25341,1101,True
25342,18,False
25343,1124,True
25344,3,False
25345,28,False
25346,40,False
25347,500,False
25348,100,False
25349,1127,True
25350,36,False
25351,92,False
25352,1132,True
25353,29,False
25354,12,False
25355,41,False
25356,154,False
25357,32,False
25358,1143,True
25359,56,False
25360,513,False
25361,159,False
25362,515,False
25363,390,False
25364,39,False
25365,1147,True
25366,393,False
25367,64,False
25368,166,False
25369,66,False
25370,168,False
25371,47,False
25372,47,False
25373,1156,True
25374,50,False
25375,33,False
25376,73,False
25377,53,False
25378,161,False
25379,53,False
25380,533,False
25381,122,False
25382,1509,False
25383,59,False
25384,125,False
25385,68,False
25386,1161,True
25387,128,False
25388,171,False
25389,1516,False
25390,543,False
25391,143,False
25392,419,False
25393,49,False
25394,24,False
25395,1165,True
25396,137,False
25397,424,False
25398,28,False
25399,73,False
25400,1171,True
25401,1,False
25402,76,False
25403,77,False
25404,202,False
25405,146,False
25406,1172,True
25407,148,False
25408,1178,True
25409,83,False
25410,1213,True
25411,152,False
25412,1215,True
25413,88,False
25414,1217,True
25415,167,False
25416,82,False
25417,17,False
25418,83,False
25419,572,False
25420,1547,False
25421,173,False
25422,44,False
25423,53,False
25424,107,False
25425,1229,True
25426,224,False
25427,1252,True
25428,28,False
25429,227,False
25430,171,False
25431,584,False
25432,115,False
25433,1266,True
25434,186,False
25435,218,False
25436,13,False
25437,220,False
25438,236,False
25439,1276,True
25440,1311,True
25441,115,False
25442,183,False
25443,99,False
25444,35,False
25445,22,False
25446,23,False
25447,5,False
25448,189,False
25449,1337,True
25450,25,False
25451,42,False
25452,6,False
25453,28,False
25454,12,False
25455,1343,True
25456,1362,True
25457,1365,True
25458,2,False
25459,34,False
25460,18,False
25461,1374,True
25462,1387,True
25463,40,False
25464,22,False
25465,1410,True
25466,1431,True
25467,150,False
25468,12,False
25469,7,False
25470,127,False
25471,1433,True
25472,11,False
25473,74,False
25474,258,False
25475,1436,True
25476,1438,True
25477,1443,True
25478,17,False
25479,80,False
25480,634,False
25481,40,False
25482,1482,True
25483,42,False
25484,141,False
25485,1510,True
25486,1614,False
25487,144,False
25488,1519,True
25489,65,False
25490,91,False
25491,67,False
25492,36,False
25493,69,False
25494,1582,True
25495,34,False
25496,55,False
25497,281,False
25498,182,False
25499,1611,True
25500,27,False
25501,28,False
25502,656,False
25503,657,False
25504,9,False
25505,32,False
25506,1662,True
25507,191,False
25508,292,False
25509,36,False
25510,49,False
25511,55,False
25512,1666,True
25513,197,False
25514,645,False
25515,1687,True
25516,117,False
25517,56,False
25518,649,False
25519,6,False
25520,64,False
25521,8,False
25522,1712,True
25523,124,False
25524,308,False
25525,15,False
25526,53,False
25527,1757,True
25528,185,False
25529,683,False
25530,131,False
25531,75,False
25532,686,False
25533,1762,True
25534,13,False
25535,79,False
25536,63,False
25537,691,False
25538,1772,True
25539,5,True
25540,67,False
25541,95,False
25542,9,True
25543,12,True
25544,63,True
25545,68,True
25546,330,False
25547,148,False
25548,75,False
25549,69,True
25550,8,False
25551,335,False
25552,80,False
25553,41,False
25554,1682,False
25555,157,False
25556,71,True
25557,15,False
25558,86,False
25559,344,False
25560,8,False
25561,19,False
25562,74,True
25563,140,False
25564,141,False
25565,53,False
25566,1694,False
25567,26,False
25568,145,False
25569,83,True
25570,28,False
25571,99,False
25572,88,True
25573,61,False
25574,89,True
25575,33,False
25576,92,True
25577,110,True
25578,66,False
25579,734,False
25580,182,False
25581,120,True
25582,129,True
25583,41,False
25584,35,False
25585,370,False
25586,149,True
25587,189,False
25588,743,False
25589,40,False
25590,1718,False
25591,746,False
25592,194,False
25593,3,False
25594,171,False
25595,54,False
25596,184,True
25597,1725,False
25598,86,False
25599,186,True
25600,88,False
25601,203,False
25602,387,False
25603,758,False
25604,195,True
25605,199,True
25606,94,False
25607,58,False
25608,185,False
25609,394,False
25610,765,False
25611,213,True
25612,189,False
25613,141,False
25614,9,False
25615,58,False
25616,260,True
25617,60,False
25618,107,False
25619,78,False
25620,72,False
25621,73,False
25622,10,True
25623,152,False
25624,153,False
25625,228,False
25626,204,False
25627,79,False
25628,25,True
25629,785,False
25630,119,False
25631,417,False
25632,34,True
25633,42,True
25634,94,False
25635,94,False
25636,165,False
25637,166,False
25638,241,False
25639,1768,False
25640,56,True
25641,219,False
25642,1771,False
25643,60,True
25644,133,False
25645,41,False
25646,69,True
25647,136,False
25648,251,True
25649,227,False
25650,228,False
25651,254,False
25652,112,False
25653,182,False
25654,4,False
25655,10,False
25656,108,False
25657,117,False
25658,25,False
25659,148,False
25660,263,True
25661,1790,False
25662,121,False
25663,122,False
25664,124,False
25665,243,False
25666,244,False
25667,9,False
25668,21,False
25669,247,False
25670,23,False
25671,123,False
25672,25,False
25673,21,False
25674,277,False
25675,127,False
25676,279,True
25677,31,False
25678,281,False
25679,45,False
25680,11,False
25681,50,False
25682,13,False
25683,839,False
25684,2,False
25685,33,False
25686,55,False
25687,35,False
25688,59,False
25689,20,False
25690,646,False
25691,151,False
25692,65,False
25693,271,False
25694,80,False
25695,154,False
25696,852,False
25697,82,False
25698,854,False
25699,302,False
25700,656,False
25701,279,False
25702,161,False
25703,281,False
25704,88,False
25705,283,False
25706,166,False
25707,17,False
25708,89,False
25709,7,False
25710,866,False
25711,3,False
25712,668,False
25713,869,False
25714,15,False
25715,13,False
25716,319,True
25717,169,False
25718,43,False
25719,29,False
25720,323,False
25721,35,False
25722,36,False
25723,183,False
25724,20,False
25725,681,False
25726,186,False
25727,25,False
25728,46,False
25729,60,False
25730,30,False
25731,29,False
25732,32,False
25733,47,False
25734,194,False
25735,47,False
25736,67,False
25737,51,False
25738,86,False
25739,695,False
25740,896,False
25741,319,False
25742,90,False
25743,195,False
25744,322,False
25745,63,False
25746,60,False
25747,207,False
25748,704,False
25749,201,False
25750,706,False
25751,211,False
25752,66,False
25753,71,False
25754,910,False
25755,215,False
25756,70,False
25757,713,False
25758,361,False
25759,73,False
25760,338,False
25761,221,False
25762,80,False
25763,341,False
25764,720,False
25765,343,False
25766,9,False
25767,2,False
25768,924,False
25769,221,False
25770,222,False
25771,28,False
25772,11,False
25773,351,False
25774,88,False
25775,10,False
25776,379,False
25777,95,False
25778,96,False
25779,935,False
25780,232,False
25781,937,False
25782,96,False
25783,361,False
25784,362,False
25785,7,False
25786,364,False
25787,247,False
25788,104,False
25789,29,False
25790,13,False
25791,244,False
25792,15,False
25793,750,False
25794,17,False
25795,752,False
25796,115,False
25797,376,False
25798,755,False
25799,260,False
25800,40,False
25801,380,False
25802,121,False
25803,119,False
25804,257,False
25805,258,False
25806,122,False
25807,386,False
25808,17,False
25809,128,False
25810,389,False
25811,3,True
25812,769,False
25813,770,False
25814,23,False
25815,38,False
25816,39,True
25817,23,False
25818,397,False
25819,42,False
25820,43,False
25821,61,False
25822,779,False
25823,28,False
25824,285,False
25825,144,False
25826,145,False
25827,406,False
25828,51,False
25829,85,True
25830,39,False
25831,410,False
25832,110,True
25833,294,False
25834,125,True
25835,414,False
25836,415,False
25837,5,False
25838,78,False
25839,300,False
25840,293,False
25841,137,True
25842,65,False
25843,11,False
25844,423,False
25845,298,False
25846,146,True
25847,15,False
25848,301,False
25849,649,False
25850,154,True
25851,430,False
25852,652,False
25853,21,False
25854,93,False
25855,43,False
25856,435,False
25857,66,False
25858,319,False
25859,180,True
25860,179,False
25861,180,False
25862,71,False
25863,186,True
25864,198,True
25865,103,False
25866,666,False
25867,207,True
25868,329,False
25869,107,False
25870,213,True
25871,235,True
25872,333,False
25873,326,False
25874,327,False
25875,240,True
25876,2,False
25877,248,True
25878,4,False
25879,198,False
25880,252,True
25881,460,False
25882,258,True
25883,683,False
25884,266,True
25885,204,False
25886,205,False
25887,340,False
25888,270,True
25889,299,True
25890,469,False
25891,344,False
25892,345,False
25893,302,True
25894,20,False
25895,318,True
25896,475,False
25897,23,False
25898,217,False
25899,25,False
25900,219,False
25901,480,False
25902,702,False
25903,482,False
25904,337,True
25905,705,False
25906,706,False
25907,707,False
25908,19,False
25909,338,True
25910,229,False
25911,372,False
25912,712,False
25913,339,True
25914,493,False
25915,376,False
25916,12,False
25917,348,True
25918,127,False
25919,498,False
25920,16,False
25921,369,True
25922,393,True
25923,723,False
25924,45,False
25925,504,False
25926,8,False
25927,48,False
25928,406,True
25929,246,False
25930,247,False
25931,415,True
25932,511,False
25933,250,False
25934,395,False
25935,252,False
25936,57,False
25937,254,False
25938,469,True
25939,473,True
25940,519,False
25941,487,True
25942,63,False
25943,260,False
25944,40,False
25945,505,True
25946,525,False
25947,507,True
25948,527,False
25949,904,False
25950,652,False
25951,519,True
25952,523,True
25953,49,False
25954,1,False
25955,533,True
25956,13,False
25957,4,False
25958,538,True
25959,16,False
25960,662,False
25961,545,True
25962,19,False
25963,554,True
25964,21,False
25965,15,False
25966,156,False
25967,568,True
25968,64,False
25969,584,True
25970,21,False
25971,551,False
25972,290,False
25973,16,False
25974,677,False
25975,555,False
25976,73,False
25977,596,True
25978,169,False
25979,602,True
25980,171,False
25981,39,False
25982,79,False
25983,80,False
25984,603,True
25985,82,False
25986,177,False
25987,623,True
25988,665,True
25989,86,False
25990,676,True
25991,88,False
25992,310,False
25993,71,True
25994,312,False
25995,575,False
25996,72,True
25997,79,True
25998,701,False
25999,317,False
26000,97,False
26001,89,True
26002,25,False
26003,321,False
26004,322,False
26005,63,False
26006,98,True
26007,65,False
26008,588,False
26009,124,True
26010,8,False
26011,714,False
26012,155,True
26013,716,False
26014,12,False
26015,21,False
26016,157,True
26017,15,False
26018,165,True
26019,722,False
26020,723,False
26021,27,False
26022,166,True
26023,341,False
26024,185,True
26025,83,False
26026,84,False
26027,730,False
26028,346,False
26029,202,True
26030,348,False
26031,230,True
26032,35,False
26033,736,False
26034,255,True
26035,615,False
26036,256,True
26037,740,False
26038,356,False
26039,325,True
26040,358,False
26041,344,True
26042,48,False
26043,623,False
26044,345,True
26045,42,False
26046,347,True
26047,750,False
26048,751,False
26049,360,True
26050,56,False
26051,109,False
26052,389,True
26053,50,False
26054,395,True
26055,404,True
26056,53,False
26057,115,False
26058,638,False
26059,377,False
26060,3,False
26061,379,False
26062,409,True
26063,643,False
26064,425,True
26065,383,False
26066,63,False
26067,10,False
26068,429,True
26069,649,False
26070,388,False
26071,68,False
26072,473,True
26073,70,False
26074,481,True
26075,778,False
26076,779,False
26077,494,True
26078,500,True
26079,783,False
26080,514,True
26081,25,False
26082,786,False
26083,27,False
26084,788,False
26085,523,True
26086,667,False
26087,533,True
26088,545,True
26089,555,True
26090,671,False
26091,564,True
26092,583,True
26093,586,True
26094,587,True
26095,92,False
26096,593,True
26097,801,False
26098,623,True
26099,628,True
26100,419,False
26101,805,False
26102,99,False
26103,629,True
26104,17,False
26105,2,False
26106,696,True
26107,20,False
26108,427,False
26109,22,False
26110,705,True
26111,430,False
26112,726,True
26113,733,True
26114,24,False
26115,4,False
26116,54,False
26117,31,False
26118,56,False
26119,94,False
26120,756,True
26121,784,True
26122,32,False
26123,793,True
26124,34,False
26125,797,True
26126,799,True
26127,810,True
26128,66,False
26129,814,True
26130,40,False
26131,451,False
26132,21,False
26133,47,False
26134,825,True
26135,455,False
26136,875,True
26137,4,False
26138,27,False
26139,28,False
26140,887,True
26141,900,True
26142,19,False
26143,908,True
26144,54,False
26145,919,True
26146,60,False
26147,936,True
26148,24,False
26149,941,True
26150,39,False
26151,89,False
26152,28,False
26153,944,True
26154,43,False
26155,961,True
26156,45,False
26157,963,True
26158,16,False
26159,69,False
26160,966,True
26161,99,False
26162,51,False
26163,995,True
26164,8,False
26165,997,True
26166,80,False
26167,1004,True
26168,106,False
26169,21,False
26170,108,False
26171,1024,True
26172,110,False
26173,1033,True
26174,26,False
26175,6,False
26176,1056,True
26177,8,False
26178,498,False
26179,1066,True
26180,1071,True
26181,119,False
26182,71,False
26183,503,False
26184,36,False
26185,1081,True
26186,75,False
26187,125,False
26188,126,False
26189,127,False
26190,100,False
26191,43,False
26192,23,False
26193,24,False
26194,514,False
26195,47,False
26196,85,False
26197,86,False
26198,29,False
26199,88,False
26200,138,False
26201,90,False
26202,54,False
26203,92,False
26204,5,False
26205,525,False
26206,4,False
26207,5,False
26208,60,False
26209,147,False
26210,11,False
26211,9,False
26212,150,False
26213,533,False
26214,66,False
26215,104,False
26216,105,False
26217,7,False
26218,156,False
26219,71,False
26220,109,False
26221,159,False
26222,111,False
26223,161,False
26224,162,False
26225,163,False
26226,164,False
26227,547,False
26228,26,False
26229,27,False
26230,20,False
26231,21,False
26232,22,False
26233,23,False
26234,86,False
26235,87,False
26236,556,False
26237,28,False
26238,29,False
26239,37,False
26240,31,False
26241,6,False
26242,41,False
26243,35,False
26244,562,False
26245,37,False
26246,6,False
26247,565,False
26248,39,False
26249,567,False
26250,41,False
26251,17,True
26252,21,True
26253,52,False
26254,38,True
26255,572,False
26256,55,False
26257,50,True
26258,663,False
26259,51,True
26260,64,True
26261,74,True
26262,52,False
26263,62,False
26264,669,False
26265,84,True
26266,65,False
26267,96,True
26268,58,False
26269,674,False
26270,101,True
26271,112,True
26272,677,False
26273,118,True
26274,136,True
26275,145,True
26276,152,True
26277,157,True
26278,167,True
26279,175,True
26280,194,True
26281,80,False
26282,131,False
26283,216,True
26284,595,False
26285,228,True
26286,6,False
26287,8,False
26288,599,False
26289,244,True
26290,248,True
26291,90,False
26292,603,False
26293,277,True
26294,93,False
26295,94,False
26296,95,False
26297,315,True
26298,609,False
26299,330,True
26300,611,False
26301,335,True
26302,22,False
26303,24,False
26304,197,False
26305,357,True
26306,27,False
26307,376,True
26308,383,True
26309,30,False
26310,159,False
26311,388,True
26312,5,False
26313,162,False
26314,35,False
26315,3149,False
26316,4,False
26317,5,False
26318,629,False
26319,394,True
26320,9,False
26321,170,False
26322,11,False
26323,3157,False
26324,635,False
26325,174,False
26326,407,True
26327,48,False
26328,177,False
26329,22,False
26330,416,True
26331,24,False
26332,422,True
26333,21,False
26334,22,False
26335,3,False
26336,185,False
26337,58,False
26338,31,False
26339,28,False
26340,61,False
26341,6,False
26342,10,True
26343,236,False
26344,16,True
26345,4,False
26346,34,False
26347,81,True
26348,3182,False
26349,38,False
26350,94,True
26351,10,False
26352,72,False
26353,3187,False
26354,247,False
26355,48,False
26356,3190,False
26357,95,True
26358,17,False
26359,104,True
26360,671,False
26361,54,False
26362,136,True
26363,3197,False
26364,52,False
26365,58,False
26366,137,True
26367,26,False
26368,679,False
26369,62,False
26370,263,False
26371,159,True
26372,3206,False
26373,3207,False
26374,33,False
26375,68,False
26376,200,True
26377,201,True
26378,71,False
26379,219,True
26380,39,False
26381,96,False
26382,235,True
26383,278,True
26384,10,False
26385,2,False
26386,62,False
26387,63,False
26388,305,True
26389,12,False
26390,7,False
26391,105,False
26392,15,False
26393,69,False
26394,325,True
26395,71,False
26396,72,False
26397,41,False
26398,329,True
26399,16,False
26400,114,False
26401,330,True
26402,341,True
26403,21,False
26404,355,True
26405,29,False
26406,19,False
26407,25,False
26408,32,False
26409,367,True
26410,379,True
26411,24,False
26412,11,False
26413,31,False
26414,32,False
26415,28,False
26416,393,True
26417,132,False
26418,29,False
26419,18,False
26420,31,False
26421,34,False
26422,35,False
26423,422,True
26424,425,True
26425,429,True
26426,50,False
26427,26,False
26428,434,True
26429,28,False
26430,29,False
26431,303,False
26432,467,True
26433,44,False
26434,481,True
26435,500,True
26436,49,False
26437,61,False
26438,310,False
26439,508,True
26440,39,False
26441,54,False
26442,314,False
26443,67,False
26444,537,True
26445,69,False
26446,539,True
26447,71,False
26448,320,False
26449,73,False
26450,63,False
26451,323,False
26452,549,True
26453,554,True
26454,53,False
26455,66,False
26456,69,False
26457,555,True
26458,330,False
26459,560,True
26460,600,True
26461,79,False
26462,61,False
26463,610,True
26464,655,True
26465,64,False
26466,710,True
26467,80,False
26468,719,True
26469,341,False
26470,180,False
26471,343,False
26472,90,False
26473,728,True
26474,73,False
26475,74,False
26476,89,False
26477,748,True
26478,350,False
26479,90,False
26480,756,True
26481,80,False
26482,779,True
26483,82,False
26484,102,False
26485,11,False
26486,792,True
26487,98,False
26488,101,False
26489,806,True
26490,362,False
26491,836,True
26492,364,False
26493,117,False
26494,876,True
26495,106,False
26496,114,False
26497,903,True
26498,111,False
26499,908,True
26500,113,False
26501,12,False
26502,373,False
26503,918,True
26504,128,False
26505,923,True
26506,925,True
26507,926,True
26508,5,False
26509,127,False
26510,381,False
26511,135,False
26512,23,False
26513,137,False
26514,138,False
26515,133,False
26516,945,True
26517,30,False
26518,117,False
26519,965,True
26520,17,False
26521,392,False
26522,121,False
26523,122,False
26524,35,False
26525,984,True
26526,985,True
26527,1021,True
26528,1028,True
26529,40,False
26530,41,False
26531,144,False
26532,43,False
26533,1073,True
26534,404,False
26535,32,False
26536,1079,True
26537,34,False
26538,137,False
26539,138,False
26540,1082,True
26541,1089,True
26542,412,False
26543,1108,True
26544,54,False
26545,42,False
26546,56,False
26547,165,False
26548,161,False
26549,1146,True
26550,149,False
26551,164,False
26552,176,False
26553,63,False
26554,153,False
26555,168,False
26556,1169,True
26557,1199,True
26558,1200,True
26559,69,False
26560,173,False
26561,1205,True
26562,59,False
26563,1216,True
26564,434,False
26565,435,False
26566,165,False
26567,1292,True
26568,167,False
26569,168,False
26570,1298,True
26571,68,False
26572,8,False
26573,70,False
26574,1303,True
26575,1306,True
26576,85,False
26577,86,False
26578,14,False
26579,1310,True
26580,16,False
26581,199,False
26582,79,False
26583,207,False
26584,1363,True
26585,209,False
26586,22,False
26587,457,False
26588,85,False
26589,1386,True
26590,460,False
26591,209,False
26592,216,False
26593,1390,True
26594,45,False
26595,5,False
26596,214,False
26597,215,False
26598,197,False
26599,198,False
26600,36,False
26601,12,False
26602,99,False
26603,473,False
26604,474,False
26605,20,True
26606,23,True
26607,231,False
26608,35,True
26609,66,True
26610,480,False
26611,74,True
26612,48,False
26613,110,False
26614,232,False
26615,87,True
26616,234,False
26617,142,True
26618,54,False
26619,8,False
26620,56,False
26621,239,False
26622,119,False
26623,144,True
26624,248,False
26625,650,False
26626,244,False
26627,124,False
26628,147,True
26629,18,False
26630,156,True
26631,490,False
26632,5,False
26633,22,False
26634,131,False
26635,8,False
26636,495,False
26637,10,False
26638,11,False
26639,165,True
26640,13,False
26641,259,False
26642,172,True
26643,502,False
26644,268,False
26645,504,False
26646,143,False
26647,36,False
26648,175,True
26649,146,False
26650,227,True
26651,40,False
26652,3,False
26653,150,False
26654,43,False
26655,230,True
26656,45,False
26657,30,False
26658,272,False
26659,48,False
26660,273,False
26661,12,False
26662,277,False
26663,286,False
26664,161,False
26665,2,False
26666,17,False
26667,287,False
26668,291,False
26669,20,False
26670,21,False
26671,301,False
26672,23,False
26673,291,False
26674,171,False
26675,293,False
26676,173,False
26677,303,False
26678,175,False
26679,303,False
26680,307,False
26681,299,False
26682,55,False
26683,315,False
26684,181,False
26685,2742,False
26686,37,False
26687,416,True
26688,39,False
26689,422,True
26690,187,False
26691,425,True
26692,435,True
26693,66,False
26694,2750,False
26695,2751,False
26696,453,True
26697,48,False
26698,20,False
26699,457,True
26700,507,True
26701,512,True
26702,53,False
26703,321,False
26704,523,True
26705,534,True
26706,28,False
26707,552,True
26708,2765,False
26709,206,False
26710,559,True
26711,84,False
26712,34,False
26713,86,False
26714,65,False
26715,579,True
26716,213,False
26717,596,True
26718,91,False
26719,22,False
26720,625,True
26721,633,True
26722,532,False
26723,220,False
26724,534,False
26725,635,True
26726,536,False
26727,671,True
26728,676,True
26729,102,False
26730,26,True
26731,31,True
26732,229,False
26733,42,True
26734,55,False
26735,545,False
26736,65,True
26737,355,False
26738,548,False
26739,60,False
26740,55,False
26741,73,True
26742,63,False
26743,64,False
26744,65,False
26745,60,False
26746,119,False
26747,2,False
26748,76,True
26749,367,False
26750,78,True
26751,72,False
26752,73,False
26753,83,True
26754,127,False
26755,373,False
26756,98,True
26757,103,True
26758,4,False
26759,140,True
26760,6,False
26761,160,True
26762,8,False
26763,16,False
26764,3,False
26765,138,False
26766,87,False
26767,20,False
26768,181,True
26769,201,True
26770,9,False
26771,6,False
26772,145,False
26773,213,True
26774,215,True
26775,28,False
26776,97,False
26777,98,False
26778,275,False
26779,32,False
26780,153,False
26781,20,False
26782,226,True
26783,229,True
26784,105,False
26785,158,False
26786,404,False
26787,230,True
26788,109,False
26789,110,False
26790,408,False
26791,234,True
26792,113,False
26793,243,True
26794,2,False
26795,23,False
26796,19,False
26797,25,False
26798,12,True
26799,7,False
26800,120,False
26801,419,False
26802,420,False
26803,300,False
26804,614,False
26805,125,False
26806,616,False
26807,15,False
26808,426,False
26809,45,True
26810,307,False
26811,621,False
26812,430,False
26813,115,True
26814,189,False
26815,14,False
26816,632,False
26817,20,False
26818,200,False
26819,6,False
26820,638,False
26821,639,False
26822,11,False
26823,37,False
26824,63,False
26825,452,False
26826,644,False
26827,332,False
26828,66,False
26829,489,False
26830,457,False
26831,213,False
26832,9,False
26833,215,False
26834,74,False
26835,340,False
26836,463,False
26837,76,False
26838,220,False
26839,344,False
26840,105,False
26841,223,False
26842,224,False
26843,53,False
26844,54,False
26845,173,False
26846,228,False
26847,134,True
26848,666,False
26849,7,False
26850,178,False
26851,61,False
26852,62,False
26853,139,True
26854,147,True
26855,515,False
26856,361,False
26857,155,True
26858,5,False
26859,519,False
26860,70,False
26861,46,False
26862,190,False
26863,73,False
26864,49,False
26865,370,False
26866,13,False
26867,14,False
26868,373,False
26869,374,False
26870,25,False
26871,26,False
26872,38,False
26873,47,False
26874,379,False
26875,52,False
26876,23,False
26877,14,False
26878,3,False
26879,80,False
26880,385,False
26881,94,False
26882,210,False
26883,7,False
26884,13,False
26885,26,False
26886,27,False
26887,2,False
26888,3,False
26889,30,False
26890,34,False
26891,396,False
26892,220,False
26893,36,False
26894,56,False
26895,223,False
26896,11,False
26897,402,False
26898,63,False
26899,81,False
26900,88,False
26901,111,False
26902,94,False
26903,10,False
26904,114,False
26905,115,False
26906,110,False
26907,14,False
26908,15,False
26909,139,False
26910,17,False
26911,156,True
26912,161,True
26913,241,False
26914,29,False
26915,1,False
26916,421,False
26917,245,False
26918,191,True
26919,211,True
26920,35,False
26921,228,True
26922,250,False
26923,70,False
26924,230,True
26925,430,False
26926,232,True
26927,17,False
26928,233,True
26929,434,False
26930,77,False
26931,245,True
26932,273,True
26933,3,False
26934,294,True
26935,308,True
26936,146,False
26937,6,False
26938,317,True
26939,9,False
26940,363,True
26941,376,True
26942,406,True
26943,155,False
26944,431,True
26945,94,False
26946,443,True
26947,1200,False
26948,5,False
26949,450,True
26950,453,True
26951,8,False
26952,24,False
26953,26,False
26954,566,True
26955,12,False
26956,572,True
26957,588,True
26958,592,True
26959,31,False
26960,3,False
26961,174,False
26962,600,True
26963,113,False
26964,114,False
26965,3,False
26966,601,True
26967,117,False
26968,6,False
26969,605,True
26970,615,True
26971,18,False
26972,620,True
26973,302,False
26974,303,False
26975,7,False
26976,7,False
26977,622,True
26978,9,False
26979,51,False
26980,27,False
26981,633,True
26982,13,False
26983,653,True
26984,313,False
26985,32,False
26986,33,False
26987,3,False
26988,61,False
26989,655,True
26990,6,False
26991,663,True
26992,8,False
26993,322,False
26994,1,False
26995,680,True
26996,39,False
26997,707,True
26998,712,True
26999,212,False
27000,727,True
27001,330,False
27002,770,True
27003,46,False
27004,333,False
27005,52,False
27006,779,True
27007,335,False
27008,336,False
27009,159,False
27010,17,False
27011,224,False
27012,786,True
27013,56,False
27014,87,False
27015,58,False
27016,89,False
27017,24,False
27018,231,False
27019,810,True
27020,92,False
27021,94,False
27022,812,True
27023,95,False
27024,97,False
27025,98,False
27026,814,True
27027,74,False
27028,75,False
27029,820,True
27030,180,False
27031,78,False
27032,839,True
27033,852,True
27034,859,True
27035,108,False
27036,249,False
27037,877,True
27038,892,True
27039,903,True
27040,190,False
27041,84,False
27042,948,True
27043,116,False
27044,87,False
27045,989,True
27046,259,False
27047,197,False
27048,121,False
27049,5,False
27050,1026,True
27051,379,False
27052,8,False
27053,1034,True
27054,267,False
27055,1063,True
27056,269,False
27057,1076,True
27058,14,False
27059,15,False
27060,1082,True
27061,6,False
27062,135,False
27063,6,False
27064,137,False
27065,1094,True
27066,394,False
27067,395,False
27068,140,False
27069,1107,True
27070,143,False
27071,1131,True
27072,17,False
27073,1132,True
27074,147,False
27075,147,False
27076,1148,True
27077,405,False
27078,22,False
27079,35,False
27080,1150,True
27081,37,False
27082,1167,True
27083,28,False
27084,156,False
27085,41,False
27086,1222,True
27087,415,False
27088,1224,True
27089,1238,True
27090,2,False
27091,35,False
27092,4,False
27093,1241,True
27094,6,False
27095,245,False
27096,424,False
27097,1244,True
27098,42,False
27099,1275,True
27100,1298,True
27101,1309,True
27102,3,False
27103,253,False
27104,432,False
27105,1327,True
27106,7,False
27107,171,False
27108,12,False
27109,436,False
27110,1329,True
27111,15,False
27112,1353,True
27113,17,False
27114,1366,True
27115,442,False
27116,1376,True
27117,21,False
27118,1378,True
27119,2,False
27120,447,False
27121,448,False
27122,1386,True
27123,68,False
27124,25,False
27125,198,False
27126,27,False
27127,28,False
27128,278,False
27129,30,False
27130,1429,True
27131,1456,True
27132,205,False
27133,197,False
27134,8,False
27135,462,False
27136,1459,True
27137,38,False
27138,465,False
27139,40,False
27140,1462,True
27141,86,False
27142,1465,True
27143,1469,True
27144,1478,True
27145,1479,True
27146,47,False
27147,474,False
27148,31,False
27149,476,False
27150,33,False
27151,1480,True
27152,35,False
27153,27,False
27154,99,False
27155,100,False
27156,57,False
27157,1483,True
27158,231,False
27159,3,False
27160,34,False
27161,311,False
27162,235,False
27163,1504,True
27164,228,False
27165,39,False
27166,10,False
27167,11,False
27168,51,False
27169,43,False
27170,1525,True
27171,235,False
27172,1558,True
27173,246,False
27174,501,False
27175,1588,True
27176,5,False
27177,327,False
27178,123,False
27179,329,False
27180,1620,True
27181,55,False
27182,1623,True
27183,510,False
27184,1624,True
27185,335,False
27186,1650,True
27187,132,False
27188,133,False
27189,1750,True
27190,1754,True
27191,264,False
27192,1765,True
27193,520,False
27194,9,False
27195,10,False
27196,79,False
27197,1770,True
27198,262,False
27199,526,False
27200,264,False
27201,351,False
27202,3,False
27203,353,False
27204,149,False
27205,1816,True
27206,89,False
27207,22,False
27208,1820,True
27209,92,False
27210,1837,True
27211,67,False
27212,276,False
27213,1846,True
27214,29,False
27215,44,False
27216,17,False
27217,38,False
27218,19,False
27219,40,False
27220,1939,True
27221,104,False
27222,43,False
27223,38,False
27224,1956,True
27225,289,False
27226,299,False
27227,291,False
27228,301,False
27229,1963,True
27230,31,False
27231,1967,True
27232,296,False
27233,116,False
27234,179,False
27235,36,False
27236,300,False
27237,1997,True
27238,1998,True
27239,9,False
27240,1999,True
27241,2009,True
27242,315,False
27243,307,False
27244,317,False
27245,128,False
27246,310,False
27247,103,False
27248,2031,True
27249,399,False
27250,195,False
27251,52,False
27252,579,False
27253,2032,True
27254,2035,True
27255,405,False
27256,320,False
27257,2044,True
27258,203,False
27259,80,False
27260,2049,True
27261,31,False
27262,412,False
27263,2107,True
27264,591,False
27265,415,False
27266,2112,True
27267,68,False
27268,595,False
27269,4,False
27270,215,False
27271,72,False
27272,2201,True
27273,218,False
27274,424,False
27275,2204,True
27276,46,False
27277,604,False
27278,2,False
27279,2208,True
27280,4,False
27281,2215,True
27282,355,False
27283,2217,True
27284,611,False
27285,9,False
27286,2230,True
27287,360,False
27288,12,False
27289,616,False
27290,363,False
27291,2233,True
27292,175,False
27293,2291,True
27294,2311,True
27295,19,False
27296,179,False
27297,2359,True
27298,448,False
27299,23,False
27300,24,False
27301,9,False
27302,66,False
27303,3,False
27304,11,False
27305,29,False
27306,379,False
27307,42,False
27308,107,True
27309,158,True
27310,45,False
27311,132,False
27312,160,True
27313,463,False
27314,170,True
27315,50,False
27316,40,False
27317,52,False
27318,42,False
27319,192,True
27320,141,False
27321,648,False
27322,395,False
27323,195,True
27324,48,False
27325,60,False
27326,205,True
27327,27,False
27328,211,False
27329,656,False
27330,210,True
27331,55,False
27332,32,False
27333,483,False
27334,484,False
27335,662,False
27336,60,False
27337,240,True
27338,252,True
27339,292,True
27340,64,False
27341,224,False
27342,66,False
27343,226,False
27344,314,True
27345,228,False
27346,319,True
27347,497,False
27348,498,False
27349,352,True
27350,355,True
27351,358,True
27352,372,True
27353,503,False
27354,89,False
27355,379,True
27356,3120,False
27357,399,True
27358,400,True
27359,242,False
27360,415,True
27361,688,False
27362,420,True
27363,6,False
27364,3128,False
27365,473,True
27366,3153,False
27367,480,True
27368,251,False
27369,502,True
27370,2,False
27371,517,True
27372,520,True
27373,108,False
27374,531,True
27375,448,False
27376,3,False
27377,3164,False
27378,113,False
27379,575,True
27380,3167,False
27381,8,False
27382,3169,False
27383,456,False
27384,16,False
27385,582,True
27386,18,False
27387,537,False
27388,714,False
27389,539,False
27390,22,False
27391,7,False
27392,596,True
27393,630,True
27394,3181,False
27395,54,False
27396,640,True
27397,723,False
27398,3185,False
27399,725,False
27400,667,True
27401,3188,False
27402,5,False
27403,476,False
27404,691,True
27405,23,True
27406,38,True
27407,733,False
27408,40,True
27409,45,True
27410,67,True
27411,3198,False
27412,33,False
27413,1,False
27414,487,False
27415,73,True
27416,566,False
27417,567,False
27418,5,False
27419,6,False
27420,18,False
27421,78,True
27422,305,False
27423,82,True
27424,88,True
27425,751,False
27426,752,False
27427,25,False
27428,89,True
27429,27,False
27430,580,False
27431,18,False
27432,91,True
27433,20,False
27434,507,False
27435,122,True
27436,6,False
27437,587,False
27438,511,False
27439,126,True
27440,141,True
27441,143,True
27442,167,True
27443,2,False
27444,175,True
27445,191,True
27446,6,False
27447,219,True
27448,6,False
27449,4,True
27450,6,True
27451,1,False
27452,2,False
27453,11,True
27454,337,False
27455,13,True
27456,23,True
27457,4,False
27458,27,True
27459,37,True
27460,5,False
27461,8,False
27462,52,True
27463,13,False
27464,9,False
27465,10,False
27466,11,False
27467,25,False
27468,13,False
27469,65,True
27470,28,False
27471,621,False
27472,17,False
27473,92,True
27474,101,False
27475,112,False
27476,118,False
27477,123,False
27478,132,False
27479,149,True
27480,155,True
27481,631,False
27482,40,False
27483,41,False
27484,166,True
27485,43,False
27486,36,False
27487,199,True
27488,638,False
27489,47,False
27490,40,False
27491,214,True
27492,13,False
27493,63,False
27494,644,False
27495,224,True
27496,229,True
27497,55,False
27498,261,True
27499,46,False
27500,383,False
27501,272,True
27502,8,False
27503,50,False
27504,295,True
27505,307,True
27506,13,False
27507,325,True
27508,391,False
27509,15,False
27510,68,False
27511,32,False
27512,662,False
27513,346,True
27514,64,False
27515,365,True
27516,66,False
27517,73,False
27518,372,True
27519,7,False
27520,378,True
27521,420,True
27522,3,False
27523,4,False
27524,441,True
27525,453,True
27526,83,False
27527,47,False
27528,481,True
27529,494,True
27530,88,False
27531,531,True
27532,90,False
27533,537,True
27534,549,True
27535,8,False
27536,6,False
27537,11,False
27538,11,False
27539,554,True
27540,14,False
27541,426,False
27542,694,False
27543,563,True
27544,14,False
27545,589,True
27546,600,True
27547,68,False
27548,21,False
27549,609,True
27550,20,False
27551,24,False
27552,42,False
27553,629,True
27554,439,False
27555,76,False
27556,240,False
27557,634,True
27558,116,False
27559,651,True
27560,33,False
27561,663,True
27562,27,False
27563,36,False
27564,29,False
27565,679,True
27566,695,True
27567,32,False
27568,696,True
27569,34,False
27570,43,False
27571,456,False
27572,45,False
27573,715,True
27574,132,False
27575,726,True
27576,41,False
27577,42,False
27578,136,False
27579,728,True
27580,732,False
27581,733,False
27582,103,False
27583,745,True
27584,105,False
27585,765,True
27586,270,False
27587,782,True
27588,137,False
27589,797,True
27590,147,False
27591,831,True
27592,857,True
27593,114,False
27594,59,False
27595,144,False
27596,883,True
27597,749,False
27598,884,True
27599,16,False
27600,121,False
27601,753,False
27602,893,True
27603,124,False
27604,3,False
27605,70,False
27606,903,True
27607,128,False
27608,493,False
27609,130,False
27610,4,False
27611,912,True
27612,497,False
27613,947,True
27614,134,False
27615,767,False
27616,954,True
27617,959,True
27618,964,True
27619,771,False
27620,772,False
27621,86,False
27622,774,False
27623,143,False
27624,308,False
27625,1018,True
27626,2,False
27627,512,False
27628,1022,True
27629,1047,True
27630,186,False
27631,3,False
27632,1050,True
27633,317,False
27634,99,False
27635,1067,True
27636,18,False
27637,1069,True
27638,156,False
27639,195,False
27640,55,False
27641,56,False
27642,1106,True
27643,1123,True
27644,162,False
27645,163,False
27646,12,False
27647,799,False
27648,20,False
27649,31,False
27650,1141,True
27651,33,False
27652,1145,True
27653,1162,True
27654,338,False
27655,21,False
27656,28,False
27657,1211,True
27658,214,False
27659,1219,True
27660,216,False
27661,126,False
27662,34,False
27663,181,False
27664,220,False
27665,1222,True
27666,1231,True
27667,49,False
27668,1240,True
27669,134,False
27670,36,False
27671,227,False
27672,557,False
27673,1250,True
27674,46,False
27675,140,False
27676,1261,True
27677,142,False
27678,1278,True
27679,45,False
27680,1280,True
27681,199,False
27682,834,False
27683,1322,True
27684,240,False
27685,57,False
27686,101,False
27687,1352,True
27688,244,False
27689,207,False
27690,1359,True
27691,576,False
27692,577,False
27693,65,False
27694,66,False
27695,8,False
27696,1365,True
27697,63,False
27698,11,False
27699,1382,True
27700,1391,True
27701,73,False
27702,74,False
27703,259,False
27704,1393,True
27705,71,False
27706,72,False
27707,1417,True
27708,19,False
27709,1458,True
27710,394,False
27711,77,False
27712,861,False
27713,269,False
27714,863,False
27715,864,False
27716,82,False
27717,1465,True
27718,29,False
27719,237,False
27720,92,False
27721,1477,True
27722,1487,True
27723,89,False
27724,280,False
27725,1490,True
27726,611,False
27727,1498,True
27728,39,False
27729,101,False
27730,286,False
27731,1501,True
27732,1507,True
27733,289,False
27734,290,False
27735,620,False
27736,292,False
27737,103,False
27738,1510,True
27739,1516,True
27740,625,False
27741,1539,True
27742,114,False
27743,892,False
27744,428,False
27745,111,False
27746,112,False
27747,1550,True
27748,114,False
27749,121,False
27750,306,False
27751,1560,True
27752,118,False
27753,125,False
27754,120,False
27755,1565,True
27756,440,False
27757,1580,True
27758,907,False
27759,174,False
27760,1584,True
27761,317,False
27762,1587,True
27763,36,False
27764,320,False
27765,131,False
27766,79,False
27767,1609,True
27768,134,False
27769,453,False
27770,136,False
27771,1625,True
27772,328,False
27773,188,False
27774,1647,True
27775,1649,True
27776,661,False
27777,926,False
27778,1672,True
27779,1697,True
27780,1773,True
27781,1790,True
27782,1821,True
27783,56,False
27784,199,False
27785,151,False
27786,152,False
27787,672,False
27788,306,False
27789,1877,True
27790,1878,True
27791,157,False
27792,105,False
27793,311,False
27794,679,False
27795,161,False
27796,1883,True
27797,1885,True
27798,111,False
27799,165,False
27800,166,False
27801,1919,True
27802,168,False
27803,169,False
27804,170,False
27805,171,False
27806,172,False
27807,173,False
27808,1935,True
27809,1948,True
27810,32,False
27811,6,False
27812,1951,True
27813,962,False
27814,180,False
27815,333,False
27816,38,False
27817,1959,True
27818,6,False
27819,185,False
27820,93,False
27821,187,False
27822,188,False
27823,238,False
27824,137,False
27825,1984,True
27826,2065,True
27827,193,False
27828,194,False
27829,978,False
27830,2074,True
27831,197,False
27832,350,False
27833,199,False
27834,983,False
27835,355,False
27836,202,False
27837,355,False
27838,2087,True
27839,2091,True
27840,2099,True
27841,359,False
27842,3,False
27843,4,False
27844,2123,True
27845,2135,True
27846,159,False
27847,367,False
27848,2170,True
27849,2174,True
27850,999,False
27851,736,False
27852,2178,True
27853,2181,True
27854,167,False
27855,2190,True
27856,2198,True
27857,377,False
27858,376,False
27859,379,False
27860,2224,True
27861,545,False
27862,2231,True
27863,136,False
27864,137,False
27865,2241,True
27866,386,False
27867,2274,True
27868,269,False
27869,5,False
27870,2285,True
27871,391,False
27872,392,False
27873,2293,True
27874,10,False
27875,2300,True
27876,2302,True
27877,2312,True
27878,1027,False
27879,1028,False
27880,4,False
27881,5,False
27882,2324,True
27883,7,False
27884,1033,False
27885,2329,True
27886,771,False
27887,2338,True
27888,408,False
27889,7,False
27890,2366,True
27891,164,False
27892,412,False
27893,17,False
27894,2375,True
27895,19,False
27896,2376,True
27897,170,False
27898,2436,True
27899,1048,False
27900,18,False
27901,25,False
27902,21,False
27903,22,False
27904,22,False
27905,2466,True
27906,30,False
27907,19,False
27908,181,False
27909,13,False
27910,795,False
27911,29,False
27912,36,False
27913,2483,True
27914,598,False
27915,1064,False
27916,40,False
27917,2485,True
27918,803,False
27919,43,False
27920,2486,True
27921,2491,True
27922,46,False
27923,42,False
27924,57,False
27925,2497,True
27926,2529,True
27927,3,False
27928,52,False
27929,2538,True
27930,2571,True
27931,451,False
27932,56,False
27933,2573,True
27934,58,False
27935,208,False
27936,40,False
27937,61,False
27938,71,False
27939,1088,False
27940,2588,True
27941,65,False
27942,626,False
27943,2598,True
27944,2610,True
27945,64,False
27946,22,False
27947,2628,True
27948,347,False
27949,2635,True
27950,74,False
27951,2644,True
27952,2653,True
27953,86,False
27954,227,False
27955,2677,True
27956,1105,False
27957,2680,True
27958,1107,False
27959,83,False
27960,1109,False
27961,1110,False
27962,2692,True
27963,1112,False
27964,237,False
27965,98,False
27966,239,False
27967,2701,True
27968,209,False
27969,210,False
27970,46,False
27971,6,False
27972,2722,True
27973,5,False
27974,98,False
27975,51,False
27976,249,False
27977,2768,True
27978,2776,True
27979,499,False
27980,2783,True
27981,105,False
27982,115,False
27983,6,False
27984,2825,True
27985,2852,True
27986,110,False
27987,63,False
27988,2865,True
27989,262,False
27990,13,False
27991,675,False
27992,2875,True
27993,117,False
27994,118,False
27995,2904,True
27996,269,False
27997,2907,True
27998,12,False
27999,17,False
28000,2931,True
28001,77,False
28002,2968,True
28003,17,False
28004,32,False
28005,19,False
28006,130,False
28007,25,False
28008,2996,True
28009,27,False
28010,134,False
28011,3013,True
28012,1161,False
28013,1162,False
28014,1163,False
28015,91,False
28016,3035,True
28017,3045,True
28018,3046,True
28019,3052,True
28020,34,False
28021,145,False
28022,3083,True
28023,3085,True
28024,3117,True
28025,709,False
28026,1175,False
28027,3127,True
28028,3134,True
28029,57,False
28030,106,False
28031,551,False
28032,552,False
28033,1182,False
28034,718,False
28035,3140,True
28036,3190,True
28037,3230,True
28038,311,False
28039,10,False
28040,3242,True
28041,55,False
28042,3255,True
28043,119,False
28044,728,False
28045,318,False
28046,3259,True
28047,731,False
28048,76,False
28049,63,False
28050,3261,True
28051,3,False
28052,66,False
28053,326,False
28054,3268,True
28055,3276,True
28056,740,False
28057,133,False
28058,3282,True
28059,18,False
28060,74,False
28061,89,False
28062,3302,True
28063,28,False
28064,3307,True
28065,141,False
28066,31,False
28067,143,False
28068,3325,True
28069,9,False
28070,10,False
28071,36,False
28072,3340,True
28073,87,False
28074,3341,True
28075,89,False
28076,3358,True
28077,761,False
28078,762,False
28079,155,False
28080,108,False
28081,3365,True
28082,22,False
28083,3413,True
28084,160,False
28085,113,False
28086,359,False
28087,771,False
28088,28,False
28089,3435,True
28090,363,False
28091,3453,True
28092,106,False
28093,777,False
28094,59,False
28095,3465,True
28096,124,False
28097,62,False
28098,3477,True
28099,3486,True
28100,40,False
28101,41,False
28102,3493,True
28103,376,False
28104,3499,True
28105,181,False
28106,71,False
28107,2,False
28108,3500,True
28109,3523,True
28110,75,False
28111,3540,True
28112,126,False
28113,127,False
28114,3543,True
28115,129,False
28116,3,False
28117,4,False
28118,3,False
28119,3556,True
28120,134,False
28121,8,False
28122,9,False
28123,10,False
28124,89,False
28125,3563,True
28126,11,False
28127,92,False
28128,5,False
28129,3578,True
28130,82,False
28131,3593,True
28132,9,False
28133,3611,True
28134,21,False
28135,819,False
28136,23,False
28137,3616,True
28138,15,False
28139,3624,True
28140,3627,True
28141,106,False
28142,107,False
28143,3646,True
28144,3656,True
28145,3659,True
28146,7,False
28147,3664,True
28148,3692,True
28149,114,False
28150,11,False
28151,3711,True
28152,37,False
28153,14,False
28154,3733,True
28155,3734,True
28156,51,False
28157,2,False
28158,3739,True
28159,843,False
28160,5,False
28161,1,False
28162,3745,True
28163,8,False
28164,3758,True
28165,3759,True
28166,51,False
28167,44,False
28168,3772,True
28169,3800,True
28170,20,False
28171,16,False
28172,137,False
28173,23,False
28174,3810,True
28175,52,False
28176,3813,True
28177,62,False
28178,55,False
28179,74,False
28180,3821,True
28181,3832,True
28182,3846,True
28183,148,False
28184,29,False
28185,30,False
28186,31,False
28187,64,False
28188,33,False
28189,3852,True
28190,3869,True
28191,68,False
28192,37,False
28193,3874,True
28194,3885,True
28195,72,False
28196,3888,True
28197,3903,True
28198,75,False
28199,49,False
28200,3923,True
28201,3936,True
28202,3948,True
28203,48,False
28204,10,False
28205,50,False
28206,3956,True
28207,172,False
28208,892,False
28209,3994,True
28210,5,False
28211,4002,True
28212,97,False
28213,63,False
28214,4005,True
28215,65,False
28216,15,False
28217,4015,True
28218,68,False
28219,4024,True
28220,4027,True
28221,106,False
28222,67,False
28223,29,False
28224,69,False
28225,4039,True
28226,21,False
28227,22,False
28228,73,False
28229,74,False
28230,4045,True
28231,4077,True
28232,82,False
28233,917,False
28234,199,False
28235,120,False
28236,4081,True
28237,4084,True
28238,922,False
28239,204,False
28240,9,False
28241,4090,True
28242,4103,True
28243,6,False
28244,209,False
28245,8,False
28246,12,False
28247,4130,True
28248,47,False
28249,47,False
28250,13,False
28251,4141,True
28252,4146,True
28253,218,False
28254,4160,True
28255,53,False
28256,25,False
28257,4172,True
28258,21,False
28259,4174,True
28260,23,False
28261,30,False
28262,4177,True
28263,111,False
28264,61,False
28265,4212,True
28266,4225,True
28267,33,False
28268,34,False
28269,234,False
28270,4230,True
28271,40,False
28272,4249,True
28273,36,False
28274,4257,True
28275,72,False
28276,4261,True
28277,74,False
28278,243,False
28279,4266,True
28280,46,False
28281,47,False
28282,4270,True
28283,46,False
28284,53,False
28285,4277,True
28286,4280,True
28287,971,False
28288,4283,True
28289,55,False
28290,255,False
28291,4290,True
28292,4334,True
28293,4339,True
28294,63,False
28295,9,False
28296,4345,True
28297,21,False
28298,4361,True
28299,4400,True
28300,24,False
28301,15,False
28302,4419,True
28303,4436,True
28304,4449,True
28305,270,False
28306,30,False
28307,4458,True
28308,4473,True
28309,4487,True
28310,24,False
28311,4494,True
28312,36,False
28313,82,False
28314,38,False
28315,999,False
28316,4503,True
28317,41,False
28318,4506,True
28319,4512,True
28320,16,False
28321,4544,True
28322,4549,True
28323,4579,True
28324,4582,True
28325,59,False
28326,4589,True
28327,4594,True
28328,4621,True
28329,4625,True
28330,26,False
28331,296,False
28332,14,False
28333,4632,True
28334,4634,True
28335,49,False
28336,50,False
28337,33,False
28338,4681,True
28339,21,False
28340,4688,True
28341,4694,True
28342,4724,True
28343,57,False
28344,110,False
28345,4756,True
28346,4775,True
28347,4788,True
28348,4794,True
28349,314,False
28350,4833,True
28351,4845,True
28352,121,False
28353,4869,True
28354,4884,True
28355,4886,True
28356,4910,True
28357,126,False
28358,127,False
28359,128,False
28360,4915,True
28361,85,False
28362,4934,True
28363,132,False
28364,1048,False
28365,1049,False
28366,4952,True
28367,81,False
28368,82,False
28369,4955,True
28370,4969,True
28371,85,False
28372,21,False
28373,1057,False
28374,143,False
28375,24,False
28376,4970,True
28377,342,False
28378,92,False
28379,145,False
28380,4985,True
28381,105,False
28382,151,False
28383,152,False
28384,4989,True
28385,154,False
28386,152,False
28387,5009,True
28388,33,False
28389,5025,True
28390,104,False
28391,5028,True
28392,106,False
28393,159,False
28394,163,False
28395,5045,True
28396,165,False
28397,362,False
28398,5053,True
28399,364,False
28400,5088,True
28401,83,False
28402,367,False
28403,5093,True
28404,173,False
28405,5098,True
28406,371,False
28407,131,False
28408,5099,True
28409,374,False
28410,176,False
28411,376,False
28412,57,False
28413,5107,True
28414,5112,True
28415,60,False
28416,5135,True
28417,62,False
28418,132,False
28419,5163,True
28420,5164,True
28421,386,False
28422,387,False
28423,105,False
28424,5178,True
28425,107,False
28426,192,False
28427,26,False
28428,197,False
28429,5202,True
28430,395,False
28431,76,False
28432,5215,True
28433,147,False
28434,5219,True
28435,159,False
28436,401,False
28437,5226,True
28438,403,False
28439,163,False
28440,206,False
28441,5233,True
28442,211,False
28443,5238,True
28444,5266,True
28445,159,False
28446,5268,True
28447,31,False
28448,5278,True
28449,5293,True
28450,5299,True
28451,5305,True
28452,417,False
28453,5320,True
28454,220,False
28455,5343,True
28456,225,False
28457,226,False
28458,70,False
28459,5365,True
28460,142,False
28461,5369,True
28462,186,False
28463,5372,True
28464,146,False
28465,5388,True
28466,5398,True
28467,5412,True
28468,5425,True
28469,434,False
28470,194,False
28471,55,False
28472,437,False
28473,5487,True
28474,5504,True
28475,241,False
28476,5506,True
28477,5516,True
28478,244,False
28479,5519,True
28480,4,False
28481,15,False
28482,5533,True
28483,28,False
28484,5536,True
28485,209,False
28486,5539,True
28487,3,False
28488,98,False
28489,34,False
28490,5551,True
28491,5556,True
28492,17,False
28493,12,False
28494,5562,True
28495,29,False
28496,80,False
28497,5573,True
28498,14,False
28499,33,False
28500,10,False
28501,5576,True
28502,86,False
28503,5597,True
28504,88,False
28505,15,False
28506,2068,False
28507,5630,True
28508,4,False
28509,5631,True
28510,5,False
28511,236,False
28512,2075,False
28513,160,False
28514,5638,True
28515,100,False
28516,163,False
28517,5646,True
28518,164,False
28519,485,False
28520,486,False
28521,5661,True
28522,247,False
28523,8,False
28524,19,False
28525,5680,True
28526,11,False
28527,12,False
28528,19,False
28529,5693,True
28530,177,False
28531,178,False
28532,5694,True
28533,68,False
28534,5697,True
28535,5701,True
28536,9,False
28537,32,False
28538,73,False
28539,13,False
28540,35,False
28541,5704,True
28542,309,False
28543,5718,True
28544,35,False
28545,312,False
28546,131,False
28547,273,False
28548,5754,True
28549,274,False
28550,85,False
28551,5757,True
28552,43,False
28553,38,False
28554,49,False
28555,521,False
28556,51,False
28557,203,False
28558,5792,True
28559,50,False
28560,5797,True
28561,56,False
28562,5798,True
28563,288,False
28564,5804,True
28565,50,False
28566,57,False
28567,52,False
28568,5816,True
28569,5827,True
28570,61,False
28571,106,False
28572,339,False
28573,5828,True
28574,109,False
28575,40,False
28576,5845,True
28577,543,False
28578,5872,True
28579,545,False
28580,71,False
28581,5928,True
28582,5943,True
28583,350,False
28584,5947,True
28585,352,False
28586,5950,True
28587,82,False
28588,355,False
28589,5967,True
28590,357,False
28591,557,False
28592,5985,True
28593,5989,False
28594,5998,True
28595,86,False
28596,91,False
28597,6004,True
28598,564,False
28599,134,False
28600,325,False
28601,6010,True
28602,44,False
28603,569,False
28604,99,False
28605,6023,True
28606,572,False
28607,332,False
28608,6041,True
28609,6048,True
28610,6068,True
28611,106,False
28612,578,False
28613,6097,True
28614,149,False
28615,6105,True
28616,383,False
28617,15,False
28618,385,False
28619,6106,True
28620,6112,True
28621,388,False
28622,389,False
28623,21,False
28624,6130,True
28625,23,False
28626,592,False
28627,6135,True
28628,26,False
28629,6140,True
28630,28,False
28631,6151,True
28632,399,False
28633,168,False
28634,219,False
28635,8,False
28636,6207,True
28637,35,False
28638,6219,True
28639,406,False
28640,175,False
28641,226,False
28642,6237,True
28643,2,False
28644,42,False
28645,140,False
28646,612,False
28647,25,False
28648,6263,True
28649,416,False
28650,235,False
28651,236,False
28652,6327,True
28653,6337,True
28654,6350,True
28655,621,False
28656,191,False
28657,6377,True
28658,304,False
28659,625,False
28660,380,False
28661,6386,True
28662,60,False
28663,248,False
28664,6400,True
28665,43,False
28666,6419,True
28667,313,False
28668,24,False
28669,164,False
28670,48,False
28671,637,False
28672,6433,True
28673,318,False
28674,72,False
28675,6443,True
28676,321,False
28677,6445,True
28678,398,False
28679,404,False
28680,215,False
28681,266,False
28682,60,False
28683,6462,True
28684,6475,True
28685,83,False
28686,221,False
28687,6482,True
28688,273,False
28689,6496,True
28690,88,False
28691,6517,True
28692,6539,True
28693,413,False
28694,660,False
28695,415,False
28696,281,False
28697,95,False
28698,343,False
28699,284,False
28700,116,False
28701,236,False
28702,100,False
28703,288,False
28704,81,False
28705,672,False
28706,85,False
28707,2,False
28708,107,False
28709,4,False
28710,435,False
28711,296,False
28712,248,False
28713,8,False
28714,3,False
28715,94,False
28716,5,False
28717,6,False
28718,13,False
28719,304,False
28720,305,False
28721,10,False
28722,10,False
28723,448,False
28724,449,False
28725,310,False
28726,451,False
28727,367,False
28728,16,False
28729,454,False
28730,2,False
28731,19,False
28732,27,False
28733,28,False
28734,29,False
28735,30,False
28736,5,False
28737,25,False
28738,33,False
28739,8,False
28740,9,False
28741,10,False
28742,37,False
28743,31,False
28744,39,False
28745,14,False
28746,14,False
28747,332,False
28748,473,False
28749,21,False
28750,38,False
28751,14,False
28752,7,True
28753,16,False
28754,42,False
28755,27,False
28756,25,False
28757,45,False
28758,398,False
28759,47,False
28760,32,False
28761,32,False
28762,57,False
28763,348,False
28764,52,False
28765,53,False
28766,35,False
28767,39,False
28768,56,False
28769,354,False
28770,33,False
28771,34,False
28772,60,False
28773,44,False
28774,37,False
28775,4,False
28776,48,False
28777,8,False
28778,47,False
28779,8,False
28780,44,False
28781,77,False
28782,52,False
28783,5,False
28784,56,False
28785,55,False
28786,75,False
28787,76,False
28788,77,False
28789,78,False
28790,86,False
28791,64,False
28792,23,False
28793,65,False
28794,435,False
28795,84,False
28796,437,False
28797,1,False
28798,71,False
28799,9,True
28800,441,False
28801,527,False
28802,388,False
28803,3,False
28804,6,False
28805,16,True
28806,392,False
28807,80,False
28808,97,False
28809,2,False
28810,99,False
28811,26,True
28812,539,False
28813,3,False
28814,27,True
28815,105,False
28816,106,False
28817,95,True
28818,1,False
28819,2,False
28820,95,False
28821,4,False
28822,133,True
28823,551,False
28824,96,False
28825,136,True
28826,117,False
28827,470,False
28828,94,False
28829,104,False
28830,13,False
28831,122,False
28832,139,True
28833,124,False
28834,100,False
28835,189,True
28836,111,False
28837,128,False
28838,193,True
28839,111,False
28840,23,False
28841,132,False
28842,29,False
28843,199,True
28844,572,False
28845,120,False
28846,29,False
28847,119,False
28848,123,False
28849,32,False
28850,37,False
28851,202,True
28852,580,False
28853,119,False
28854,220,True
28855,38,False
28856,499,False
28857,40,False
28858,232,True
28859,237,True
28860,503,False
28861,44,False
28862,9,False
28863,161,False
28864,452,False
28865,140,False
28866,13,False
28867,50,False
28868,251,True
28869,167,False
28870,17,False
28871,257,True
28872,2629,False
28873,461,False
28874,140,False
28875,463,False
28876,23,False
28877,60,False
28878,70,False
28879,154,False
28880,266,True
28881,277,True
28882,29,False
28883,282,True
28884,182,False
28885,157,False
28886,33,False
28887,1,False
28888,295,True
28889,155,False
28890,2647,False
28891,157,False
28892,167,False
28893,621,False
28894,342,True
28895,9,False
28896,352,True
28897,6,False
28898,12,False
28899,13,False
28900,175,False
28901,364,True
28902,200,False
28903,366,True
28904,18,False
28905,180,False
28906,53,False
28907,369,True
28908,55,False
28909,207,False
28910,378,True
28911,499,False
28912,7,False
28913,22,False
28914,61,False
28915,384,True
28916,25,False
28917,389,True
28918,400,True
28919,14,False
28920,15,False
28921,405,True
28922,194,False
28923,70,False
28924,512,False
28925,72,False
28926,432,True
28927,74,False
28928,436,True
28929,444,True
28930,469,True
28931,4,False
28932,660,False
28933,474,True
28934,7,False
28935,475,True
28936,208,False
28937,235,False
28938,3,False
28939,211,False
28940,510,True
28941,518,True
28942,89,False
28943,522,True
28944,91,False
28945,92,False
28946,534,False
28947,542,True
28948,576,True
28949,247,False
28950,597,True
28951,605,True
28952,4,False
28953,225,False
28954,229,False
28955,7,False
28956,231,False
28957,255,False
28958,10,False
28959,609,True
28960,235,False
28961,108,False
28962,614,True
28963,110,False
28964,622,True
28965,27,False
28966,31,False
28967,19,False
28968,22,False
28969,21,False
28970,645,True
28971,25,False
28972,42,False
28973,648,True
28974,272,False
28975,563,False
28976,46,False
28977,29,False
28978,654,True
28979,49,False
28980,127,False
28981,624,False
28982,256,False
28983,249,False
28984,660,True
28985,37,False
28986,662,True
28987,39,False
28988,135,False
28989,632,False
28990,674,True
28991,43,False
28992,679,True
28993,267,False
28994,706,True
28995,60,False
28996,143,False
28997,144,False
28998,270,False
28999,726,True
29000,728,True
29001,273,False
29002,590,False
29003,55,False
29004,592,False
29005,754,True
29006,58,False
29007,595,False
29008,772,True
29009,652,False
29010,598,False
29011,158,False
29012,64,False
29013,4671,False
29014,830,True
29015,833,True
29016,164,False
29017,865,True
29018,71,False
29019,608,False
29020,83,False
29021,909,True
29022,75,False
29023,171,False
29024,613,False
29025,324,False
29026,915,True
29027,80,False
29028,4687,False
29029,922,True
29030,674,False
29031,179,False
29032,98,False
29033,181,False
29034,182,False
29035,334,False
29036,89,False
29037,927,True
29038,101,False
29039,928,True
29040,4699,False
29041,308,False
29042,931,True
29043,687,False
29044,192,False
29045,957,True
29046,635,False
29047,346,False
29048,1012,True
29049,102,False
29050,116,False
29051,199,False
29052,351,False
29053,201,False
29054,202,False
29055,121,False
29056,204,False
29057,110,False
29058,8,False
29059,1013,True
29060,208,False
29061,360,False
29062,1016,True
29063,116,False
29064,212,False
29065,338,False
29066,1063,True
29067,1069,True
29068,335,False
29069,122,False
29070,344,False
29071,1108,True
29072,371,False
29073,1139,True
29074,348,False
29075,142,False
29076,1141,True
29077,667,False
29078,1160,True
29079,347,False
29080,1164,True
29081,355,False
29082,1179,True
29083,673,False
29084,1181,True
29085,149,False
29086,140,False
29087,141,False
29088,1190,True
29089,238,False
29090,1198,True
29091,240,False
29092,28,False
29093,1229,True
29094,1233,True
29095,149,False
29096,245,False
29097,1237,False
29098,162,False
29099,1263,True
29100,154,False
29101,376,False
29102,169,False
29103,157,False
29104,1287,True
29105,44,False
29106,160,False
29107,375,False
29108,1289,True
29109,176,False
29110,259,False
29111,4,False
29112,166,False
29113,1312,True
29114,263,False
29115,390,False
29116,8,False
29117,1333,True
29118,393,False
29119,393,False
29120,174,False
29121,14,False
29122,1334,True
29123,768,False
29124,178,False
29125,1337,True
29126,20,False
29127,277,False
29128,429,False
29129,1385,True
29130,282,False
29131,410,False
29132,1395,True
29133,411,False
29134,1403,True
29135,1413,True
29136,409,False
29137,787,False
29138,36,False
29139,1428,True
29140,294,False
29141,213,False
29142,1441,True
29143,416,False
29144,203,False
29145,425,False
29146,205,False
29147,452,False
29148,1456,True
29149,454,False
29150,209,False
29151,305,False
29152,211,False
29153,426,False
29154,433,False
29155,19,False
29156,806,False
29157,311,False
29158,217,False
29159,1460,True
29160,1470,True
29161,315,False
29162,221,False
29163,1494,True
29164,32,False
29165,319,False
29166,1518,True
29167,1544,True
29168,1566,True
29169,477,False
29170,1597,True
29171,1608,True
29172,480,False
29173,1619,True
29174,236,False
29175,237,False
29176,1623,True
29177,334,False
29178,1631,True
29179,6,False
29180,1636,True
29181,8,False
29182,1638,True
29183,245,False
29184,246,False
29185,12,False
29186,1639,True
29187,495,False
29188,1641,True
29189,1646,True
29190,499,False
29191,267,False
29192,255,False
29193,1672,True
29194,33,False
29195,28,False
29196,850,False
29197,1684,True
29198,261,False
29199,262,False
29200,184,False
29201,264,False
29202,35,False
29203,5,False
29204,6,False
29205,363,False
29206,74,False
29207,1695,True
29208,367,False
29209,369,False
29210,370,False
29211,276,False
29212,47,False
29213,373,False
29214,1697,True
29215,280,False
29216,1708,True
29217,1713,True
29218,296,False
29219,5,False
29220,285,False
29221,286,False
29222,1742,True
29223,58,False
29224,1746,True
29225,385,False
29226,61,False
29227,883,False
29228,1785,True
29229,389,False
29230,390,False
29231,1786,True
29232,297,False
29233,1789,True
29234,299,False
29235,300,False
29236,1798,True
29237,41,False
29238,1813,True
29239,1816,True
29240,1825,True
29241,4017,False
29242,307,False
29243,1859,True
29244,900,False
29245,1867,True
29246,5,False
29247,82,False
29248,313,False
29249,84,False
29250,119,False
29251,120,False
29252,1875,True
29253,318,False
29254,58,False
29255,14,False
29256,321,False
29257,322,False
29258,1882,True
29259,25,False
29260,1921,True
29261,23,False
29262,327,False
29263,22,False
29264,1975,True
29265,24,False
29266,7,False
29267,8,False
29268,27,False
29269,28,False
29270,74,False
29271,30,False
29272,1981,True
29273,2017,True
29274,15,False
29275,340,False
29276,2026,True
29277,342,False
29278,14,False
29279,20,False
29280,27,False
29281,2027,True
29282,6,False
29283,348,False
29284,43,False
29285,350,False
29286,45,False
29287,34,False
29288,353,False
29289,367,False
29290,946,False
29291,2034,True
29292,357,False
29293,358,False
29294,2039,True
29295,5,False
29296,2059,True
29297,8,False
29298,2061,True
29299,377,False
29300,365,False
29301,2065,True
29302,1736,False
29303,368,False
29304,14,False
29305,370,False
29306,371,False
29307,2067,True
29308,2098,True
29309,50,False
29310,1744,False
29311,13,False
29312,53,False
29313,2174,True
29314,38,False
29315,971,False
29316,40,False
29317,2217,True
29318,42,False
29319,2219,True
29320,13,False
29321,80,False
29322,2254,True
29323,401,False
29324,48,False
29325,35,False
29326,85,False
29327,68,False
29328,1762,False
29329,394,False
29330,2277,True
29331,72,False
29332,397,False
29333,2285,True
29334,399,False
29335,1769,False
29336,401,False
29337,84,False
29338,62,False
29339,3,False
29340,2305,True
29341,65,False
29342,2,False
29343,45,False
29344,8,False
29345,86,False
29346,70,False
29347,8,True
29348,41,False
29349,73,False
29350,12,True
29351,19,True
29352,16,False
29353,29,True
29354,78,False
29355,19,False
29356,6,False
29357,1791,False
29358,51,False
29359,118,False
29360,84,False
29361,52,True
29362,23,False
29363,56,False
29364,123,False
29365,89,False
29366,27,False
29367,445,False
29368,58,True
29369,1,False
29370,94,False
29371,64,True
29372,67,True
29373,78,True
29374,35,False
29375,26,False
29376,1032,False
29377,1811,False
29378,79,True
29379,82,True
29380,56,False
29381,103,True
29382,112,True
29383,59,False
29384,108,False
29385,61,False
29386,141,True
29387,19,False
29388,98,False
29389,152,True
29390,10,False
29391,101,False
29392,10,False
29393,186,True
29394,118,False
29395,15,False
29396,46,False
29397,189,True
29398,1054,False
29399,19,False
29400,124,False
29401,1,False
29402,112,False
29403,190,True
29404,54,False
29405,115,False
29406,200,True
29407,29,False
29408,204,True
29409,41,False
29410,1844,False
29411,1845,False
29412,236,True
29413,123,False
29414,261,True
29415,279,True
29416,1850,False
29417,127,False
29418,285,True
29419,69,False
29420,1854,False
29421,308,True
29422,12,False
29423,55,False
29424,148,False
29425,314,True
29426,1860,False
29427,336,True
29428,152,False
29429,61,False
29430,190,False
29431,337,True
29432,157,False
29433,25,False
29434,10,False
29435,160,False
29436,28,False
29437,339,True
29438,6,False
29439,4,False
29440,61,False
29441,341,True
29442,10,False
29443,35,False
29444,169,False
29445,96,False
29446,14,False
29447,172,False
29448,81,False
29449,1885,False
29450,353,True
29451,1887,False
29452,52,False
29453,165,False
29454,166,False
29455,180,False
29456,355,True
29457,182,False
29458,79,False
29459,374,True
29460,406,True
29461,112,False
29462,187,False
29463,417,True
29464,32,False
29465,190,False
29466,191,False
29467,88,False
29468,423,True
29469,29,False
29470,426,True
29471,430,True
29472,197,False
29473,441,True
29474,199,False
29475,450,True
29476,451,True
29477,98,False
29478,38,False
29479,191,False
29480,453,True
29481,206,False
29482,243,False
29483,43,False
29484,52,False
29485,469,True
29486,6,False
29487,25,False
29488,56,False
29489,57,False
29490,58,False
29491,478,True
29492,217,False
29493,218,False
29494,498,True
29495,116,False
29496,64,False
29497,19,False
29498,66,False
29499,211,False
29500,225,False
29501,21,False
29502,70,False
29503,228,False
29504,536,True
29505,230,False
29506,127,False
29507,27,False
29508,30,False
29509,77,False
29510,609,True
29511,111,False
29512,80,False
29513,622,True
29514,25,False
29515,32,False
29516,625,True
29517,55,False
29518,40,False
29519,36,False
29520,232,False
29521,89,False
29522,283,False
29523,639,True
29524,124,False
29525,93,False
29526,94,False
29527,647,True
29528,253,False
29529,43,False
29530,50,False
29531,48,False
29532,682,True
29533,50,False
29534,686,True
29535,296,False
29536,104,False
29537,715,True
29538,263,False
29539,107,False
29540,726,True
29541,253,False
29542,267,False
29543,164,False
29544,82,False
29545,733,True
29546,307,False
29547,58,False
29548,309,False
29549,744,True
29550,118,False
29551,172,False
29552,19,True
29553,314,False
29554,71,True
29555,72,False
29556,30,False
29557,68,False
29558,43,False
29559,320,False
29560,285,False
29561,129,False
29562,44,False
29563,288,False
29564,132,False
29565,326,False
29566,77,True
29567,78,False
29568,293,False
29569,330,False
29570,85,True
29571,116,True
29572,297,False
29573,149,True
29574,5,False
29575,151,True
29576,288,False
29577,302,False
29578,339,False
29579,187,True
29580,91,False
29581,306,False
29582,189,True
29583,308,False
29584,224,True
29585,310,False
29586,3,False
29587,237,True
29588,257,True
29589,46,False
29590,7,False
29591,158,False
29592,262,True
29593,160,False
29594,355,False
29595,289,True
29596,357,False
29597,322,False
29598,295,True
29599,116,False
29600,1257,False
29601,18,False
29602,113,False
29603,328,False
29604,171,False
29605,172,False
29606,320,True
29607,319,False
29608,327,True
29609,340,True
29610,148,False
29611,336,False
29612,337,False
29613,371,True
29614,376,True
29615,182,False
29616,385,True
29617,184,False
29618,387,True
29619,50,False
29620,389,True
29621,38,False
29622,398,True
29623,190,False
29624,406,True
29625,163,False
29626,57,False
29627,138,False
29628,45,False
29629,167,False
29630,342,False
29631,198,False
29632,393,False
29633,418,True
29634,359,False
29635,437,True
29636,203,False
29637,447,True
29638,205,False
29639,56,False
29640,451,True
29641,467,True
29642,403,False
29643,368,False
29644,211,False
29645,370,False
29646,371,False
29647,468,True
29648,158,False
29649,472,True
29650,411,False
29651,218,False
29652,162,False
29653,500,True
29654,379,False
29655,416,False
29656,223,False
29657,519,True
29658,225,False
29659,76,False
29660,421,False
29661,521,True
29662,79,False
29663,376,False
29664,4,False
29665,233,False
29666,14,True
29667,235,False
29668,158,False
29669,33,True
29670,239,False
29671,240,False
29672,211,False
29673,37,True
29674,39,True
29675,6,False
29676,43,True
29677,96,False
29678,62,True
29679,10,False
29680,73,True
29681,12,False
29682,100,True
29683,446,False
29684,173,False
29685,104,False
29686,105,True
29687,115,True
29688,11,False
29689,20,False
29690,128,True
29691,260,False
29692,23,False
29693,16,False
29694,25,False
29695,26,False
29696,184,False
29697,151,True
29698,461,False
29699,163,True
29700,182,True
29701,21,False
29702,25,False
29703,203,True
29704,257,True
29705,261,True
29706,31,False
29707,278,False
29708,249,False
29709,199,False
29710,5,False
29711,1,False
29712,2,False
29713,276,True
29714,205,False
29715,481,False
29716,288,False
29717,43,False
29718,9,False
29719,485,False
29720,286,True
29721,293,False
29722,213,False
29723,489,False
29724,4,False
29725,5,False
29726,52,False
29727,299,True
29728,300,False
29729,301,False
29730,272,False
29731,11,False
29732,311,True
29733,24,False
29734,317,True
29735,322,True
29736,27,False
29737,159,False
29738,348,True
29739,354,True
29740,506,False
29741,21,False
29742,356,True
29743,14,False
29744,316,False
29745,317,False
29746,371,True
29747,18,False
29748,238,False
29749,239,False
29750,389,True
29751,31,False
29752,324,False
29753,243,False
29754,34,False
29755,297,False
29756,36,False
29757,329,False
29758,390,True
29759,50,False
29760,433,True
29761,41,False
29762,252,False
29763,1424,False
29764,55,False
29765,434,True
29766,46,False
29767,339,False
29768,310,False
29769,535,False
29770,536,False
29771,449,True
29772,314,False
29773,53,False
29774,346,False
29775,47,False
29776,456,True
29777,350,False
29778,70,False
29779,322,False
29780,474,True
29781,272,False
29782,482,True
29783,55,False
29784,56,False
29785,1447,False
29786,277,False
29787,68,False
29788,361,False
29789,483,True
29790,82,False
29791,558,False
29792,559,False
29793,74,False
29794,488,True
29795,286,False
29796,369,False
29797,502,True
29798,289,False
29799,342,False
29800,12,False
29801,505,True
29802,83,False
29803,294,False
29804,536,True
29805,8,False
29806,379,False
29807,13,False
29808,537,True
29809,382,False
29810,13,False
29811,384,False
29812,546,True
29813,569,True
29814,387,False
29815,7,False
29816,8,False
29817,109,False
29818,570,True
29819,100,False
29820,67,False
29821,599,True
29822,114,False
29823,104,False
29824,105,False
29825,21,False
29826,610,True
29827,33,False
29828,401,False
29829,121,False
29830,253,False
29831,123,False
29832,631,True
29833,125,False
29834,115,False
29835,313,False
29836,409,False
29837,410,False
29838,261,False
29839,31,False
29840,413,False
29841,651,True
29842,609,False
29843,655,True
29844,91,False
29845,20,False
29846,269,False
29847,669,True
29848,5,False
29849,684,True
29850,7,False
29851,57,False
29852,692,True
29853,100,False
29854,46,False
29855,103,False
29856,138,False
29857,10,False
29858,337,False
29859,17,False
29860,142,False
29861,715,True
29862,69,False
29863,437,False
29864,146,False
29865,716,True
29866,24,False
29867,115,False
29868,1,False
29869,163,False
29870,119,False
29871,735,True
29872,5,False
29873,737,True
29874,7,False
29875,158,False
29876,421,False
29877,171,False
29878,453,False
29879,173,False
29880,6,False
29881,739,True
29882,457,False
29883,166,False
29884,459,False
29885,364,False
29886,365,False
29887,741,True
29888,21,False
29889,464,False
29890,744,True
29891,174,False
29892,437,False
29893,187,False
29894,177,False
29895,470,False
29896,752,True
29897,180,False
29898,806,True
29899,148,False
29900,33,False
29901,817,True
29902,447,False
29903,448,False
29904,818,True
29905,38,False
29906,481,False
29907,482,False
29908,157,False
29909,158,False
29910,833,True
29911,486,False
29912,681,False
29913,682,False
29914,389,False
29915,41,False
29916,165,False
29917,59,False
29918,846,True
29919,853,True
29920,857,True
29921,204,False
29922,64,False
29923,867,True
29924,693,False
29925,208,False
29926,891,True
29927,897,True
29928,70,False
29929,504,False
29930,4,False
29931,506,False
29932,938,True
29933,508,False
29934,183,False
29935,36,False
29936,78,False
29937,945,True
29938,35,False
29939,40,False
29940,73,False
29941,42,False
29942,225,False
29943,76,False
29944,962,True
29945,1018,True
29946,79,False
29947,80,False
29948,81,False
29949,75,False
29950,51,False
29951,1020,True
29952,527,False
29953,50,False
29954,723,False
29955,10,False
29956,415,False
29957,34,False
29958,55,False
29959,92,False
29960,93,False
29961,16,False
29962,1025,True
29963,246,False
29964,19,False
29965,20,False
29966,1029,True
29967,250,False
29968,65,False
29969,1036,True
29970,253,False
29971,68,False
29972,27,False
29973,432,False
29974,34,False
29975,224,False
29976,1640,False
29977,1117,True
29978,75,False
29979,554,False
29980,40,False
29981,264,False
29982,115,False
29983,24,False
29984,117,False
29985,1149,True
29986,561,False
29987,28,False
29988,1164,True
29989,44,False
29990,87,False
29991,1190,True
29992,16,False
29993,1212,True
29994,54,False
29995,570,False
29996,37,False
29997,572,False
29998,124,False
29999,1232,True
30000,1235,True
30001,2,False
30002,577,False
30003,129,False
30004,1236,True
30005,1240,True
30006,7,False
30007,8,False
30008,777,False
30009,583,False
30010,1260,True
30011,66,False
30012,586,False
30013,1266,True
30014,69,False
30015,8,False
30016,1297,True
30017,786,False
30018,267,False
30019,74,False
30020,594,False
30021,595,False
30022,1321,True
30023,24,False
30024,7,False
30025,599,False
30026,86,False
30027,153,False
30028,125,False
30029,1324,True
30030,85,False
30031,86,False
30032,606,False
30033,34,False
30034,1335,True
30035,95,False
30036,581,False
30037,38,False
30038,93,False
30039,808,False
30040,1336,True
30041,586,False
30042,811,False
30043,343,False
30044,618,False
30045,1364,True
30046,620,False
30047,30,False
30048,31,False
30049,32,False
30050,51,False
30051,106,False
30052,1404,True
30053,509,False
30054,55,False
30055,824,False
30056,600,False
30057,40,False
30058,41,False
30059,515,False
30060,1429,True
30061,5,False
30062,1432,True
30063,46,False
30064,13,False
30065,66,False
30066,836,False
30067,1441,True
30068,643,False
30069,196,False
30070,1445,True
30071,198,False
30072,647,False
30073,2,False
30074,19,False
30075,1489,True
30076,21,False
30077,19,False
30078,1518,True
30079,528,False
30080,64,False
30081,1570,True
30082,25,False
30083,26,False
30084,29,False
30085,14,False
30086,336,False
30087,1575,True
30088,17,False
30089,31,False
30090,32,False
30091,75,False
30092,342,False
30093,2,False
30094,78,False
30095,1582,True
30096,45,False
30097,2,False
30098,47,False
30099,44,False
30100,198,False
30101,541,False
30102,44,False
30103,8,False
30104,1586,True
30105,18,False
30106,52,False
30107,51,False
30108,684,False
30109,39,False
30110,1635,True
30111,687,False
30112,97,False
30113,98,False
30114,60,False
30115,58,False
30116,4,False
30117,1638,True
30118,62,False
30119,62,False
30120,1656,True
30121,9,False
30122,5,False
30123,66,False
30124,67,False
30125,54,False
30126,111,False
30127,1665,True
30128,57,False
30129,5,True
30130,18,False
30131,7,False
30132,230,False
30133,79,False
30134,77,False
30135,33,False
30136,24,False
30137,80,False
30138,84,False
30139,27,False
30140,28,False
30141,29,False
30142,127,False
30143,7,True
30144,87,False
30145,33,False
30146,92,False
30147,91,False
30148,94,False
30149,134,False
30150,93,True
30151,39,False
30152,27,False
30153,404,False
30154,38,False
30155,284,False
30156,34,False
30157,56,False
30158,2,False
30159,13,False
30160,4,False
30161,50,False
30162,37,False
30163,108,False
30164,22,False
30165,64,False
30166,38,False
30167,56,False
30168,18,False
30169,113,False
30170,15,False
30171,118,False
30172,61,False
30173,23,False
30174,32,False
30175,33,False
30176,121,False
30177,55,False
30178,123,True
30179,123,False
30180,25,False
30181,85,False
30182,81,False
30183,91,False
30184,42,False
30185,93,False
30186,15,False
30187,438,False
30188,287,False
30189,92,False
30190,19,False
30191,80,False
30192,100,False
30193,92,False
30194,138,False
30195,103,False
30196,105,False
30197,55,False
30198,113,False
30199,143,False
30200,108,False
30201,146,False
30202,75,False
30203,32,False
30204,18,False
30205,50,False
30206,153,False
30207,65,False
30208,459,False
30209,67,False
30210,118,False
30211,117,False
30212,70,False
30213,42,False
30214,87,False
30215,88,False
30216,163,False
30217,161,False
30218,137,True
30219,166,False
30220,119,False
30221,8,False
30222,70,False
30223,139,True
30224,53,False
30225,109,False
30226,55,False
30227,478,False
30228,112,False
30229,164,True
30230,668,False
30231,175,False
30232,79,False
30233,122,False
30234,169,True
30235,486,False
30236,183,False
30237,110,False
30238,15,False
30239,170,True
30240,184,False
30241,187,True
30242,80,False
30243,190,True
30244,682,False
30245,144,False
30246,74,False
30247,193,True
30248,25,False
30249,5,False
30250,195,True
30251,96,False
30252,503,False
30253,9,False
30254,16,False
30255,200,False
30256,203,True
30257,146,False
30258,202,False
30259,205,True
30260,168,False
30261,512,False
30262,100,False
30263,101,False
30264,223,True
30265,210,False
30266,94,False
30267,214,False
30268,152,False
30269,69,False
30270,108,False
30271,370,False
30272,161,False
30273,220,False
30274,147,False
30275,220,False
30276,223,False
30277,224,False
30278,167,False
30279,240,True
30280,118,False
30281,120,False
30282,87,False
30283,182,False
30284,168,False
30285,193,False
30286,255,True
30287,171,False
30288,232,False
30289,39,False
30290,189,False
30291,238,False
30292,97,False
30293,57,False
30294,12,False
30295,257,True
30296,14,False
30297,244,False
30298,171,False
30299,266,True
30300,12,False
30301,14,False
30302,15,False
30303,187,False
30304,22,False
30305,100,False
30306,195,False
30307,286,True
30308,207,False
30309,148,False
30310,28,False
30311,219,False
30312,302,True
30313,412,False
30314,109,False
30315,120,False
30316,200,False
30317,206,False
30318,307,True
30319,227,False
30320,167,False
30321,5,False
30322,269,False
30323,212,False
30324,208,False
30325,319,True
30326,210,False
30327,226,False
30328,12,False
30329,228,False
30330,238,False
30331,275,False
30332,170,False
30333,232,False
30334,90,False
30335,224,False
30336,20,False
30337,334,True
30338,246,False
30339,23,False
30340,55,False
30341,56,False
30342,26,False
30343,341,True
30344,243,False
30345,289,False
30346,290,False
30347,347,True
30348,295,False
30349,238,False
30350,249,False
30351,250,False
30352,603,False
30353,297,False
30354,38,False
30355,302,False
30356,301,False
30357,113,False
30358,42,False
30359,488,False
30360,207,False
30361,208,False
30362,191,False
30363,47,False
30364,48,False
30365,264,False
30366,50,False
30367,82,False
30368,369,True
30369,313,False
30370,199,False
30371,218,False
30372,201,False
30373,272,False
30374,319,False
30375,21,False
30376,3,False
30377,216,False
30378,5,False
30379,278,False
30380,327,False
30381,123,False
30382,124,False
30383,212,False
30384,329,False
30385,31,False
30386,372,True
30387,12,False
30388,234,False
30389,145,False
30390,236,False
30391,37,False
30392,76,False
30393,282,False
30394,78,False
30395,380,True
30396,152,False
30397,81,False
30398,345,False
30399,45,False
30400,229,False
30401,116,False
30402,20,False
30403,347,False
30404,50,False
30405,161,False
30406,381,True
30407,315,False
30408,507,False
30409,317,False
30410,318,False
30411,27,False
30412,127,False
30413,440,True
30414,359,False
30415,360,False
30416,105,False
30417,316,False
30418,362,False
30419,257,False
30420,445,True
30421,672,False
30422,261,False
30423,454,True
30424,309,False
30425,310,False
30426,470,True
30427,336,False
30428,268,False
30429,268,False
30430,339,False
30431,492,True
30432,332,False
30433,190,False
30434,379,False
30435,192,False
30436,345,False
30437,511,True
30438,386,False
30439,339,False
30440,270,False
30441,157,False
30442,387,False
30443,290,False
30444,344,False
30445,536,True
30446,346,False
30447,395,False
30448,348,False
30449,349,False
30450,280,False
30451,399,False
30452,569,True
30453,581,True
30454,86,False
30455,295,False
30456,295,False
30457,296,False
30458,404,False
30459,298,False
30460,712,False
30461,370,False
30462,670,True
30463,411,False
30464,364,False
30465,295,False
30466,566,False
30467,719,False
30468,315,False
30469,675,True
30470,415,False
30471,419,False
30472,417,False
30473,603,False
30474,313,False
30475,321,False
30476,315,False
30477,367,False
30478,676,True
30479,691,True
30480,237,False
30481,732,False
30482,179,False
30483,431,False
30484,432,False
30485,106,False
30486,694,True
30487,317,False
30488,109,False
30489,619,False
30490,398,False
30491,439,False
30492,715,True
30493,383,False
30494,324,False
30495,625,False
30496,395,False
30497,189,False
30498,328,False
30499,53,False
30500,390,False
30501,121,False
30502,732,True
30503,393,False
30504,344,False
30505,345,False
30506,345,False
30507,738,True
30508,608,False
30509,454,False
30510,455,False
30511,641,False
30512,460,False
30513,459,False
30514,462,False
30515,461,False
30516,406,False
30517,24,False
30518,417,False
30519,2,False
30520,360,False
30521,747,True
30522,361,False
30523,471,False
30524,774,True
30525,282,False
30526,365,False
30527,627,False
30528,473,False
30529,475,False
30530,630,False
30531,477,False
30532,797,True
30533,798,True
30534,482,False
30535,786,False
30536,445,False
30537,667,False
30538,807,True
30539,60,False
30540,824,True
30541,450,False
30542,441,False
30543,223,False
30544,224,False
30545,851,True
30546,436,False
30547,446,False
30548,305,False
30549,800,False
30550,680,False
30551,460,False
30552,497,False
30553,267,False
30554,462,False
30555,500,False
30556,875,True
30557,881,True
30558,315,False
30559,449,False
30560,399,False
30561,460,False
30562,510,False
30563,509,False
30564,473,False
30565,893,True
30566,241,False
30567,242,False
30568,476,False
30569,468,False
30570,910,True
30571,461,False
30572,329,False
30573,824,False
30574,248,False
30575,675,False
30576,925,True
30577,407,False
30578,477,False
30579,478,False
30580,525,False
30581,411,False
30582,527,False
30583,423,False
30584,933,True
30585,415,False
30586,495,False
30587,219,False
30588,345,False
30589,7,False
30590,222,False
30591,539,False
30592,937,True
30593,541,False
30594,424,False
30595,983,True
30596,544,False
30597,427,False
30598,497,False
30599,544,False
30600,986,True
30601,431,False
30602,510,False
30603,442,False
30604,202,False
30605,444,False
30606,10,False
30607,707,False
30608,365,False
30609,554,False
30610,989,True
30611,519,False
30612,994,True
30613,561,False
30614,246,False
30615,745,False
30616,997,True
30617,507,False
30618,869,False
30619,517,False
30620,528,False
30621,519,False
30622,531,False
30623,380,False
30624,569,False
30625,465,False
30626,466,False
30627,7,False
30628,1009,True
30629,519,False
30630,539,False
30631,250,False
30632,264,False
30633,531,False
30634,473,False
30635,544,False
30636,526,False
30637,1043,True
30638,889,False
30639,890,False
30640,397,False
30641,480,False
30642,590,False
30643,541,False
30644,50,False
30645,264,False
30646,594,False
30647,1069,True
30648,405,False
30649,595,False
30650,540,False
30651,751,False
30652,409,False
30653,598,False
30654,493,False
30655,1076,True
30656,601,False
30657,414,False
30658,606,False
30659,291,False
30660,605,False
30661,609,False
30662,56,False
30663,553,False
30664,572,False
30665,916,False
30666,1086,True
30667,615,False
30668,287,False
30669,577,False
30670,921,False
30671,1096,True
30672,562,False
30673,619,False
30674,774,False
30675,44,False
30676,806,False
30677,53,False
30678,1111,True
30679,436,False
30680,589,False
30681,626,False
30682,521,False
30683,1121,True
30684,593,False
30685,630,False
30686,516,False
30687,817,False
30688,445,False
30689,446,False
30690,580,False
30691,1146,True
30692,582,False
30693,638,False
30694,794,False
30695,18,False
30696,644,False
30697,645,False
30698,330,False
30699,105,False
30700,1167,True
30701,649,False
30702,321,False
30703,648,False
30704,613,False
30705,603,False
30706,325,False
30707,652,False
30708,1193,True
30709,657,False
30710,658,False
30711,659,False
30712,550,False
30713,843,False
30714,662,False
30715,966,False
30716,1213,True
30717,968,False
30718,432,False
30719,329,False
30720,330,False
30721,611,False
30722,667,False
30723,621,False
30724,824,False
30725,1225,True
30726,634,False
30727,6,False
30728,1237,True
30729,361,False
30730,1259,True
30731,676,False
30732,16,False
30733,833,False
30734,48,False
30735,633,False
30736,987,False
30737,635,False
30738,686,False
30739,685,False
30740,351,False
30741,1262,True
30742,344,False
30743,843,False
30744,1314,True
30745,996,False
30746,357,False
30747,692,False
30748,656,False
30749,639,False
30750,648,False
30751,362,False
30752,698,False
30753,1334,True
30754,468,False
30755,4,False
30756,21,False
30757,389,False
30758,703,False
30759,13,False
30760,371,False
30761,1385,True
30762,892,False
30763,893,False
30764,710,False
30765,710,False
30766,714,False
30767,7,False
30768,83,False
30769,1392,True
30770,717,False
30771,1411,True
30772,670,False
30773,722,False
30774,665,False
30775,722,False
30776,7,False
30777,367,False
30778,727,False
30779,8,False
30780,3,False
30781,4,False
30782,11,False
30783,730,False
30784,1442,True
30785,734,False
30786,677,False
30787,15,False
30788,1480,True
30789,699,False
30790,736,False
30791,689,False
30792,33,False
30793,16,False
30794,704,False
30795,33,False
30796,34,False
30797,1483,True
30798,689,False
30799,748,False
30800,698,False
30801,24,False
30802,43,False
30803,934,False
30804,15,False
30805,696,False
30806,42,False
30807,43,False
30808,754,False
30809,718,False
30810,719,False
30811,1521,True
30812,703,False
30813,711,False
30814,724,False
30815,713,False
30816,714,False
30817,1543,True
30818,766,False
30819,710,False
30820,43,False
30821,770,False
30822,1546,True
30823,733,False
30824,734,False
30825,56,False
30826,56,False
30827,718,False
30828,1620,True
30829,69,False
30830,776,False
30831,428,False
30832,429,False
30833,73,False
30834,65,False
30835,1632,True
30836,745,False
30837,783,False
30838,785,False
30839,62,False
30840,10,False
30841,11,False
30842,1666,True
30843,1667,True
30844,791,False
30845,15,False
30846,16,False
30847,1669,True
30848,795,False
30849,89,False
30850,70,False
30851,448,False
30852,743,False
30853,84,False
30854,1670,True
30855,746,False
30856,21,False
30857,1109,False
30858,805,False
30859,29,False
30860,100,False
30861,31,False
30862,772,False
30863,496,False
30864,84,False
30865,811,False
30866,1708,True
30867,1711,True
30868,33,False
30869,109,False
30870,761,False
30871,769,False
30872,1718,True
30873,6,False
30874,820,False
30875,785,False
30876,79,False
30877,473,False
30878,118,False
30879,826,False
30880,826,False
30881,104,False
30882,102,False
30883,1720,True
30884,104,False
30885,783,False
30886,778,False
30887,52,False
30888,1140,False
30889,1727,True
30890,788,False
30891,131,False
30892,49,False
30893,1752,True
30894,1760,True
30895,793,False
30896,136,False
30897,128,False
30898,1150,False
30899,14,False
30900,70,False
30901,32,False
30902,811,False
30903,813,False
30904,124,False
30905,125,False
30906,21,False
30907,22,False
30908,131,False
30909,14,False
30910,1775,True
30911,809,False
30912,821,False
30913,18,False
30914,154,False
30915,813,False
30916,1776,True
30917,827,False
30918,827,False
30919,1790,True
30920,1796,True
30921,1022,False
30922,514,False
30923,832,False
30924,834,False
30925,1804,True
30926,41,False
30927,167,False
30928,1812,True
30929,838,False
30930,866,False
30931,1183,False
30932,867,False
30933,38,False
30934,174,False
30935,105,False
30936,834,False
30937,1038,False
30938,836,False
30939,179,False
30940,1834,True
30941,529,False
30942,840,False
30943,1195,False
30944,821,False
30945,854,False
30946,177,False
30947,1841,True
30948,15,False
30949,847,False
30950,181,False
30951,861,False
30952,122,False
30953,193,False
30954,21,False
30955,1842,True
30956,854,False
30957,3,False
30958,888,False
30959,456,False
30960,870,False
30961,1848,True
30962,67,False
30963,68,False
30964,204,False
30965,205,False
30966,875,False
30967,207,False
30968,1854,True
30969,17,False
30970,1889,True
30971,202,False
30972,870,False
30973,871,False
30974,884,False
30975,145,False
30976,886,False
30977,887,False
30978,26,False
30979,1913,True
30980,220,False
30981,151,False
30982,152,False
30983,1939,True
30984,154,False
30985,911,False
30986,91,False
30987,885,False
30988,1941,True
30989,229,False
30990,230,False
30991,900,False
30992,232,False
30993,1976,True
30994,234,False
30995,235,False
30996,906,False
30997,167,False
30998,46,False
30999,897,False
31000,240,False
31001,1253,False
31002,1991,True
31003,489,False
31004,174,False
31005,1994,True
31006,5,False
31007,905,False
31008,178,False
31009,2026,True
31010,10,False
31011,242,False
31012,12,False
31013,922,False
31014,2032,True
31015,934,False
31016,934,False
31017,256,False
31018,2039,True
31019,2045,True
31020,1271,False
31021,2059,True
31022,191,False
31023,939,False
31024,885,False
31025,886,False
31026,84,False
31027,196,False
31028,2076,True
31029,1280,False
31030,2085,True
31031,949,False
31032,201,False
31033,272,False
31034,29,False
31035,952,False
31036,25,False
31037,36,False
31038,3,False
31039,2105,True
31040,957,False
31041,601,False
31042,7,False
31043,78,False
31044,941,False
31045,962,False
31046,45,False
31047,2113,True
31048,17,False
31049,946,False
31050,947,False
31051,50,False
31052,41,False
31053,950,False
31054,951,False
31055,970,False
31056,21,False
31057,22,False
31058,2116,True
31059,956,False
31060,1311,False
31061,920,False
31062,5,False
31063,42,False
31064,2134,True
31065,974,False
31066,6,False
31067,964,False
31068,298,False
31069,9,False
31070,33,False
31071,986,False
31072,2140,True
31073,177,False
31074,109,False
31075,988,False
31076,5,False
31077,2152,True
31078,7,False
31079,19,False
31080,75,False
31081,2157,True
31082,77,False
31083,118,False
31084,981,False
31085,254,False
31086,983,False
31087,317,False
31088,2179,True
31089,1340,False
31090,53,False
31091,126,False
31092,196,False
31093,944,False
31094,991,False
31095,58,False
31096,1004,False
31097,1004,False
31098,38,False
31099,328,False
31100,4,False
31101,96,False
31102,2194,True
31103,65,False
31104,272,False
31105,67,False
31106,2209,True
31107,69,False
31108,1004,False
31109,71,False
31110,72,False
31111,2211,True
31112,1018,False
31113,75,False
31114,1020,False
31115,219,False
31116,1021,False
31117,15,False
31118,2213,True
31119,81,False
31120,2225,True
31121,19,False
31122,290,False
31123,291,False
31124,1027,False
31125,2234,True
31126,679,False
31127,355,False
31128,26,False
31129,1,False
31130,2,False
31131,3,False
31132,2250,True
31133,1029,False
31134,96,False
31135,2255,True
31136,1032,False
31137,1045,False
31138,1045,False
31139,11,False
31140,102,False
31141,1035,False
31142,2266,True
31143,1034,False
31144,1052,False
31145,107,False
31146,2268,True
31147,375,False
31148,21,False
31149,111,False
31150,2282,True
31151,2299,True
31152,24,False
31153,115,False
31154,322,False
31155,5,False
31156,2302,True
31157,2309,True
31158,141,False
31159,2312,True
31160,1050,False
31161,123,False
31162,124,False
31163,1081,False
31164,1071,False
31165,1416,False
31166,2326,True
31167,38,False
31168,2333,True
31169,273,False
31170,2335,True
31171,133,False
31172,1060,False
31173,1060,False
31174,34,False
31175,2361,True
31176,1063,False
31177,1007,False
31178,346,False
31179,347,False
31180,45,False
31181,2362,True
31182,52,False
31183,54,False
31184,2364,True
31185,56,False
31186,148,False
31187,57,False
31188,292,False
31189,60,False
31190,1075,False
31191,226,False
31192,63,False
31193,1101,False
31194,1112,False
31195,2434,True
31196,67,False
31197,1115,False
31198,1082,False
31199,69,False
31200,1451,False
31201,27,False
31202,164,False
31203,2453,True
31204,1100,False
31205,167,False
31206,1102,False
31207,1115,False
31208,1104,False
31209,171,False
31210,2495,True
31211,379,False
31212,34,False
31213,1109,False
31214,1110,False
31215,1122,False
31216,1134,False
31217,7,False
31218,2501,True
31219,90,False
31220,10,False
31221,2523,True
31222,1118,False
31223,2525,True
31224,84,False
31225,1476,False
31226,96,False
31227,2546,True
31228,396,False
31229,94,False
31230,334,False
31231,1138,False
31232,2561,True
31233,1484,False
31234,402,False
31235,1131,False
31236,1154,False
31237,1133,False
31238,2581,True
31239,8,False
31240,2584,True
31241,10,False
31242,11,False
31243,2597,True
31244,1151,False
31245,2599,True
31246,2625,True
31247,112,False
31248,1144,False
31249,2640,True
31250,21,False
31251,20,False
31252,56,False
31253,1161,False
31254,15,False
31255,1173,False
31256,1163,False
31257,1153,False
31258,2643,True
31259,221,False
31260,6,False
31261,30,False
31262,19,False
31263,1181,False
31264,50,False
31265,1161,False
31266,23,False
31267,53,False
31268,54,False
31269,2647,True
31270,2661,True
31271,1096,False
31272,440,False
31273,8,False
31274,43,False
31275,140,False
31276,1183,False
31277,1195,False
31278,24,False
31279,2679,True
31280,448,False
31281,50,False
31282,317,False
31283,1179,False
31284,246,False
31285,453,False
31286,2692,True
31287,1195,False
31288,2711,True
31289,2715,True
31290,1113,False
31291,17,False
31292,38,False
31293,77,False
31294,1202,False
31295,2723,True
31296,331,False
31297,23,False
31298,260,False
31299,83,False
31300,2741,True
31301,27,False
31302,28,False
31303,471,False
31304,88,False
31305,89,False
31306,474,False
31307,1225,False
31308,2748,True
31309,2749,True
31310,478,False
31311,2763,True
31312,1208,False
31313,275,False
31314,1222,False
31315,1,False
31316,1234,False
31317,279,False
31318,2774,True
31319,2808,True
31320,282,False
31321,356,False
31322,1218,False
31323,2813,True
31324,9,False
31325,38,False
31326,2815,True
31327,289,False
31328,19,False
31329,14,False
31330,21,False
31331,1249,False
31332,23,False
31333,193,False
31334,2825,True
31335,26,False
31336,298,False
31337,1588,False
31338,300,False
31339,30,False
31340,31,False
31341,1592,False
31342,304,False
31343,305,False
31344,1240,False
31345,30,False
31346,2871,True
31347,2888,True
31348,310,False
31349,1163,False
31350,2915,True
31351,6,False
31352,127,False
31353,1260,False
31354,1261,False
31355,317,False
31356,11,False
31357,2921,True
31358,133,False
31359,321,False
31360,2929,True
31361,2935,True
31362,11,False
31363,325,False
31364,55,False
31365,230,False
31366,401,False
31367,142,False
31368,1619,False
31369,1183,False
31370,145,False
31371,146,False
31372,63,False
31373,2951,True
31374,59,False
31375,1626,False
31376,61,False
31377,1273,False
31378,1274,False
31379,1275,False
31380,342,False
31381,2955,True
31382,1278,False
31383,345,False
31384,2981,True
31385,70,False
31386,1282,False
31387,162,False
31388,2986,True
31389,1307,False
31390,1297,False
31391,218,False
31392,1310,False
31393,78,False
31394,2998,True
31395,86,False
31396,431,False
31397,3004,True
31398,172,False
31399,6,False
31400,1307,False
31401,86,False
31402,1298,False
31403,1309,False
31404,269,False
31405,60,False
31406,91,False
31407,14,False
31408,1304,False
31409,1316,False
31410,101,False
31411,1662,False
31412,1308,False
31413,68,False
31414,99,False
31415,1311,False
31416,3037,True
31417,72,False
31418,188,False
31419,189,False
31420,75,False
31421,1327,False
31422,1329,False
31423,1341,False
31424,1320,False
31425,110,False
31426,3087,True
31427,112,False
31428,35,False
31429,114,False
31430,3097,True
31431,32,False
31432,13,False
31433,1329,False
31434,8,False
31435,1686,False
31436,17,False
31437,1344,False
31438,1344,False
31439,20,False
31440,47,False
31441,3098,True
31442,23,False
31443,1361,False
31444,210,False
31445,26,False
31446,212,False
31447,213,False
31448,3129,True
31449,484,False
31450,57,False
31451,3152,True
31452,1359,False
31453,60,False
31454,489,False
31455,1351,False
31456,141,False
31457,64,False
31458,220,False
31459,3179,True
31460,1367,False
31461,1357,False
31462,1368,False
31463,1369,False
31464,149,False
31465,501,False
31466,3186,True
31467,1374,False
31468,22,False
31469,155,False
31470,1367,False
31471,230,False
31472,3206,True
31473,3254,True
31474,1382,False
31475,1382,False
31476,1373,False
31477,29,False
31478,30,False
31479,62,False
31480,3267,True
31481,64,False
31482,1277,False
31483,66,False
31484,3274,True
31485,241,False
31486,172,False
31487,1406,False
31488,244,False
31489,3283,True
31490,176,False
31491,1743,False
31492,3284,True
31493,249,False
31494,250,False
31495,3307,True
31496,284,False
31497,104,False
31498,1406,False
31499,185,False
31500,1419,False
31501,3314,True
31502,1410,False
31503,1755,False
31504,1401,False
31505,259,False
31506,1,False
31507,3336,True
31508,262,False
31509,263,False
31510,264,False
31511,6,False
31512,266,False
31513,199,False
31514,200,False
31515,3337,True
31516,1423,False
31517,203,False
31518,27,False
31519,15,False
31520,272,False
31521,1312,False
31522,274,False
31523,275,False
31524,276,False
31525,277,False
31526,278,False
31527,1423,False
31528,1779,False
31529,214,False
31530,98,False
31531,3408,True
31532,3419,True
31533,1451,False
31534,28,False
31535,43,False
31536,1787,False
31537,1455,False
31538,3444,True
31539,1435,False
31540,21,False
31541,226,False
31542,50,False
31543,1461,False
31544,3453,True
31545,230,False
31546,7,False
31547,3463,True
31548,42,False
31549,100,False
31550,3471,True
31551,3472,True
31552,298,False
31553,299,False
31554,239,False
31555,106,False
31556,3481,True
31557,3490,True
31558,304,False
31559,244,False
31560,306,False
31561,246,False
31562,11,False
31563,3496,True
31564,3508,True
31565,37,False
31566,1817,False
31567,3509,True
31568,3514,True
31569,3515,True
31570,65,False
31571,66,False
31572,67,False
31573,6,False
31574,3517,True
31575,260,False
31576,3519,True
31577,3552,True
31578,5,False
31579,74,False
31580,7,False
31581,322,False
31582,1478,False
31583,1479,False
31584,17,False
31585,18,False
31586,1482,False
31587,1483,False
31588,1496,False
31589,1497,False
31590,1486,False
31591,1487,False
31592,25,False
31593,334,False
31594,3600,True
31595,90,False
31596,337,False
31597,1505,False
31598,283,False
31599,1379,False
31600,3628,True
31601,34,False
31602,5,False
31603,98,False
31604,3637,True
31605,1501,False
31606,1514,False
31607,102,False
31608,103,False
31609,12,False
31610,1389,False
31611,153,False
31612,164,False
31613,3648,True
31614,299,False
31615,1533,False
31616,3655,True
31617,1513,False
31618,1525,False
31619,1526,False
31620,11,False
31621,1539,False
31622,3658,True
31623,118,False
31624,1532,False
31625,359,False
31626,1533,False
31627,3688,True
31628,123,False
31629,1525,False
31630,1526,False
31631,3690,True
31632,127,False
31633,128,False
31634,3695,True
31635,1553,False
31636,1543,False
31637,368,False
31638,171,False
31639,191,False
31640,371,False
31641,136,False
31642,3697,True
31643,195,False
31644,139,False
31645,140,False
31646,24,False
31647,3699,True
31648,26,False
31649,144,False
31650,27,False
31651,146,False
31652,1548,False
31653,1549,False
31654,31,False
31655,3714,True
31656,341,False
31657,1565,False
31658,187,False
31659,344,False
31660,345,False
31661,3736,True
31662,95,False
31663,8,False
31664,390,False
31665,1561,False
31666,43,False
31667,3737,True
31668,3742,True
31669,3752,True
31670,1566,False
31671,2,False
31672,3,False
31673,37,False
31674,3763,True
31675,8,False
31676,40,False
31677,3775,True
31678,363,False
31679,56,False
31680,13,False
31681,258,False
31682,1578,False
31683,1591,False
31684,1580,False
31685,3786,True
31686,412,False
31687,120,False
31688,1584,False
31689,1607,False
31690,3822,True
31691,24,False
31692,417,False
31693,1589,False
31694,1612,False
31695,3829,True
31696,129,False
31697,1615,False
31698,383,False
31699,3850,True
31700,33,False
31701,1952,False
31702,1620,False
31703,4,False
31704,1462,False
31705,425,False
31706,427,False
31707,391,False
31708,3895,True
31709,201,False
31710,3909,True
31711,11,False
31712,204,False
31713,1629,False
31714,3948,True
31715,219,False
31716,92,False
31717,401,False
31718,1613,False
31719,440,False
31720,83,False
31721,1481,False
31722,298,False
31723,444,False
31724,445,False
31725,1619,False
31726,447,False
31727,90,False
31728,3987,True
31729,1636,False
31730,451,False
31731,63,False
31732,32,False
31733,4002,True
31734,66,False
31735,67,False
31736,4019,True
31737,37,False
31738,101,False
31739,115,False
31740,116,False
31741,4078,True
31742,462,False
31743,427,False
31744,76,False
31745,1651,False
31746,1995,False
31747,465,False
31748,1505,False
31749,467,False
31750,82,False
31751,1508,False
31752,4088,True
31753,86,False
31754,1662,False
31755,1650,False
31756,1651,False
31757,90,False
31758,477,False
31759,1655,False
31760,1656,False
31761,1657,False
31762,4097,True
31763,96,False
31764,4141,True
31765,142,False
31766,1661,False
31767,4161,True
31768,4177,True
31769,454,False
31770,147,False
31771,1678,False
31772,457,False
31773,205,False
31774,1681,False
31775,460,False
31776,208,False
31777,154,False
31778,4207,True
31779,464,False
31780,4210,True
31781,114,False
31782,1689,False
31783,1691,False
31784,4214,True
31785,1680,False
31786,501,False
31787,1694,False
31788,473,False
31789,1697,False
31790,4228,True
31791,4254,True
31792,1700,False
31793,478,False
31794,1702,False
31795,4267,True
31796,4278,True
31797,584,False
31798,291,False
31799,132,False
31800,1696,False
31801,232,False
31802,1709,False
31803,4302,True
31804,1700,False
31805,4322,True
31806,1713,False
31807,492,False
31808,302,False
31809,142,False
31810,495,False
31811,4336,True
31812,19,False
31813,1709,False
31814,520,False
31815,390,False
31816,1724,False
31817,122,False
31818,151,False
31819,1564,False
31820,526,False
31821,506,False
31822,155,False
31823,508,False
31824,4369,True
31825,2075,False
31826,320,False
31827,320,False
31828,534,False
31829,75,False
31830,1738,False
31831,406,False
31832,407,False
31833,4375,True
31834,409,False
31835,42,False
31836,1581,False
31837,522,False
31838,4381,True
31839,524,False
31840,3,False
31841,526,False
31842,5,False
31843,1587,False
31844,549,False
31845,178,False
31846,4385,True
31847,180,False
31848,553,False
31849,154,False
31850,555,False
31851,184,False
31852,557,False
31853,558,False
31854,1749,False
31855,540,False
31856,4387,True
31857,64,False
31858,4403,True
31859,2109,False
31860,4404,True
31861,1757,False
31862,437,False
31863,196,False
31864,197,False
31865,198,False
31866,4432,True
31867,299,False
31868,1612,False
31869,4440,True
31870,555,False
31871,12,False
31872,1780,False
31873,36,False
31874,37,False
31875,450,False
31876,209,False
31877,40,False
31878,1773,False
31879,4489,True
31880,213,False
31881,1776,False
31882,4494,True
31883,587,False
31884,1627,False
31885,1792,False
31886,49,False
31887,4503,True
31888,4516,True
31889,222,False
31890,593,False
31891,1787,False
31892,324,False
31893,1800,False
31894,469,False
31895,598,False
31896,599,False
31897,4557,True
31898,276,False
31899,4567,True
31900,1795,False
31901,604,False
31902,4581,True
31903,236,False
31904,589,False
31905,238,False
31906,5,False
31907,482,False
31908,340,False
31909,4587,True
31910,613,False
31911,596,False
31912,119,False
31913,1821,False
31914,4592,True
31915,490,False
31916,1812,False
31917,124,False
31918,621,False
31919,9,False
31920,19,False
31921,1829,False
31922,607,False
31923,4607,True
31924,1819,False
31925,132,False
31926,4611,True
31927,4638,True
31928,261,False
31929,1825,False
31930,307,False
31931,1827,False
31932,1827,False
31933,635,False
31934,23,False
31935,620,False
31936,4642,True
31937,311,False
31938,623,False
31939,371,False
31940,3,False
31941,1837,False
31942,4656,True
31943,375,False
31944,316,False
31945,1852,False
31946,4668,True
31947,644,False
31948,1856,False
31949,4675,True
31950,4676,True
31951,4685,True
31952,648,False
31953,4722,True
31954,650,False
31955,651,False
31956,1852,False
31957,4726,True
31958,4732,True
31959,1693,False
31960,655,False
31961,656,False
31962,1858,False
31963,4751,True
31964,539,False
31965,540,False
31966,4758,True
31967,4762,True
31968,1875,False
31969,86,False
31970,4767,True
31971,7,False
31972,4790,True
31973,3,False
31974,406,False
31975,1883,False
31976,18,False
31977,10,False
31978,4799,True
31979,1886,False
31980,673,False
31981,1713,False
31982,557,False
31983,16,False
31984,1880,False
31985,7,False
31986,4828,True
31987,680,False
31988,24,False
31989,38,False
31990,26,False
31991,40,False
31992,25,False
31993,4829,True
31994,43,False
31995,1902,False
31996,18,False
31997,4836,True
31998,687,False
31999,4839,True
32000,5,False
32001,4851,True
32002,690,False
32003,1730,False
32004,1912,False
32005,4853,True
32006,28,False
32007,56,False
32008,57,False
32009,695,False
32010,32,False
32011,47,False
32012,48,False
32013,1920,False
32014,700,False
32015,51,False
32016,4854,True
32017,703,False
32018,704,False
32019,136,False
32020,4856,True
32021,4877,True
32022,454,False
32023,4879,True
32024,65,False
32025,1921,False
32026,4880,True
32027,63,False
32028,64,False
32029,1936,False
32030,1925,False
32031,716,False
32032,4893,True
32033,344,False
32034,1929,False
32035,346,False
32036,4900,True
32037,73,False
32038,4911,True
32039,75,False
32040,89,False
32041,4918,True
32042,1949,False
32043,724,False
32044,2,False
32045,3,False
32046,478,False
32047,4921,True
32048,1955,False
32049,354,False
32050,482,False
32051,483,False
32052,10,False
32053,4929,True
32054,1949,False
32055,733,False
32056,1963,False
32057,735,False
32058,736,False
32059,363,False
32060,491,False
32061,1955,False
32062,740,False
32063,741,False
32064,742,False
32065,743,False
32066,4960,True
32067,11,False
32068,12,False
32069,1963,False
32070,27,False
32071,502,False
32072,4982,True
32073,31,False
32074,1980,False
32075,1969,False
32076,34,False
32077,35,False
32078,1973,False
32079,37,False
32080,1986,False
32081,4999,True
32082,115,False
32083,5034,True
32084,1990,False
32085,4,False
32086,30,False
32087,44,False
32088,45,False
32089,761,False
32090,1801,False
32091,48,False
32092,10,False
32093,5063,True
32094,1804,False
32095,5066,True
32096,14,False
32097,54,False
32098,1806,False
32099,768,False
32100,1994,False
32101,58,False
32102,5105,True
32103,678,False
32104,61,False
32105,23,False
32106,63,False
32107,776,False
32108,2014,False
32109,66,False
32110,27,False
32111,68,False
32112,1820,False
32113,543,False
32114,5118,True
32115,2021,False
32116,33,False
32117,5121,True
32118,36,False
32119,75,False
32120,5125,True
32121,551,False
32122,40,False
32123,2016,False
32124,41,False
32125,2032,False
32126,794,False
32127,795,False
32128,5154,True
32129,46,False
32130,798,False
32131,799,False
32132,48,False
32133,801,False
32134,802,False
32135,803,False
32136,53,False
32137,5163,True
32138,806,False
32139,20,False
32140,2033,False
32141,2,False
32142,2035,False
32143,2050,False
32144,2049,False
32145,5194,True
32146,102,False
32147,576,False
32148,103,False
32149,66,False
32150,579,False
32151,2058,False
32152,2057,False
32153,30,False
32154,31,False
32155,5199,True
32156,2048,False
32157,2064,False
32158,5211,True
32159,1862,False
32160,735,False
32161,78,False
32162,2054,False
32163,5227,True
32164,2057,False
32165,5246,True
32166,42,False
32167,831,False
32168,832,False
32169,833,False
32170,834,False
32171,835,False
32172,747,False
32173,2080,False
32174,21,False
32175,291,False
32176,5254,True
32177,24,False
32178,2070,False
32179,1880,False
32180,52,False
32181,2088,False
32182,56,False
32183,612,False
32184,2091,False
32185,5257,True
32186,21,False
32187,59,False
32188,304,False
32189,36,False
32190,137,False
32191,28,False
32192,31,False
32193,622,False
32194,41,False
32195,112,False
32196,853,False
32197,5265,True
32198,2103,False
32199,40,False
32200,41,False
32201,858,False
32202,48,False
32203,5288,True
32204,1,False
32205,5297,True
32206,123,False
32207,2114,False
32208,2453,False
32209,5320,True
32210,785,False
32211,2104,False
32212,2119,False
32213,866,False
32214,5325,True
32215,2122,False
32216,63,False
32217,33,False
32218,135,False
32219,3,False
32220,873,False
32221,68,False
32222,5335,True
32223,876,False
32224,2131,False
32225,878,False
32226,879,False
32227,880,False
32228,18,False
32229,882,False
32230,883,False
32231,78,False
32232,5389,True
32233,2138,False
32234,886,False
32235,887,False
32236,889,False
32237,83,False
32238,100,False
32239,31,False
32240,2146,False
32241,87,False
32242,2148,False
32243,89,False
32244,5404,True
32245,2489,False
32246,107,False
32247,1936,False
32248,898,False
32249,899,False
32250,366,False
32251,1940,False
32252,15,False
32253,1942,False
32254,904,False
32255,171,False
32256,4,False
32257,907,False
32258,5467,True
32259,62,False
32260,910,False
32261,65,False
32262,108,False
32263,5475,True
32264,79,False
32265,2157,False
32266,2158,False
32267,5479,True
32268,31,False
32269,84,False
32270,5496,True
32271,117,False
32272,128,False
32273,2179,False
32274,23,False
32275,5508,True
32276,82,False
32277,925,False
32278,224,False
32279,195,False
32280,196,False
32281,44,False
32282,198,False
32283,5551,True
32284,47,False
32285,5577,True
32286,2192,False
32287,2179,False
32288,5589,True
32289,864,False
32290,2182,False
32291,207,False
32292,5609,True
32293,937,False
32294,5613,True
32295,2187,False
32296,151,False
32297,872,False
32298,2201,False
32299,5614,True
32300,875,False
32301,217,False
32302,945,False
32303,5620,True
32304,124,False
32305,221,False
32306,950,False
32307,131,False
32308,254,False
32309,884,False
32310,226,False
32311,5700,True
32312,169,False
32313,2556,False
32314,5710,True
32315,957,False
32316,8,False
32317,9,False
32318,60,False
32319,5747,True
32320,2223,False
32321,13,False
32322,5,False
32323,3,False
32324,965,False
32325,5,False
32326,6,False
32327,177,False
32328,5766,True
32329,9,False
32330,10,False
32331,23,False
32332,5781,True
32333,273,False
32334,4,False
32335,2578,False
32336,974,False
32337,2242,False
32338,30,False
32339,31,False
32340,2243,False
32341,5788,True
32342,917,False
32343,4,False
32344,5795,True
32345,5797,True
32346,7,False
32347,2590,False
32348,40,False
32349,5800,True
32350,2593,False
32351,12,False
32352,2255,False
32353,5819,True
32354,987,False
32355,295,False
32356,2248,False
32357,61,False
32358,2250,False
32359,2251,False
32360,5,False
32361,936,False
32362,994,False
32363,12,False
32364,13,False
32365,5833,True
32366,5836,True
32367,16,False
32368,2271,False
32369,2,False
32370,310,False
32371,63,False
32372,1003,False
32373,5859,True
32374,2279,False
32375,24,False
32376,2268,False
32377,1008,False
32378,27,False
32379,2049,False
32380,212,False
32381,5892,True
32382,2287,False
32383,32,False
32384,2276,False
32385,325,False
32386,217,False
32387,5906,True
32388,2057,False
32389,225,False
32390,39,False
32391,2296,False
32392,2061,False
32393,1023,False
32394,1024,False
32395,335,False
32396,5985,True
32397,46,False
32398,31,False
32399,1029,False
32400,19,False
32401,6021,True
32402,51,False
32403,36,False
32404,2309,False
32405,6,False
32406,6028,True
32407,2312,False
32408,6046,True
32409,58,False
32410,59,False
32411,60,False
32412,33,False
32413,6056,True
32414,63,False
32415,2307,False
32416,2659,False
32417,50,False
32418,110,False
32419,2662,False
32420,2325,False
32421,6073,True
32422,362,False
32423,1043,False
32424,73,False
32425,2668,False
32426,47,False
32427,2086,False
32428,6090,True
32429,78,False
32430,79,False
32431,6126,True
32432,2090,False
32433,373,False
32434,374,False
32435,2093,False
32436,85,False
32437,377,False
32438,6130,True
32439,88,False
32440,6141,True
32441,90,False
32442,1061,False
32443,2335,False
32444,6181,True
32445,1064,False
32446,75,False
32447,2350,False
32448,2691,False
32449,2354,False
32450,2342,False
32451,2694,False
32452,6189,True
32453,86,False
32454,1071,False
32455,6199,True
32456,15,False
32457,106,False
32458,91,False
32459,2351,False
32460,109,False
32461,6205,True
32462,154,False
32463,3,False
32464,404,False
32465,98,False
32466,6279,True
32467,2121,False
32468,2373,False
32469,9,False
32470,2375,False
32471,6282,True
32472,6328,True
32473,165,False
32474,38,False
32475,2380,False
32476,6342,True
32477,1089,False
32478,2129,False
32479,6348,True
32480,172,False
32481,6359,True
32482,46,False
32483,2386,False
32484,2387,False
32485,6372,True
32486,2138,False
32487,1101,False
32488,1102,False
32489,6389,True
32490,5,False
32491,183,False
32492,1107,False
32493,185,False
32494,11,False
32495,6400,True
32496,6408,True
32497,2740,False
32498,6409,True
32499,14,False
32500,2743,False
32501,24,False
32502,313,False
32503,6464,True
32504,2747,False
32505,6,False
32506,7,False
32507,24,False
32508,25,False
32509,2414,False
32510,6475,True
32511,12,False
32512,2165,False
32513,1127,False
32514,2167,False
32515,2168,False
32516,6492,True
32517,209,False
32518,19,False
32519,6517,True
32520,21,False
32521,1133,False
32522,6522,True
32523,87,False
32524,41,False
32525,42,False
32526,2769,False
32527,44,False
32528,2420,False
32529,1139,False
32530,1140,False
32531,342,False
32532,2424,False
32533,11,True
32534,51,False
32535,346,False
32536,12,True
32537,1147,False
32538,1148,False
32539,1149,False
32540,56,False
32541,20,True
32542,1151,False
32543,28,True
32544,2786,False
32545,61,False
32546,237,False
32547,238,False
32548,1156,False
32549,2451,False
32550,241,False
32551,30,True
32552,1159,False
32553,38,True
32554,77,False
32555,2457,False
32556,1163,False
32557,2461,False
32558,48,True
32559,82,False
32560,6,False
32561,124,False
32562,85,False
32563,20,False
32564,2466,False
32565,81,False
32566,2470,False
32567,55,True
32568,6,False
32569,13,False
32570,9,False
32571,68,True
32572,99,False
32573,7,False
32574,12,False
32575,1177,False
32576,86,True
32577,93,False
32578,113,True
32579,270,False
32580,119,True
32581,108,False
32582,20,False
32583,21,False
32584,2486,False
32585,2489,False
32586,277,False
32587,2478,False
32588,279,False
32589,140,True
32590,175,True
32591,208,True
32592,7,False
32593,212,True
32594,2231,False
32595,1193,False
32596,287,False
32597,11,False
32598,2488,False
32599,13,False
32600,36,False
32601,163,False
32602,293,False
32603,40,False
32604,240,True
32605,2496,False
32606,2508,False
32607,2509,False
32608,46,False
32609,42,False
32610,244,True
32611,44,False
32612,268,True
32613,305,False
32614,53,False
32615,307,False
32616,1208,False
32617,2248,False
32618,269,True
32619,1212,False
32620,9,False
32621,138,False
32622,61,False
32623,289,True
32624,1216,False
32625,2868,False
32626,13,False
32627,16,False
32628,295,True
32629,19,False
32630,20,False
32631,148,False
32632,22,False
32633,150,False
32634,314,True
32635,152,False
32636,447,False
32637,2539,False
32638,1228,False
32639,316,True
32640,451,False
32641,158,False
32642,1232,False
32643,454,False
32644,4,False
32645,346,True
32646,2537,False
32647,37,False
32648,38,False
32649,39,False
32650,40,False
32651,40,False
32652,42,False
32653,378,True
32654,44,False
32655,44,False
32656,173,False
32657,390,True
32658,2560,False
32659,18,False
32660,50,False
32661,2288,False
32662,179,False
32663,398,True
32664,2567,False
32665,2567,False
32666,359,False
32667,14,False
32668,2570,False
32669,59,False
32670,60,False
32671,414,True
32672,1254,False
32673,2294,False
32674,1256,False
32675,65,False
32676,1258,False
32677,1259,False
32678,371,False
32679,2300,False
32680,70,False
32681,198,False
32682,1264,False
32683,376,False
32684,455,True
32685,75,False
32686,2576,False
32687,204,False
32688,2930,False
32689,48,False
32690,16,False
32691,17,False
32692,2582,False
32693,462,True
32694,2584,False
32695,6,False
32696,7,False
32697,29,False
32698,215,False
32699,2318,False
32700,470,True
32701,91,False
32702,219,False
32703,93,False
32704,2594,False
32705,16,False
32706,223,False
32707,18,False
32708,2610,False
32709,484,True
32710,36,False
32711,491,True
32712,4,False
32713,406,False
32714,2604,False
32715,516,True
32716,2606,False
32717,234,False
32718,108,False
32719,109,False
32720,110,False
32721,414,False
32722,48,False
32723,570,True
32724,417,False
32725,571,True
32726,2616,False
32727,3,False
32728,572,True
32729,40,False
32730,16,False
32731,424,False
32732,43,False
32733,584,True
32734,251,False
32735,590,True
32736,2626,False
32737,1316,False
32738,594,True
32739,1,False
32740,550,False
32741,3,False
32742,601,True
32743,69,False
32744,437,False
32745,71,False
32746,8,False
32747,612,True
32748,59,False
32749,220,False
32750,61,False
32751,618,True
32752,63,False
32753,79,False
32754,447,False
32755,316,False
32756,662,True
32757,28,False
32758,451,False
32759,320,False
32760,2663,False
32761,77,False
32762,78,False
32763,2653,False
32764,235,False
32765,236,False
32766,693,True
32767,460,False
32768,1339,False
32769,1340,False
32770,81,False
32771,1342,False
32772,2674,False
32773,84,False
32774,32,False
32775,699,True
32776,337,False
32777,1347,False
32778,36,False
32779,2681,False
32780,1350,False
32781,92,False
32782,1352,False
32783,712,True
32784,477,False
32785,478,False
32786,5,False
32787,725,True
32788,104,False
32789,7,False
32790,483,False
32791,1361,False
32792,263,False
32793,354,False
32794,2696,False
32795,731,True
32796,2,False
32797,734,True
32798,109,False
32799,1369,False
32800,18,False
32801,362,False
32802,21,False
32803,1373,False
32804,23,False
32805,756,True
32806,322,False
32807,25,False
32808,2710,False
32809,2699,False
32810,81,False
32811,69,False
32812,31,False
32813,124,False
32814,85,False
32815,1383,False
32816,1384,False
32817,128,False
32818,2720,False
32819,130,False
32820,336,False
32821,2428,False
32822,41,False
32823,134,False
32824,631,False
32825,136,False
32826,84,False
32827,45,False
32828,1396,False
32829,765,True
32830,146,False
32831,524,False
32832,769,True
32833,52,False
32834,350,False
32835,54,False
32836,529,False
32837,95,False
32838,154,False
32839,532,False
32840,647,False
32841,783,True
32842,153,False
32843,786,True
32844,63,False
32845,538,False
32846,2736,False
32847,158,False
32848,409,False
32849,107,False
32850,166,False
32851,1411,False
32852,163,False
32853,546,False
32854,787,True
32855,793,True
32856,167,False
32857,76,False
32858,169,False
32859,2762,False
32860,819,True
32861,172,False
32862,120,False
32863,174,False
32864,2766,False
32865,2755,False
32866,2756,False
32867,822,True
32868,384,False
32869,863,True
32870,386,False
32871,182,False
32872,5,False
32873,7,False
32874,390,False
32875,867,True
32876,187,False
32877,684,False
32878,571,False
32879,98,False
32880,1439,False
32881,397,False
32882,193,False
32883,576,False
32884,577,False
32885,143,False
32886,105,False
32887,580,False
32888,1447,False
32889,2779,False
32890,406,False
32891,202,False
32892,877,True
32893,881,True
32894,11,False
32895,153,False
32896,2798,False
32897,1456,False
32898,2496,False
32899,1458,False
32900,1459,False
32901,1459,False
32902,213,False
32903,213,False
32904,215,False
32905,122,False
32906,216,False
32907,963,True
32908,125,False
32909,219,False
32910,128,False
32911,129,False
32912,223,False
32913,2508,False
32914,2803,False
32915,608,False
32916,2818,False
32917,2819,False
32918,229,False
32919,2822,False
32920,1011,True
32921,139,False
32922,139,False
32923,2812,False
32924,235,False
32925,143,False
32926,1012,True
32927,1016,True
32928,44,False
32929,1481,False
32930,2832,False
32931,149,False
32932,492,False
32933,1484,False
32934,494,False
32935,13,False
32936,1488,False
32937,630,False
32938,1029,True
32939,499,False
32940,158,False
32941,159,False
32942,159,False
32943,59,False
32944,161,False
32945,460,False
32946,2849,False
32947,8,False
32948,36,False
32949,1031,True
32950,11,False
32951,67,False
32952,30,False
32953,30,False
32954,1496,False
32955,212,False
32956,1042,True
32957,2846,False
32958,473,False
32959,216,False
32960,1058,True
32961,276,False
32962,277,False
32963,41,False
32964,42,False
32965,6,False
32966,659,False
32967,660,False
32968,2857,False
32969,662,False
32970,1059,True
32971,2873,False
32972,487,False
32973,19,False
32974,1122,True
32975,16,False
32976,1126,True
32977,2879,False
32978,785,False
32979,672,False
32980,2883,False
32981,1519,False
32982,28,False
32983,29,False
32984,1140,True
32985,2561,False
32986,501,False
32987,2876,False
32988,104,False
32989,35,False
32990,505,False
32991,1156,True
32992,12,False
32993,508,False
32994,1530,False
32995,41,False
32996,1532,False
32997,1532,False
32998,558,False
32999,512,False
33000,1171,True
33001,2890,False
33002,48,False
33003,80,False
33004,1190,True
33005,1541,False
33006,122,False
33007,1543,False
33008,28,False
33009,1191,True
33010,1546,False
33011,57,False
33012,2901,False
33013,1549,False
33014,60,False
33015,272,False
33016,1203,True
33017,2919,False
33018,64,False
33019,1555,False
33020,1556,False
33021,714,False
33022,1236,True
33023,69,False
33024,717,False
33025,1259,True
33026,1289,True
33027,342,False
33028,74,False
33029,1565,False
33030,1293,True
33031,544,False
33032,1567,False
33033,348,False
33034,1569,False
33035,843,False
33036,294,False
33037,1335,True
33038,85,False
33039,86,False
33040,2930,False
33041,2944,False
33042,556,False
33043,1579,False
33044,91,False
33045,303,False
33046,30,False
33047,1359,True
33048,562,False
33049,2939,False
33050,39,False
33051,14,False
33052,41,False
33053,614,False
33054,2944,False
33055,1591,False
33056,1373,True
33057,1593,False
33058,2948,False
33059,1377,True
33060,1378,True
33061,125,False
33062,576,False
33063,1599,False
33064,1386,True
33065,759,False
33066,760,False
33067,1603,False
33068,1397,True
33069,12,False
33070,1607,False
33071,163,False
33072,587,False
33073,768,False
33074,122,False
33075,1427,True
33076,124,False
33077,55,False
33078,640,False
33079,1,False
33080,128,False
33081,2972,False
33082,174,False
33083,598,False
33084,779,False
33085,1433,True
33086,648,False
33087,70,False
33088,136,False
33089,604,False
33090,2981,False
33091,1435,True
33092,140,False
33093,11,False
33094,2985,False
33095,3000,False
33096,791,False
33097,792,False
33098,1635,False
33099,17,False
33100,1479,True
33101,3005,False
33102,45,False
33103,25,False
33104,2995,False
33105,1506,True
33106,154,False
33107,1644,False
33108,623,False
33109,426,False
33110,86,False
33111,85,False
33112,921,False
33113,161,False
33114,3005,False
33115,1511,True
33116,32,False
33117,434,False
33118,166,False
33119,1656,False
33120,27,False
33121,1512,True
33122,3013,False
33123,3014,False
33124,639,False
33125,819,False
33126,1540,True
33127,18,False
33128,46,False
33129,177,False
33130,178,False
33131,3036,False
33132,180,False
33133,3038,False
33134,828,False
33135,3026,False
33136,54,False
33137,1541,True
33138,45,False
33139,3044,False
33140,3045,False
33141,189,False
33142,85,False
33143,1554,True
33144,192,False
33145,839,False
33146,64,False
33147,38,False
33148,196,False
33149,40,False
33150,665,False
33151,69,False
33152,43,False
33153,71,False
33154,1555,True
33155,46,False
33156,57,False
33157,48,False
33158,76,False
33159,77,False
33160,3051,False
33161,62,False
33162,3066,False
33163,10,False
33164,80,False
33165,56,False
33166,84,False
33167,215,False
33168,1568,True
33169,486,False
33170,88,False
33171,3062,False
33172,90,False
33173,3078,False
33174,1711,False
33175,223,False
33176,224,False
33177,871,False
33178,1715,False
33179,227,False
33180,5,False
33181,229,False
33182,1584,True
33183,1720,False
33184,3089,False
33185,233,False
33186,1723,False
33187,1598,True
33188,236,False
33189,237,False
33190,1606,True
33191,508,False
33192,93,False
33193,707,False
33194,3085,False
33195,243,False
33196,261,False
33197,245,False
33198,712,False
33199,221,False
33200,1671,True
33201,249,False
33202,10,False
33203,225,False
33204,1676,True
33205,6,False
33206,254,False
33207,3098,False
33208,256,False
33209,257,False
33210,258,False
33211,1720,True
33212,726,False
33213,52,False
33214,262,False
33215,1761,True
33216,730,False
33217,56,False
33218,19,False
33219,1027,False
33220,136,False
33221,1775,True
33222,3126,False
33223,1760,False
33224,1785,True
33225,739,False
33226,274,False
33227,544,False
33228,3132,False
33229,68,False
33230,3121,False
33231,37,False
33232,148,False
33233,1770,False
33234,6,False
33235,1792,True
33236,37,False
33237,285,False
33238,28,False
33239,287,False
33240,557,False
33241,13,False
33242,3146,False
33243,1793,True
33244,25,False
33245,804,False
33246,294,False
33247,295,False
33248,270,False
33249,74,False
33250,166,False
33251,299,False
33252,91,False
33253,55,False
33254,55,False
33255,61,False
33256,1810,True
33257,6,False
33258,817,False
33259,31,False
33260,9,False
33261,100,False
33262,776,False
33263,3168,False
33264,312,False
33265,3156,False
33266,18,False
33267,1880,True
33268,69,False
33269,21,False
33270,1807,False
33271,829,False
33272,1914,True
33273,189,False
33274,46,False
33275,1983,True
33276,77,False
33277,325,False
33278,79,False
33279,51,False
33280,81,False
33281,120,False
33282,37,False
33283,3174,False
33284,86,False
33285,57,False
33286,2003,True
33287,43,False
33288,69,False
33289,61,False
33290,338,False
33291,2010,True
33292,94,False
33293,95,False
33294,2011,True
33295,97,False
33296,3187,False
33297,2071,True
33298,812,False
33299,347,False
33300,72,False
33301,349,False
33302,141,False
33303,104,False
33304,352,False
33305,2095,True
33306,108,False
33307,3211,False
33308,79,False
33309,79,False
33310,358,False
33311,14,False
33312,113,False
33313,1,False
33314,2164,True
33315,2196,True
33316,830,False
33317,118,False
33318,832,False
33319,2208,True
33320,3224,False
33321,160,False
33322,370,False
33323,371,False
33324,3228,False
33325,373,False
33326,165,False
33327,375,False
33328,2213,True
33329,3233,False
33330,844,False
33331,2214,True
33332,104,False
33333,105,False
33334,651,False
33335,136,False
33336,137,False
33337,385,False
33338,2221,True
33339,387,False
33340,388,False
33341,2222,True
33342,390,False
33343,391,False
33344,183,False
33345,184,False
33346,147,False
33347,664,False
33348,122,False
33349,174,False
33350,2223,True
33351,152,False
33352,400,False
33353,14,False
33354,3245,False
33355,194,False
33356,134,False
33357,136,False
33358,2237,True
33359,1896,False
33360,137,False
33361,383,False
33362,2254,True
33363,411,False
33364,878,False
33365,3256,False
33366,27,False
33367,3272,False
33368,2260,True
33369,3273,False
33370,2264,True
33371,419,False
33372,1909,False
33373,1910,False
33374,3279,False
33375,2271,True
33376,2281,True
33377,202,False
33378,39,False
33379,204,False
33380,428,False
33381,1918,False
33382,699,False
33383,2284,True
33384,3289,False
33385,3276,False
33386,451,False
33387,188,False
33388,1925,False
33389,16,False
33390,438,False
33391,3296,False
33392,10,False
33393,2285,True
33394,3285,False
33395,2297,True
33396,3300,False
33397,419,False
33398,193,False
33399,1936,False
33400,3291,False
33401,449,False
33402,3293,False
33403,3307,False
33404,12,False
33405,2310,True
33406,204,False
33407,455,False
33408,1945,False
33409,1217,False
33410,18,False
33411,209,False
33412,2313,True
33413,2347,True
33414,462,False
33415,5,False
33416,6,False
33417,7,False
33418,483,False
33419,46,False
33420,2354,True
33421,2356,True
33422,90,False
33423,41,False
33424,231,False
33425,43,False
33426,16,False
33427,475,False
33428,19,False
33429,56,False
33430,2364,True
33431,20,False
33432,236,False
33433,948,False
33434,2406,True
33435,483,False
33436,2410,True
33437,485,False
33438,3,False
33439,29,False
33440,11,False
33441,2427,True
33442,57,False
33443,3348,False
33444,71,False
33445,2437,True
33446,61,False
33447,62,False
33448,496,False
33449,64,False
33450,2440,True
33451,41,False
33452,60,False
33453,770,False
33454,771,False
33455,82,False
33456,3360,False
33457,2444,True
33458,47,False
33459,481,False
33460,2454,True
33461,51,False
33462,51,False
33463,53,False
33464,91,False
33465,55,False
33466,56,False
33467,15,False
33468,2462,True
33469,491,False
33470,518,False
33471,519,False
33472,2524,True
33473,3378,False
33474,522,False
33475,523,False
33476,103,False
33477,24,False
33478,526,False
33479,3383,False
33480,148,False
33481,2570,True
33482,3387,False
33483,3387,False
33484,2601,True
33485,533,False
33486,113,False
33487,2634,True
33488,536,False
33489,537,False
33490,117,False
33491,2652,True
33492,45,False
33493,82,False
33494,3,False
33495,302,False
33496,2659,True
33497,86,False
33498,11,False
33499,88,False
33500,12,False
33501,818,False
33502,2673,True
33503,551,False
33504,13,False
33505,553,False
33506,2727,True
33507,3411,False
33508,135,False
33509,51,False
33510,3415,False
33511,559,False
33512,180,False
33513,22,False
33514,27,False
33515,3419,False
33516,1031,False
33517,3421,False
33518,2788,True
33519,187,False
33520,2795,True
33521,2,False
33522,148,False
33523,2796,True
33524,5,False
33525,3430,False
33526,194,False
33527,3,False
33528,117,False
33529,10,False
33530,198,False
33531,2809,True
33532,1047,False
33533,159,False
33534,202,False
33535,11,False
33536,3441,False
33537,18,False
33538,19,False
33539,587,False
33540,2822,True
33541,130,False
33542,3447,False
33543,860,False
33544,1059,False
33545,134,False
33546,135,False
33547,173,False
33548,29,False
33549,2836,True
33550,1065,False
33551,32,False
33552,354,False
33553,34,False
33554,2843,True
33555,31,False
33556,37,False
33557,3462,False
33558,184,False
33559,35,False
33560,149,False
33561,187,False
33562,3467,False
33563,3467,False
33564,190,False
33565,613,False
33566,2845,True
33567,19,False
33568,236,False
33569,617,False
33570,5,False
33571,52,False
33572,53,False
33573,378,False
33574,163,False
33575,623,False
33576,57,False
33577,2866,True
33578,626,False
33579,60,False
33580,628,False
33581,62,False
33582,63,False
33583,64,False
33584,2882,True
33585,2,False
33586,67,False
33587,392,False
33588,5,False
33589,906,False
33590,71,False
33591,1106,False
33592,73,False
33593,2891,True
33594,2900,True
33595,221,False
33596,913,False
33597,914,False
33598,111,False
33599,80,False
33600,412,False
33601,2904,True
33602,650,False
33603,84,False
33604,230,False
33605,3510,False
33606,654,False
33607,2907,True
33608,89,False
33609,3513,False
33610,2913,True
33611,2,False
33612,3,False
33613,126,False
33614,1129,False
33615,3519,False
33616,2916,True
33617,130,False
33618,53,False
33619,100,False
33620,937,False
33621,102,False
33622,2923,True
33623,40,False
33624,672,False
33625,106,False
33626,7,False
33627,2925,True
33628,217,False
33629,2953,True
33630,678,False
33631,2975,True
33632,113,False
33633,681,False
33634,2979,True
33635,683,False
33636,117,False
33637,1152,False
33638,3543,False
33639,687,False
33640,3545,False
33641,3021,True
33642,123,False
33643,24,False
33644,233,False
33645,693,False
33646,127,False
33647,3059,True
33648,274,False
33649,451,False
33650,967,False
33651,277,False
33652,21,False
33653,3557,False
33654,3086,True
33655,24,False
33656,464,False
33657,3090,True
33658,39,False
33659,140,False
33660,29,False
33661,250,False
33662,43,False
33663,144,False
33664,3094,True
33665,3106,True
33666,147,False
33667,3114,True
33668,294,False
33669,150,False
33670,3124,True
33671,152,False
33672,153,False
33673,3577,False
33674,3578,False
33675,3139,True
33676,157,False
33677,158,False
33678,267,False
33679,7,False
33680,8,False
33681,9,False
33682,730,False
33683,503,False
33684,3165,True
33685,5,False
33686,734,False
33687,276,False
33688,169,False
33689,3188,True
33690,738,False
33691,18,False
33692,1207,False
33693,13,False
33694,21,False
33695,743,False
33696,3201,True
33697,745,False
33698,746,False
33699,747,False
33700,289,False
33701,214,False
33702,3606,False
33703,184,False
33704,1219,False
33705,3238,True
33706,754,False
33707,3241,True
33708,189,False
33709,14,False
33710,3254,True
33711,38,False
33712,301,False
33713,194,False
33714,303,False
33715,46,False
33716,546,False
33717,45,False
33718,766,False
33719,767,False
33720,553,False
33721,202,False
33722,49,False
33723,3626,False
33724,3263,True
33725,1240,False
33726,53,False
33727,55,False
33728,3277,True
33729,2,False
33730,57,False
33731,212,False
33732,213,False
33733,214,False
33734,3283,True
33735,8,False
33736,217,False
33737,3363,True
33738,786,False
33739,220,False
33740,329,False
33741,3365,True
33742,790,False
33743,224,False
33744,3391,True
33745,6,False
33746,335,False
33747,3392,True
33748,15,False
33749,797,False
33750,798,False
33751,232,False
33752,800,False
33753,234,False
33754,235,False
33755,803,False
33756,29,False
33757,238,False
33758,3423,True
33759,240,False
33760,3435,True
33761,242,False
33762,810,False
33763,811,False
33764,3666,False
33765,3445,True
33766,3468,True
33767,40,False
33768,41,False
33769,817,False
33770,24,False
33771,3475,True
33772,45,False
33773,362,False
33774,47,False
33775,34,False
33776,3679,False
33777,3679,False
33778,259,False
33779,827,False
33780,3490,True
33781,262,False
33782,55,False
33783,264,False
33784,265,False
33785,453,False
33786,267,False
33787,268,False
33788,269,False
33789,115,False
33790,18,False
33791,839,False
33792,840,False
33793,3510,True
33794,3518,True
33795,3528,True
33796,69,False
33797,3543,True
33798,3700,False
33799,58,False
33800,59,False
33801,3557,True
33802,283,False
33803,3559,True
33804,285,False
33805,78,False
33806,854,False
33807,855,False
33808,289,False
33809,82,False
33810,83,False
33811,3562,True
33812,134,False
33813,3579,True
33814,3716,False
33815,136,False
33816,16,False
33817,406,False
33818,407,False
33819,300,False
33820,142,False
33821,302,False
33822,3639,True
33823,304,False
33824,413,False
33825,25,False
33826,307,False
33827,308,False
33828,309,False
33829,310,False
33830,3648,True
33831,879,False
33832,313,False
33833,881,False
33834,34,False
33835,106,False
33836,157,False
33837,103,False
33838,3649,True
33839,887,False
33840,1157,False
33841,113,False
33842,3652,True
33843,3662,True
33844,892,False
33845,167,False
33846,3667,True
33847,118,False
33848,329,False
33849,49,False
33850,3669,True
33851,440,False
33852,3681,True
33853,366,False
33854,176,False
33855,336,False
33856,72,False
33857,905,False
33858,906,False
33859,340,False
33860,3699,True
33861,342,False
33862,910,False
33863,1180,False
33864,345,False
33865,81,False
33866,3712,True
33867,348,False
33868,916,False
33869,917,False
33870,3729,True
33871,919,False
33872,1387,False
33873,1190,False
33874,922,False
33875,543,False
33876,357,False
33877,1392,False
33878,3749,True
33879,927,False
33880,548,False
33881,3783,False
33882,204,False
33883,204,False
33884,365,False
33885,3761,True
33886,7,False
33887,8,False
33888,369,False
33889,210,False
33890,3767,True
33891,939,False
33892,214,False
33893,941,False
33894,15,False
33895,484,False
33896,3777,True
33897,3799,False
33898,19,False
33899,20,False
33900,21,False
33901,382,False
33902,383,False
33903,384,False
33904,3789,True
33905,3808,False
33906,387,False
33907,388,False
33908,3811,False
33909,42,False
33910,391,False
33911,392,False
33912,3802,True
33913,502,False
33914,503,False
33915,396,False
33916,3857,True
33917,3858,True
33918,507,False
33919,587,False
33920,401,False
33921,434,False
33922,3861,True
33923,591,False
33924,405,False
33925,247,False
33926,49,False
33927,3865,True
33928,976,False
33929,410,False
33930,3832,False
33931,979,False
33932,3874,True
33933,255,False
33934,982,False
33935,416,False
33936,3879,True
33937,418,False
33938,606,False
33939,1448,False
33940,3842,False
33941,22,False
33942,610,False
33943,3904,True
33944,992,False
33945,426,False
33946,3909,True
33947,428,False
33948,429,False
33949,430,False
33950,272,False
33951,432,False
33952,3936,True
33953,3940,True
33954,435,False
33955,3947,True
33956,545,False
33957,1466,False
33958,254,False
33959,440,False
33960,3951,True
33961,550,False
33962,1279,False
33963,3,False
33964,445,False
33965,554,False
33966,1014,False
33967,448,False
33968,3952,True
33969,9,False
33970,1018,False
33971,1019,False
33972,453,False
33973,13,False
33974,295,False
33975,643,False
33976,298,False
33977,3980,True
33978,1026,False
33979,19,False
33980,3881,False
33981,1490,False
33982,3994,True
33983,1031,False
33984,573,False
33985,306,False
33986,25,False
33987,4008,True
33988,27,False
33989,3890,False
33990,4026,True
33991,472,False
33992,16,False
33993,582,False
33994,18,False
33995,4042,True
33996,35,False
33997,36,False
33998,3900,False
33999,1047,False
34000,481,False
34001,4053,True
34002,483,False
34003,1051,False
34004,43,False
34005,486,False
34006,30,False
34007,1055,False
34008,3910,False
34009,490,False
34010,491,False
34011,332,False
34012,51,False
34013,1330,False
34014,4066,True
34015,3916,False
34016,336,False
34017,56,False
34018,42,False
34019,315,False
34020,59,False
34021,4068,True
34022,1070,False
34023,1071,False
34024,3926,False
34025,64,False
34026,322,False
34027,4079,True
34028,349,False
34029,350,False
34030,69,False
34031,70,False
34032,700,False
34033,72,False
34034,515,False
34035,4091,True
34036,517,False
34037,518,False
34038,4097,True
34039,78,False
34040,79,False
34041,522,False
34042,362,False
34043,1091,False
34044,83,False
34045,1093,False
34046,1555,False
34047,3948,False
34048,529,False
34049,4105,True
34050,370,False
34051,4141,True
34052,373,False
34053,4159,True
34054,535,False
34055,351,False
34056,569,False
34057,96,False
34058,97,False
34059,4190,True
34060,1108,False
34061,1109,False
34062,1110,False
34063,544,False
34064,384,False
34065,546,False
34066,1114,False
34067,4197,True
34068,3970,False
34069,737,False
34070,659,False
34071,660,False
34072,4201,True
34073,1121,False
34074,369,False
34075,114,False
34076,115,False
34077,116,False
34078,373,False
34079,1588,False
34080,3982,False
34081,120,False
34082,1399,False
34083,1131,False
34084,565,False
34085,124,False
34086,407,False
34087,1135,False
34088,4262,True
34089,1598,False
34090,410,False
34091,604,False
34092,573,False
34093,388,False
34094,4271,True
34095,4280,True
34096,391,False
34097,4298,True
34098,11,False
34099,138,False
34100,1148,False
34101,582,False
34102,4342,True
34103,2,False
34104,16,False
34105,586,False
34106,1615,False
34107,1155,False
34108,428,False
34109,404,False
34110,4347,True
34111,3,False
34112,593,False
34113,1161,False
34114,435,False
34115,628,False
34116,13,False
34117,4361,True
34118,10,False
34119,440,False
34120,601,False
34121,442,False
34122,711,False
34123,4,False
34124,1172,False
34125,1634,False
34126,33,False
34127,24,False
34128,4029,False
34129,1177,False
34130,4384,True
34131,27,False
34132,28,False
34133,454,False
34134,30,False
34135,616,False
34136,1645,False
34137,1185,False
34138,4393,True
34139,807,False
34140,4402,True
34141,37,False
34142,437,False
34143,624,False
34144,4414,True
34145,466,False
34146,4431,True
34147,4049,False
34148,45,False
34149,1658,False
34150,46,False
34151,632,False
34152,633,False
34153,4055,False
34154,413,False
34155,1472,False
34156,637,False
34157,4456,True
34158,747,False
34159,59,False
34160,4491,True
34161,642,False
34162,1479,False
34163,4064,False
34164,63,False
34165,646,False
34166,487,False
34167,4499,True
34168,4501,True
34169,650,False
34170,4507,True
34171,4516,True
34172,11,False
34173,4074,False
34174,1491,False
34175,4076,False
34176,4581,True
34177,3,False
34178,1687,False
34179,499,False
34180,19,False
34181,7,False
34182,663,False
34183,10,False
34184,11,False
34185,4677,True
34186,667,False
34187,1504,False
34188,669,False
34189,389,False
34190,779,False
34191,672,False
34192,4094,False
34193,674,False
34194,4704,True
34195,26,False
34196,677,False
34197,25,False
34198,4,False
34199,5,False
34200,28,False
34201,790,False
34202,8,False
34203,4709,True
34204,30,False
34205,11,False
34206,4716,True
34207,38,False
34208,39,False
34209,4719,True
34210,41,False
34211,692,False
34212,1721,False
34213,694,False
34214,45,False
34215,536,False
34216,1725,False
34217,417,False
34218,49,False
34219,50,False
34220,4720,True
34221,1730,False
34222,1539,False
34223,812,False
34224,4722,True
34225,814,False
34226,707,False
34227,4742,True
34228,741,False
34229,13,False
34230,1547,False
34231,6,False
34232,4779,True
34233,8,False
34234,67,False
34235,4781,True
34236,825,False
34237,69,False
34238,1747,False
34239,828,False
34240,721,False
34241,830,False
34242,4801,True
34243,4826,True
34244,725,False
34245,20,False
34246,1563,False
34247,728,False
34248,15,False
34249,730,False
34250,731,False
34251,1568,False
34252,14,False
34253,1570,False
34254,767,False
34255,17,False
34256,4833,True
34257,578,False
34258,579,False
34259,740,False
34260,35,False
34261,4847,True
34262,4878,True
34263,24,False
34264,585,False
34265,8,False
34266,27,False
34267,10,False
34268,11,False
34269,590,False
34270,859,False
34271,592,False
34272,753,False
34273,4946,True
34274,1783,False
34275,50,False
34276,51,False
34277,598,False
34278,867,False
34279,4181,False
34280,12,False
34281,4954,True
34282,603,False
34283,796,False
34284,19,False
34285,1794,False
34286,4967,True
34287,62,False
34288,609,False
34289,23,False
34290,1799,False
34291,34,False
34292,4194,False
34293,4973,True
34294,4978,True
34295,29,False
34296,4197,False
34297,47,False
34298,887,False
34299,780,False
34300,5010,True
34301,890,False
34302,36,False
34303,784,False
34304,5016,True
34305,625,False
34306,81,False
34307,42,False
34308,43,False
34309,71,False
34310,5042,True
34311,46,False
34312,40,False
34313,794,False
34314,89,False
34315,90,False
34316,91,False
34317,79,False
34318,1827,False
34319,94,False
34320,801,False
34321,5056,True
34322,835,False
34323,644,False
34324,837,False
34325,43,False
34326,1835,False
34327,5064,True
34328,917,False
34329,2,False
34330,4231,False
34331,3,False
34332,5127,True
34333,652,False
34334,4235,False
34335,69,False
34336,655,False
34337,5157,True
34338,4,False
34339,5162,True
34340,75,False
34341,822,False
34342,14,False
34343,5170,True
34344,16,False
34345,4247,False
34346,19,False
34347,19,False
34348,84,False
34349,12,False
34350,5193,True
34351,87,False
34352,4253,False
34353,5194,True
34354,89,False
34355,90,False
34356,4256,False
34357,838,False
34358,4259,False
34359,93,False
34360,679,False
34361,842,False
34362,843,False
34363,5198,True
34364,683,False
34365,99,False
34366,5206,True
34367,13,False
34368,41,False
34369,35,False
34370,105,False
34371,105,False
34372,38,False
34373,39,False
34374,20,False
34375,109,False
34376,5219,True
34377,966,False
34378,114,False
34379,698,False
34380,3,False
34381,5,False
34382,5235,True
34383,29,False
34384,4284,False
34385,8,False
34386,3,False
34387,10,False
34388,869,False
34389,3,False
34390,5245,True
34391,37,False
34392,11,False
34393,130,False
34394,875,False
34395,6,False
34396,877,False
34397,134,False
34398,879,False
34399,22,False
34400,136,False
34401,882,False
34402,15,False
34403,5273,True
34404,887,False
34405,5274,True
34406,889,False
34407,5297,True
34408,21,False
34409,14,False
34410,35,False
34411,24,False
34412,25,False
34413,5302,True
34414,53,False
34415,4317,False
34416,29,False
34417,30,False
34418,31,False
34419,31,False
34420,33,False
34421,46,False
34422,937,False
34423,938,False
34424,4327,False
34425,164,False
34426,51,False
34427,40,False
34428,76,False
34429,77,False
34430,88,False
34431,43,False
34432,4334,False
34433,170,False
34434,1753,False
34435,918,False
34436,48,False
34437,920,False
34438,5337,True
34439,922,False
34440,178,False
34441,178,False
34442,925,False
34443,698,False
34444,927,False
34445,184,False
34446,8,False
34447,5344,True
34448,60,False
34449,61,False
34450,4352,False
34451,189,False
34452,935,False
34453,4355,False
34454,66,False
34455,938,False
34456,5353,True
34457,5369,True
34458,197,False
34459,197,False
34460,85,False
34461,86,False
34462,4364,False
34463,5371,True
34464,80,False
34465,13,False
34466,949,False
34467,79,False
34468,951,False
34469,984,False
34470,5393,True
34471,954,False
34472,987,False
34473,98,False
34474,7,False
34475,100,False
34476,111,False
34477,5397,True
34478,90,False
34479,27,False
34480,963,False
34481,93,False
34482,130,False
34483,95,False
34484,96,False
34485,5407,True
34486,111,False
34487,1806,False
34488,971,False
34489,114,False
34490,973,False
34491,974,False
34492,5417,True
34493,54,False
34494,5435,True
34495,143,False
34496,7,False
34497,45,False
34498,4400,False
34499,10,False
34500,150,False
34501,126,False
34502,5448,True
34503,36,False
34504,5449,True
34505,38,False
34506,989,False
34507,55,False
34508,133,False
34509,134,False
34510,5452,True
34511,159,False
34512,995,False
34513,5474,True
34514,139,False
34515,998,False
34516,141,False
34517,165,False
34518,143,False
34519,5477,True
34520,1839,False
34521,168,False
34522,70,False
34523,4425,False
34524,5479,True
34525,25,False
34526,5497,True
34527,1010,False
34528,1011,False
34529,1012,False
34530,178,False
34531,5541,True
34532,9,False
34533,159,False
34534,1018,False
34535,5552,True
34536,1052,False
34537,1053,False
34538,1054,False
34539,17,False
34540,5565,True
34541,1057,False
34542,12,False
34543,189,False
34544,789,False
34545,1029,False
34546,4,False
34547,173,False
34548,1032,False
34549,175,False
34550,194,False
34551,1035,False
34552,5572,True
34553,179,False
34554,180,False
34555,5573,True
34556,182,False
34557,35,False
34558,59,False
34559,29,False
34560,187,False
34561,18,False
34562,5576,True
34563,113,False
34564,21,False
34565,202,False
34566,1887,False
34567,194,False
34568,813,False
34569,5610,True
34570,29,False
34571,217,False
34572,43,False
34573,30,False
34574,33,False
34575,5641,True
34576,126,False
34577,822,False
34578,224,False
34579,36,False
34580,130,False
34581,5643,True
34582,61,False
34583,12,False
34584,5647,True
34585,25,False
34586,1063,False
34587,232,False
34588,215,False
34589,233,False
34590,5694,True
34591,141,False
34592,29,False
34593,77,False
34594,144,False
34595,52,False
34596,223,False
34597,1114,False
34598,5698,True
34599,226,False
34600,98,False
34601,228,False
34602,59,False
34603,43,False
34604,1121,False
34605,232,False
34606,108,False
34607,5731,True
34608,235,False
34609,68,False
34610,30,False
34611,18,False
34612,3,False
34613,5765,True
34614,241,False
34615,242,False
34616,258,False
34617,8,False
34618,77,False
34619,5788,True
34620,5807,True
34621,43,False
34622,5820,True
34623,15,False
34624,5821,True
34625,253,False
34626,1144,False
34627,1145,False
34628,1146,False
34629,8,False
34630,5830,True
34631,182,False
34632,5842,True
34633,261,False
34634,5843,True
34635,28,False
34636,5900,True
34637,5916,True
34638,24,False
34639,1157,False
34640,5934,True
34641,101,False
34642,270,False
34643,1965,False
34644,7,False
34645,281,False
34646,2,False
34647,5960,True
34648,5963,True
34649,12,False
34650,110,False
34651,111,False
34652,287,False
34653,6009,True
34654,282,False
34655,4,False
34656,1174,False
34657,13,False
34658,21,False
34659,15,False
34660,23,False
34661,6019,True
34662,12,False
34663,1985,False
34664,6034,True
34665,15,False
34666,294,False
34667,1185,False
34668,296,False
34669,19,False
34670,6054,True
34671,299,False
34672,6056,True
34673,16,False
34674,302,False
34675,6073,True
34676,26,False
34677,6104,True
34678,28,False
34679,11,False
34680,308,False
34681,309,False
34682,25,False
34683,182,False
34684,6123,True
34685,6139,True
34686,6144,True
34687,30,False
34688,31,False
34689,45,False
34690,12,False
34691,34,False
34692,10,False
34693,312,False
34694,2016,False
34695,13,False
34696,18,False
34697,6154,True
34698,41,False
34699,286,False
34700,6,False
34701,6164,True
34702,24,False
34703,21,False
34704,27,False
34705,61,False
34706,17,False
34707,18,False
34708,168,False
34709,52,False
34710,4,False
34711,33,False
34712,34,False
34713,341,False
34714,36,False
34715,6167,True
34716,1234,False
34717,73,False
34718,40,False
34719,6196,True
34720,6225,True
34721,43,False
34722,78,False
34723,45,False
34724,67,False
34725,146,False
34726,186,False
34727,49,False
34728,6236,True
34729,367,False
34730,48,False
34731,318,False
34732,6241,True
34733,372,False
34734,6247,True
34735,58,False
34736,80,False
34737,1,False
34738,6300,True
34739,200,False
34740,44,False
34741,6308,True
34742,65,False
34743,7,False
34744,68,False
34745,68,False
34746,69,False
34747,70,False
34748,6336,True
34749,7,False
34750,1269,False
34751,6343,True
34752,6350,True
34753,6390,True
34754,22,False
34755,6398,True
34756,6406,True
34757,218,False
34758,3,False
34759,347,False
34760,83,False
34761,6441,True
34762,7,False
34763,86,False
34764,83,False
34765,1284,False
34766,24,False
34767,369,False
34768,6447,True
34769,92,False
34770,15,False
34771,94,False
34772,95,False
34773,18,False
34774,1293,False
34775,2098,False
34776,237,False
34777,18,False
34778,101,False
34779,24,False
34780,103,False
34781,369,False
34782,23,False
34783,26,False
34784,6519,True
34785,28,False
34786,6547,True
34787,375,False
34788,383,False
34789,377,False
34790,212,False
34791,36,False
34792,50,False
34793,38,False
34794,382,False
34795,1,False
34796,119,False
34797,55,False
34798,4,False
34799,387,False
34800,118,False
34801,44,False
34802,106,False
34803,391,False
34804,22,True
34805,123,False
34806,51,False
34807,2130,False
34808,39,True
34809,21,False
34810,271,False
34811,399,False
34812,97,True
34813,136,True
34814,57,False
34815,132,False
34816,139,False
34817,140,False
34818,406,False
34819,165,True
34820,17,False
34821,64,False
34822,174,True
34823,20,False
34824,183,True
34825,7,False
34826,287,False
34827,415,False
34828,10,False
34829,152,False
34830,2153,False
34831,253,False
34832,332,False
34833,195,True
34834,157,False
34835,416,False
34836,206,True
34837,95,False
34838,83,False
34839,84,False
34840,98,False
34841,164,False
34842,85,False
34843,166,False
34844,209,True
34845,433,False
34846,89,False
34847,4,False
34848,106,False
34849,213,True
34850,173,False
34851,3,False
34852,95,False
34853,89,False
34854,177,False
34855,98,False
34856,13,False
34857,2,False
34858,446,False
34859,254,True
34860,2,False
34861,3,False
34862,185,False
34863,260,True
34864,168,False
34865,2188,False
34866,170,False
34867,268,True
34868,7,False
34869,457,False
34870,458,False
34871,194,False
34872,17,False
34873,373,False
34874,462,False
34875,198,False
34876,199,False
34877,303,True
34878,182,False
34879,328,True
34880,345,True
34881,23,False
34882,348,True
34883,28,False
34884,2,False
34885,208,False
34886,474,False
34887,27,False
34888,28,False
34889,312,False
34890,30,False
34891,355,True
34892,216,False
34893,197,False
34894,34,False
34895,9,False
34896,15,False
34897,221,False
34898,357,True
34899,18,False
34900,40,False
34901,1421,False
34902,367,True
34903,326,False
34904,50,False
34905,393,True
34906,46,False
34907,2231,False
34908,497,False
34909,399,True
34910,234,False
34911,471,False
34912,236,False
34913,53,False
34914,503,False
34915,412,True
34916,714,False
34917,36,False
34918,1,False
34919,478,False
34920,431,True
34921,510,False
34922,62,False
34923,482,False
34924,248,False
34925,442,True
34926,443,True
34927,3,False
34928,486,True
34929,4,False
34930,519,False
34931,235,False
34932,730,False
34933,496,True
34934,523,False
34935,358,False
34936,525,False
34937,13,False
34938,524,True
34939,8,False
34940,25,False
34941,496,False
34942,533,True
34943,247,False
34944,84,False
34945,269,False
34946,571,True
34947,604,True
34948,31,False
34949,606,True
34950,33,False
34951,614,True
34952,619,True
34953,542,False
34954,37,False
34955,2,False
34956,102,False
34957,622,True
34958,381,False
34959,757,False
34960,100,False
34961,30,False
34962,551,False
34963,46,False
34964,47,False
34965,653,True
34966,555,False
34967,107,False
34968,391,False
34969,273,False
34970,53,False
34971,560,False
34972,2296,False
34973,691,True
34974,57,False
34975,692,True
34976,59,False
34977,46,False
34978,726,True
34979,8,False
34980,33,False
34981,64,False
34982,65,False
34983,66,False
34984,783,True
34985,38,False
34986,8,False
34987,291,False
34988,803,True
34989,72,False
34990,413,False
34991,414,False
34992,808,True
34993,830,True
34994,417,False
34995,78,False
34996,850,True
34997,44,False
34998,867,True
34999,2323,False
35000,53,False
35001,70,False
35002,891,True
35003,149,False
35004,16,False
35005,17,False
35006,152,False
35007,948,True
35008,13,False
35009,432,False
35010,433,False
35011,965,True
35012,159,False
35013,603,False
35014,84,False
35015,4,False
35016,5,False
35017,164,False
35018,1042,True
35019,67,False
35020,9,False
35021,91,False
35022,446,False
35023,36,False
35024,30,False
35025,1043,True
35026,1072,True
35027,174,False
35028,76,False
35029,619,False
35030,36,False
35031,1082,True
35032,1102,True
35033,623,False
35034,624,False
35035,83,False
35036,1234,True
35037,627,False
35038,1241,True
35039,1254,True
35040,10,False
35041,840,False
35042,347,False
35043,113,False
35044,1260,True
35045,469,False
35046,1270,True
35047,60,False
35048,1277,True
35049,119,False
35050,849,False
35051,57,False
35052,22,False
35053,1278,True
35054,124,False
35055,645,False
35056,126,False
35057,104,False
35058,28,False
35059,206,False
35060,1294,True
35061,208,False
35062,32,False
35063,1319,True
35064,2389,False
35065,489,False
35066,1326,True
35067,80,False
35068,1342,True
35069,216,False
35070,40,False
35071,3,False
35072,119,False
35073,120,False
35074,44,False
35075,222,False
35076,1356,True
35077,47,False
35078,27,False
35079,11,False
35080,50,False
35081,1358,True
35082,229,False
35083,8,False
35084,1377,True
35085,2409,False
35086,676,False
35087,1413,True
35088,58,False
35089,14,False
35090,159,False
35091,1430,True
35092,17,False
35093,240,False
35094,1437,True
35095,685,False
35096,400,False
35097,67,False
35098,8,False
35099,24,False
35100,70,False
35101,405,False
35102,249,False
35103,28,False
35104,1492,True
35105,75,False
35106,1503,True
35107,697,False
35108,6,False
35109,1517,True
35110,414,False
35111,910,False
35112,1543,True
35113,260,False
35114,704,False
35115,2,False
35116,3,False
35117,4,False
35118,3,False
35119,6,False
35120,45,False
35121,1559,True
35122,2446,False
35123,48,False
35124,49,False
35125,1583,True
35126,272,False
35127,3,False
35128,1590,True
35129,719,False
35130,2454,False
35131,721,False
35132,278,False
35133,10,False
35134,67,False
35135,11,False
35136,69,False
35137,1618,True
35138,728,False
35139,72,False
35140,186,False
35141,731,False
35142,941,False
35143,20,False
35144,1631,True
35145,1663,True
35146,22,False
35147,294,False
35148,25,False
35149,162,False
35150,196,False
35151,27,False
35152,742,False
35153,577,False
35154,31,False
35155,1731,True
35156,33,False
35157,34,False
35158,1782,True
35159,1792,True
35160,1800,True
35161,38,False
35162,175,False
35163,209,False
35164,2488,False
35165,2,False
35166,5,False
35167,213,False
35168,1805,True
35169,5,False
35170,6,False
35171,595,False
35172,9,False
35173,10,False
35174,1812,True
35175,11,False
35176,12,False
35177,1835,True
35178,482,False
35179,326,False
35180,979,False
35181,2,False
35182,328,False
35183,229,False
35184,1857,True
35185,2509,False
35186,22,False
35187,1916,True
35188,334,False
35189,988,False
35190,1957,True
35191,237,False
35192,339,False
35193,783,False
35194,31,False
35195,2036,True
35196,8,False
35197,344,False
35198,211,False
35199,27,False
35200,2082,True
35201,791,False
35202,791,False
35203,2102,True
35204,793,False
35205,251,False
35206,6,False
35207,44,False
35208,8,False
35209,27,False
35210,46,False
35211,47,False
35212,12,False
35213,517,False
35214,38,False
35215,361,False
35216,40,False
35217,9,False
35218,18,False
35219,365,False
35220,44,False
35221,367,False
35222,646,False
35223,23,False
35224,24,False
35225,43,False
35226,18,False
35227,63,False
35228,64,False
35229,47,False
35230,22,False
35231,49,False
35232,68,False
35233,25,False
35234,280,False
35235,71,False
35236,72,False
35237,250,False
35238,4,False
35239,252,False
35240,77,False
35241,7,False
35242,546,False
35243,80,False
35244,81,False
35245,11,False
35246,46,False
35247,260,False
35248,86,False
35249,396,False
35250,17,False
35251,18,False
35252,400,False
35253,54,False
35254,396,False
35255,22,False
35256,57,False
35257,271,False
35258,33,False
35259,52,False
35260,565,False
35261,99,False
35262,409,False
35263,30,False
35264,65,False
35265,570,False
35266,33,False
35267,60,False
35268,35,False
35269,316,False
35270,37,False
35271,419,False
35272,419,False
35273,420,False
35274,112,False
35275,50,False
35276,47,False
35277,35,False
35278,45,False
35279,421,False
35280,2605,False
35281,1,False
35282,40,False
35283,50,False
35284,122,False
35285,432,False
35286,300,False
35287,80,False
35288,126,False
35289,128,False
35290,1090,False
35291,58,False
35292,50,False
35293,1093,False
35294,132,False
35295,88,False
35296,67,False
35297,344,False
35298,56,False
35299,57,False
35300,75,False
35301,59,False
35302,69,False
35303,61,False
35304,6,False
35305,76,False
35306,73,False
35307,100,False
35308,355,False
35309,67,False
35310,15,False
35311,78,False
35312,79,False
35313,11,False
35314,16,False
35315,463,False
35316,18,False
35317,75,False
35318,85,False
35319,86,False
35320,468,False
35321,468,False
35322,80,False
35323,21,False
35324,91,False
35325,100,False
35326,474,False
35327,29,False
35328,20,False
35329,21,False
35330,477,False
35331,89,False
35332,99,False
35333,100,False
35334,101,False
35335,37,False
35336,38,False
35337,629,False
35338,113,False
35339,106,False
35340,487,False
35341,43,False
35342,109,False
35343,110,False
35344,636,False
35345,120,False
35346,360,False
35347,114,False
35348,115,False
35349,51,False
35350,108,False
35351,118,False
35352,3,False
35353,120,False
35354,502,False
35355,122,False
35356,194,False
35357,150,False
35358,2,False
35359,506,False
35360,127,False
35361,408,False
35362,654,False
35363,10,False
35364,378,False
35365,203,False
35366,1166,False
35367,134,False
35368,12,False
35369,13,False
35370,17,False
35371,418,False
35372,139,False
35373,140,False
35374,167,False
35375,22,False
35376,143,False
35377,24,False
35378,1178,False
35379,172,False
35380,147,False
35381,148,False
35382,29,False
35383,397,False
35384,31,False
35385,29,False
35386,33,False
35387,34,False
35388,35,False
35389,1189,False
35390,157,False
35391,438,False
35392,159,False
35393,186,False
35394,161,False
35395,162,False
35396,40,False
35397,1197,False
35398,1198,False
35399,237,False
35400,7,False
35401,549,False
35402,195,False
35403,47,False
35404,171,False
35405,49,False
35406,244,False
35407,174,False
35408,556,False
35409,180,False
35410,54,False
35411,204,False
35412,4,False
35413,37,False
35414,181,False
35415,208,False
35416,60,False
35417,24,False
35418,25,False
35419,11,False
35420,25,False
35421,1221,False
35422,1222,False
35423,190,False
35424,706,False
35425,572,False
35426,18,False
35427,19,False
35428,20,False
35429,196,False
35430,477,False
35431,4,False
35432,1232,False
35433,77,False
35434,78,False
35435,42,False
35436,203,False
35437,204,False
35438,205,False
35439,83,False
35440,32,False
35441,589,False
35442,59,False
35443,15,False
35444,591,False
35445,6,False
35446,90,False
35447,594,False
35448,495,False
35449,21,False
35450,1250,False
35451,218,False
35452,96,False
35453,735,False
35454,736,False
35455,222,False
35456,17,False
35457,18,False
35458,19,False
35459,226,False
35460,10,False
35461,105,False
35462,233,False
35463,24,False
35464,231,False
35465,747,False
35466,16,False
35467,238,False
35468,239,False
35469,19,False
35470,20,False
35471,753,False
35472,11,False
35473,19,False
35474,91,False
35475,242,False
35476,120,False
35477,5,False
35478,122,False
35479,18,False
35480,247,False
35481,248,False
35482,32,False
35483,56,False
35484,23,False
35485,25,False
35486,768,False
35487,131,False
35488,13,False
35489,17,False
35490,8,False
35491,9,False
35492,259,False
35493,54,False
35494,8,False
35495,542,False
35496,21,False
35497,140,False
35498,37,False
35499,142,False
35500,13,False
35501,14,False
35502,19,False
35503,8,False
35504,147,False
35505,22,False
35506,66,False
35507,24,False
35508,113,False
35509,656,False
35510,656,False
35511,13,True
35512,278,False
35513,40,False
35514,74,False
35515,3,False
35516,21,False
35517,664,False
35518,162,False
35519,80,True
35520,47,False
35521,46,False
35522,39,False
35523,167,False
35524,41,False
35525,572,False
35526,65,False
35527,81,True
35528,33,False
35529,810,False
35530,173,False
35531,812,False
35532,137,False
35533,814,False
35534,94,False
35535,682,False
35536,302,False
35537,180,False
35538,65,False
35539,41,False
35540,100,False
35541,101,False
35542,59,False
35543,134,False
35544,591,False
35545,49,False
35546,312,False
35547,190,False
35548,52,False
35549,315,False
35550,67,False
35551,127,False
35552,56,False
35553,196,False
35554,183,False
35555,321,False
35556,164,False
35557,61,False
35558,324,False
35559,72,False
35560,64,False
35561,86,False
35562,214,True
35563,245,True
35564,330,False
35565,125,False
35566,91,False
35567,211,False
35568,294,True
35569,73,False
35570,716,False
35571,337,False
35572,97,False
35573,339,True
35574,217,False
35575,100,False
35576,219,False
35577,220,False
35578,307,False
35579,104,False
35580,311,False
35581,186,False
35582,348,False
35583,96,False
35584,144,False
35585,98,False
35586,633,False
35587,232,False
35588,354,False
35589,355,False
35590,327,False
35591,737,False
35592,96,False
35593,855,False
35594,238,False
35595,354,True
35596,362,False
35597,363,False
35598,111,False
35599,365,True
35600,244,False
35601,360,False
35602,163,False
35603,866,False
35604,371,False
35605,250,False
35606,74,False
35607,112,False
35608,364,False
35609,2,False
35610,3,False
35611,759,False
35612,371,True
35613,139,False
35614,7,False
35615,387,False
35616,389,True
35617,384,False
35618,227,False
35619,766,False
35620,387,False
35621,227,False
35622,25,False
35623,416,True
35624,391,False
35625,28,False
35626,19,False
35627,394,False
35628,96,False
35629,401,False
35630,778,False
35631,430,True
35632,895,False
35633,26,False
35634,160,False
35635,38,False
35636,29,False
35637,31,False
35638,42,False
35639,407,False
35640,460,True
35641,415,False
35642,36,False
35643,414,False
35644,420,False
35645,796,False
35646,53,False
35647,152,False
35648,55,False
35649,57,False
35650,45,False
35651,471,True
35652,803,False
35653,29,False
35654,61,False
35655,163,False
35656,32,False
35657,473,True
35658,434,False
35659,224,False
35660,67,False
35661,68,False
35662,2,False
35663,434,False
35664,14,False
35665,488,True
35666,75,False
35667,438,False
35668,18,False
35669,820,False
35670,178,False
35671,21,False
35672,282,False
35673,203,False
35674,50,False
35675,530,True
35676,26,False
35677,448,False
35678,76,False
35679,450,False
35680,732,False
35681,452,False
35682,190,False
35683,33,False
35684,192,False
35685,461,False
35686,251,False
35687,37,False
35688,298,False
35689,550,True
35690,198,False
35691,98,False
35692,580,True
35693,464,False
35694,465,False
35695,35,False
35696,46,False
35697,47,False
35698,48,False
35699,470,False
35700,98,False
35701,99,False
35702,588,True
35703,211,False
35704,212,False
35705,103,False
35706,46,False
35707,47,False
35708,106,False
35709,319,False
35710,60,False
35711,763,False
35712,764,False
35713,601,True
35714,222,False
35715,280,False
35716,487,False
35717,282,False
35718,770,False
35719,604,True
35720,127,False
35721,643,True
35722,873,False
35723,130,False
35724,655,True
35725,123,False
35726,497,False
35727,727,True
35728,68,False
35729,294,False
35730,70,False
35731,71,False
35732,297,False
35733,73,False
35734,299,False
35735,754,True
35736,888,False
35737,11,False
35738,78,False
35739,13,False
35740,147,False
35741,756,True
35742,82,False
35743,895,False
35744,759,True
35745,275,False
35746,32,False
35747,1,False
35748,22,False
35749,900,False
35750,90,False
35751,775,True
35752,92,False
35753,780,True
35754,40,False
35755,785,True
35756,908,False
35757,908,False
35758,810,False
35759,535,False
35760,369,False
35761,168,False
35762,37,False
35763,170,False
35764,915,False
35765,916,False
35766,542,False
35767,803,True
35768,1014,False
35769,1015,False
35770,829,True
35771,46,False
35772,112,False
35773,841,True
35774,181,False
35775,62,False
35776,929,False
35777,118,False
35778,843,True
35779,120,False
35780,7,False
35781,57,False
35782,559,False
35783,935,False
35784,859,True
35785,61,False
35786,123,False
35787,9,False
35788,862,True
35789,16,False
35790,45,False
35791,911,True
35792,845,False
35793,69,False
35794,948,False
35795,16,False
35796,24,False
35797,1045,False
35798,49,False
35799,27,False
35800,916,True
35801,29,False
35802,58,False
35803,1051,False
35804,32,False
35805,147,False
35806,34,False
35807,946,True
35808,31,False
35809,1057,False
35810,152,False
35811,9,False
35812,966,False
35813,92,False
35814,953,True
35815,157,False
35816,95,False
35817,984,True
35818,46,False
35819,987,True
35820,99,False
35821,875,False
35822,990,True
35823,431,False
35824,432,False
35825,104,False
35826,880,False
35827,55,False
35828,1081,True
35829,883,False
35830,58,False
35831,59,False
35832,886,False
35833,113,False
35834,442,False
35835,10,False
35836,1097,True
35837,12,False
35838,67,False
35839,1107,True
35840,28,False
35841,16,False
35842,122,False
35843,451,False
35844,73,False
35845,1117,True
35846,189,False
35847,76,False
35848,77,False
35849,129,False
35850,458,False
35851,1138,True
35852,109,False
35853,1147,True
35854,29,False
35855,30,False
35856,31,False
35857,636,False
35858,87,False
35859,1156,True
35860,1169,True
35861,150,False
35862,205,False
35863,6,False
35864,22,False
35865,1255,True
35866,95,False
35867,1022,False
35868,1280,True
35869,98,False
35870,282,False
35871,12,False
35872,1027,False
35873,102,False
35874,1029,False
35875,149,False
35876,1320,True
35877,932,False
35878,107,False
35879,108,False
35880,1343,True
35881,155,False
35882,294,False
35883,938,False
35884,83,False
35885,1039,False
35886,27,False
35887,116,False
35888,1411,True
35889,1043,False
35890,164,False
35891,120,False
35892,27,False
35893,28,False
35894,1453,True
35895,124,False
35896,1462,True
35897,126,False
35898,187,False
35899,32,False
35900,1055,False
35901,130,False
35902,176,False
35903,958,False
35904,1469,True
35905,46,False
35906,180,False
35907,48,False
35908,1063,False
35909,183,False
35910,4,False
35911,140,False
35912,45,False
35913,142,False
35914,55,False
35915,144,False
35916,1494,True
35917,11,False
35918,147,False
35919,1495,True
35920,119,False
35921,54,False
35922,1076,False
35923,1500,True
35924,65,False
35925,154,False
35926,200,False
35927,69,False
35928,202,False
35929,1084,False
35930,1536,True
35931,343,False
35932,1537,True
35933,207,False
35934,163,False
35935,164,False
35936,1561,True
35937,78,False
35938,1584,True
35939,168,False
35940,352,False
35941,82,False
35942,1601,True
35943,172,False
35944,24,False
35945,78,False
35946,1633,True
35947,726,False
35948,177,False
35949,223,False
35950,362,False
35951,2,False
35952,1652,True
35953,1663,True
35954,2,False
35955,184,False
35956,4,False
35957,1112,False
35958,99,False
35959,1666,True
35960,1684,True
35961,9,False
35962,10,False
35963,11,False
35964,253,False
35965,3,False
35966,4,False
35967,1685,True
35968,168,False
35969,49,False
35970,18,False
35971,19,False
35972,40,False
35973,21,False
35974,42,False
35975,175,False
35976,205,False
35977,1714,True
35978,1726,True
35979,208,False
35980,18,False
35981,29,False
35982,239,False
35983,212,False
35984,52,False
35985,242,False
35986,1774,True
35987,35,False
35988,217,False
35989,63,False
35990,1144,False
35991,220,False
35992,42,False
35993,33,False
35994,11,False
35995,226,False
35996,34,False
35997,228,False
35998,1790,True
35999,290,False
36000,50,False
36001,18,False
36002,416,False
36003,234,False
36004,44,False
36005,2,False
36006,1798,True
36007,209,False
36008,48,False
36009,6,False
36010,27,False
36011,28,False
36012,62,False
36013,1819,True
36014,1170,False
36015,246,False
36016,33,False
36017,1829,True
36018,432,False
36019,59,False
36020,434,False
36021,252,False
36022,98,False
36023,73,False
36024,1873,True
36025,1905,True
36026,807,False
36027,1920,True
36028,259,False
36029,79,False
36030,1928,True
36031,1960,True
36032,263,False
36033,264,False
36034,84,False
36035,2,False
36036,53,False
36037,1968,True
36038,88,False
36039,89,False
36040,90,False
36041,272,False
36042,456,False
36043,274,False
36044,179,False
36045,62,False
36046,1976,True
36047,278,False
36048,1980,True
36049,184,False
36050,1984,True
36051,282,False
36052,91,False
36053,284,False
36054,285,False
36055,105,False
36056,1991,True
36057,1998,True
36058,289,False
36059,109,False
36060,2,False
36061,292,False
36062,293,False
36063,101,False
36064,295,False
36065,296,False
36066,297,False
36067,105,False
36068,2007,True
36069,86,False
36070,120,False
36071,302,False
36072,2008,True
36073,1230,False
36074,124,False
36075,42,False
36076,114,False
36077,336,False
36078,337,False
36079,2036,True
36080,311,False
36081,4,False
36082,863,False
36083,121,False
36084,2048,True
36085,866,False
36086,136,False
36087,104,False
36088,2064,True
36089,106,False
36090,349,False
36091,108,False
36092,2079,True
36093,228,False
36094,61,False
36095,145,False
36096,327,False
36097,115,False
36098,3,False
36099,24,False
36100,43,False
36101,26,False
36102,153,False
36103,8,False
36104,519,False
36105,144,False
36106,338,False
36107,2127,True
36108,244,False
36109,1267,False
36110,35,False
36111,162,False
36112,2128,True
36113,152,False
36114,2152,True
36115,2155,True
36116,155,False
36117,349,False
36118,350,False
36119,351,False
36120,352,False
36121,536,False
36122,2157,True
36123,383,False
36124,11,False
36125,163,False
36126,358,False
36127,359,False
36128,167,False
36129,147,False
36130,1288,False
36131,29,False
36132,364,False
36133,393,False
36134,152,False
36135,2166,True
36136,368,False
36137,24,False
36138,2185,True
36139,11,False
36140,372,False
36141,13,False
36142,14,False
36143,19,False
36144,10,False
36145,377,False
36146,2189,True
36147,283,False
36148,563,False
36149,381,False
36150,382,False
36151,189,False
36152,929,False
36153,2194,True
36154,931,False
36155,415,False
36156,1313,False
36157,389,False
36158,24,False
36159,197,False
36160,1318,False
36161,33,False
36162,2220,True
36163,15,False
36164,202,False
36165,397,False
36166,18,False
36167,399,False
36168,34,False
36169,35,False
36170,402,False
36171,586,False
36172,2287,True
36173,309,False
36174,44,False
36175,41,False
36176,42,False
36177,409,False
36178,410,False
36179,77,False
36180,46,False
36181,68,False
36182,38,False
36183,2393,True
36184,71,False
36185,962,False
36186,56,False
36187,57,False
36188,86,False
36189,2399,True
36190,42,False
36191,7,True
36192,607,False
36193,232,False
36194,46,False
36195,427,False
36196,1354,False
36197,11,True
36198,430,False
36199,65,False
36200,237,False
36201,433,False
36202,220,False
36203,435,False
36204,222,False
36205,223,False
36206,93,False
36207,439,False
36208,17,True
36209,248,False
36210,470,False
36211,229,False
36212,99,False
36213,445,False
36214,101,False
36215,250,False
36216,352,False
36217,632,False
36218,1375,False
36219,34,False
36220,86,False
36221,108,False
36222,1379,False
36223,50,True
36224,71,True
36225,361,False
36226,78,False
36227,1385,False
36228,1385,False
36229,1386,False
36230,76,True
36231,97,False
36232,464,False
36233,268,False
36234,370,False
36235,103,True
36236,125,False
36237,12,False
36238,13,False
36239,110,True
36240,129,False
36241,16,False
36242,1402,False
36243,477,False
36244,19,False
36245,145,False
36246,135,False
36247,22,False
36248,133,True
36249,1408,False
36250,16,False
36251,149,True
36252,291,False
36253,65,False
36254,488,False
36255,296,False
36256,1415,False
36257,298,False
36258,1,False
36259,148,False
36260,157,True
36261,27,False
36262,158,True
36263,29,False
36264,233,True
36265,8,False
36266,9,False
36267,42,False
36268,157,False
36269,12,False
36270,311,False
36271,46,False
36272,313,False
36273,264,True
36274,315,False
36275,271,True
36276,42,False
36277,1436,False
36278,317,False
36279,22,False
36280,23,False
36281,317,False
36282,302,False
36283,75,False
36284,422,False
36285,185,False
36286,176,False
36287,316,True
36288,96,False
36289,97,False
36290,709,False
36291,36,False
36292,13,False
36293,336,False
36294,71,False
36295,40,False
36296,1077,False
36297,42,False
36298,189,False
36299,348,True
36300,1461,False
36301,344,False
36302,193,False
36303,340,False
36304,25,False
36305,1466,False
36306,347,False
36307,348,False
36308,362,True
36309,54,False
36310,87,False
36311,56,False
36312,33,False
36313,34,False
36314,408,True
36315,579,False
36316,359,False
36317,38,False
36318,737,False
36319,210,False
36320,176,False
36321,357,False
36322,3,False
36323,436,True
36324,69,False
36325,70,False
36326,17,False
36327,452,True
36328,9,False
36329,231,False
36330,75,False
36331,12,False
36332,13,False
36333,597,False
36334,458,True
36335,112,False
36336,1497,False
36337,18,False
36338,59,False
36339,116,False
36340,242,False
36341,148,False
36342,149,False
36343,465,True
36344,1125,False
36345,90,False
36346,153,False
36347,203,False
36348,39,False
36349,483,True
36350,127,False
36351,96,False
36352,97,False
36353,130,False
36354,540,True
36355,246,False
36356,212,False
36357,102,False
36358,32,False
36359,558,True
36360,34,False
36361,1523,False
36362,139,False
36363,406,False
36364,590,True
36365,4,False
36366,268,False
36367,112,False
36368,645,True
36369,114,False
36370,44,False
36371,92,False
36372,1533,False
36373,275,False
36374,697,True
36375,231,False
36376,121,False
36377,21,False
36378,700,True
36379,100,False
36380,157,False
36381,744,True
36382,284,False
36383,761,True
36384,286,False
36385,22,False
36386,148,False
36387,132,False
36388,789,True
36389,280,False
36390,1551,False
36391,168,False
36392,137,False
36393,138,False
36394,171,False
36395,797,True
36396,1558,False
36397,33,False
36398,538,False
36399,35,False
36400,145,False
36401,817,True
36402,179,False
36403,9,False
36404,181,False
36405,13,False
36406,86,False
36407,823,True
36408,187,False
36409,156,False
36410,157,False
36411,190,False
36412,191,False
36413,1196,False
36414,161,False
36415,23,False
36416,96,False
36417,841,True
36418,98,False
36419,79,False
36420,324,False
36421,856,True
36422,201,False
36423,857,True
36424,171,False
36425,3,False
36426,63,False
36427,119,False
36428,192,False
36429,333,False
36430,209,False
36431,31,False
36432,887,True
36433,41,False
36434,181,False
36435,293,False
36436,215,False
36437,890,True
36438,118,False
36439,1222,False
36440,77,False
36441,1604,False
36442,49,False
36443,190,False
36444,13,False
36445,23,False
36446,53,False
36447,55,False
36448,87,False
36449,86,False
36450,110,False
36451,29,False
36452,91,False
36453,113,False
36454,895,True
36455,132,False
36456,95,False
36457,204,False
36458,906,True
36459,206,False
36460,505,False
36461,39,False
36462,40,False
36463,210,False
36464,934,True
36465,43,False
36466,943,True
36467,214,False
36468,215,False
36469,76,False
36470,218,False
36471,79,False
36472,81,False
36473,17,False
36474,962,True
36475,334,False
36476,41,False
36477,21,False
36478,87,False
36479,58,False
36480,228,False
36481,340,False
36482,47,False
36483,27,False
36484,63,False
36485,975,True
36486,1651,False
36487,66,False
36488,67,False
36489,21,False
36490,69,False
36491,2,False
36492,3,False
36493,978,True
36494,242,False
36495,135,False
36496,244,False
36497,137,False
36498,1,False
36499,107,False
36500,161,False
36501,1028,True
36502,1029,True
36503,268,False
36504,83,False
36505,48,False
36506,254,False
36507,50,False
36508,117,False
36509,1057,True
36510,148,False
36511,53,False
36512,1296,False
36513,1058,True
36514,48,False
36515,58,False
36516,266,False
36517,9,False
36518,1072,True
36519,5,False
36520,569,False
36521,2,False
36522,8,False
36523,274,False
36524,1089,True
36525,12,False
36526,108,False
36527,576,False
36528,139,False
36529,141,False
36530,194,False
36531,393,False
36532,143,False
36533,197,False
36534,116,False
36535,1091,True
36536,118,False
36537,148,False
36538,1102,True
36539,290,False
36540,26,False
36541,1115,True
36542,28,False
36543,36,False
36544,156,False
36545,31,False
36546,1713,False
36547,298,False
36548,29,False
36549,300,False
36550,1125,True
36551,215,False
36552,39,False
36553,304,False
36554,305,False
36555,1126,True
36556,307,False
36557,50,False
36558,309,False
36559,310,False
36560,311,False
36561,312,False
36562,1729,False
36563,314,False
36564,1142,True
36565,147,False
36566,52,False
36567,231,False
36568,319,False
36569,1149,True
36570,57,False
36571,153,False
36572,323,False
36573,622,False
36574,111,False
36575,62,False
36576,625,False
36577,328,False
36578,71,False
36579,60,False
36580,1163,True
36581,1748,False
36582,69,False
36583,69,False
36584,349,False
36585,1184,True
36586,1268,False
36587,73,False
36588,1187,True
36589,638,False
36590,1377,False
36591,128,False
36592,85,False
36593,455,False
36594,206,False
36595,644,False
36596,89,False
36597,83,False
36598,1189,True
36599,181,False
36600,86,False
36601,87,False
36602,184,False
36603,89,False
36604,1190,True
36605,86,False
36606,217,False
36607,93,False
36608,190,False
36609,220,False
36610,1200,True
36611,242,False
36612,1399,False
36613,195,False
36614,365,False
36615,197,False
36616,97,False
36617,53,False
36618,249,False
36619,1218,True
36620,107,False
36621,63,False
36622,373,False
36623,1410,False
36624,255,False
36625,207,False
36626,119,False
36627,378,False
36628,121,False
36629,166,False
36630,1227,True
36631,117,False
36632,67,False
36633,384,False
36634,265,False
36635,1241,True
36636,122,False
36637,4,False
36638,5,False
36639,390,False
36640,8,False
36641,393,False
36642,1262,True
36643,86,False
36644,7,False
36645,13,False
36646,1278,True
36647,399,False
36648,136,False
36649,401,False
36650,20,False
36651,9,False
36652,702,False
36653,131,False
36654,237,False
36655,1289,True
36656,408,False
36657,93,False
36658,410,False
36659,17,False
36660,710,False
36661,1297,True
36662,525,False
36663,246,False
36664,151,False
36665,1303,True
36666,153,False
36667,37,False
36668,1456,False
36669,1310,True
36670,28,False
36671,29,False
36672,424,False
36673,573,False
36674,44,False
36675,162,False
36676,259,False
36677,260,False
36678,430,False
36679,42,False
36680,35,False
36681,581,False
36682,52,False
36683,1330,True
36684,296,False
36685,43,False
36686,269,False
36687,41,False
36688,43,False
36689,176,False
36690,442,False
36691,591,False
36692,180,False
36693,180,False
36694,1356,True
36695,175,False
36696,1365,True
36697,110,False
36698,4,False
36699,1377,True
36700,6,False
36701,1396,True
36702,190,False
36703,240,False
36704,191,False
36705,317,False
36706,194,False
36707,570,False
36708,40,False
36709,15,False
36710,322,False
36711,1408,True
36712,192,False
36713,126,False
36714,18,False
36715,328,False
36716,203,False
36717,21,False
36718,1440,True
36719,10,False
36720,24,False
36721,6,False
36722,1477,True
36723,211,False
36724,24,False
36725,1552,True
36726,18,False
36727,32,False
36728,33,False
36729,217,False
36730,594,False
36731,17,False
36732,1521,False
36733,597,False
36734,223,False
36735,1592,True
36736,5,False
36737,1648,True
36738,219,False
36739,228,False
36740,26,False
36741,155,False
36742,34,False
36743,1657,True
36744,1673,True
36745,50,False
36746,1688,True
36747,611,False
36748,799,False
36749,238,False
36750,651,False
36751,20,False
36752,38,False
36753,58,False
36754,655,False
36755,619,False
36756,1728,True
36757,1736,True
36758,1547,False
36759,623,False
36760,1759,True
36761,66,False
36762,176,False
36763,1766,True
36764,377,False
36765,379,False
36766,56,False
36767,1770,True
36768,73,False
36769,24,False
36770,634,False
36771,822,False
36772,1777,True
36773,68,False
36774,43,False
36775,388,False
36776,81,False
36777,46,False
36778,642,False
36779,10,False
36780,393,False
36781,1780,True
36782,13,False
36783,73,False
36784,198,False
36785,199,False
36786,1806,True
36787,1814,True
36788,19,False
36789,233,False
36790,82,False
36791,205,False
36792,13,False
36793,1827,True
36794,99,False
36795,209,False
36796,88,False
36797,211,False
36798,242,False
36799,91,False
36800,664,False
36801,34,False
36802,1850,True
36803,35,False
36804,286,False
36805,1872,True
36806,39,False
36807,8,False
36808,41,False
36809,102,False
36810,103,False
36811,43,False
36812,1877,True
36813,6,False
36814,105,False
36815,9,False
36816,83,False
36817,110,False
36818,1878,True
36819,434,False
36820,52,False
36821,436,False
36822,113,False
36823,21,False
36824,115,False
36825,440,False
36826,1887,True
36827,23,False
36828,317,False
36829,96,False
36830,26,False
36831,124,False
36832,1893,True
36833,278,False
36834,323,False
36835,102,False
36836,129,False
36837,70,False
36838,19,False
36839,1906,True
36840,73,False
36841,22,False
36842,75,False
36843,332,False
36844,326,False
36845,138,False
36846,27,False
36847,1909,True
36848,263,False
36849,714,False
36850,143,False
36851,39,False
36852,1911,True
36853,47,False
36854,469,False
36855,50,False
36856,338,False
36857,339,False
36858,340,False
36859,473,False
36860,151,False
36861,24,False
36862,1922,True
36863,278,False
36864,343,False
36865,156,False
36866,731,False
36867,283,False
36868,351,False
36869,285,False
36870,65,False
36871,1940,True
36872,355,False
36873,926,False
36874,364,False
36875,1956,True
36876,366,False
36877,368,False
36878,1563,False
36879,60,False
36880,75,False
36881,497,False
36882,63,False
36883,1962,True
36884,1976,True
36885,1676,False
36886,377,False
36887,753,False
36888,180,False
36889,1998,True
36890,184,False
36891,185,False
36892,2,False
36893,3,False
36894,1579,False
36895,189,False
36896,79,False
36897,2013,True
36898,314,False
36899,439,False
36900,10,False
36901,8,False
36902,518,False
36903,84,False
36904,85,False
36905,101,False
36906,87,False
36907,102,False
36908,1,False
36909,5,False
36910,22,False
36911,106,False
36912,24,False
36913,779,False
36914,93,False
36915,5,False
36916,8,False
36917,2073,True
36918,10,False
36919,535,False
36920,101,False
36921,10,False
36922,338,False
36923,35,False
36924,20,False
36925,105,False
36926,121,False
36927,91,False
36928,981,False
36929,2086,True
36930,112,False
36931,472,False
36932,799,False
36933,474,False
36934,2087,True
36935,551,False
36936,553,False
36937,50,False
36938,31,False
36939,2095,True
36940,136,False
36941,422,False
36942,996,False
36943,425,False
36944,140,False
36945,141,False
36946,813,False
36947,193,False
36948,565,False
36949,60,False
36950,61,False
36951,818,False
36952,148,False
36953,46,False
36954,571,False
36955,572,False
36956,49,False
36957,50,False
36958,146,False
36959,132,False
36960,2173,True
36961,445,False
36962,578,False
36963,444,False
36964,77,False
36965,13,False
36966,833,False
36967,2190,True
36968,138,False
36969,60,False
36970,216,False
36971,19,False
36972,454,False
36973,3,False
36974,170,False
36975,392,False
36976,843,False
36977,1031,False
36978,519,False
36979,2,False
36980,2194,True
36981,177,False
36982,178,False
36983,430,False
36984,77,False
36985,156,False
36986,16,False
36987,183,False
36988,117,False
36989,436,False
36990,2238,True
36991,84,False
36992,85,False
36993,189,False
36994,24,False
36995,2242,True
36996,87,False
36997,414,False
36998,480,False
36999,112,False
37000,91,False
37001,94,False
37002,95,False
37003,420,False
37004,545,False
37005,96,False
37006,201,False
37007,1061,False
37008,425,False
37009,122,False
37010,492,False
37011,102,False
37012,2289,True
37013,106,False
37014,106,False
37015,2325,True
37016,633,False
37017,111,False
37018,186,False
37019,50,False
37020,123,False
37021,2338,True
37022,53,False
37023,117,False
37024,566,False
37025,119,False
37026,2344,True
37027,195,False
37028,38,False
37029,60,False
37030,10,False
37031,123,False
37032,510,False
37033,26,False
37034,2370,True
37035,66,False
37036,904,False
37037,485,False
37038,516,False
37039,19,False
37040,134,False
37041,72,False
37042,221,False
37043,238,False
37044,24,False
37045,139,False
37046,663,False
37047,139,False
37048,227,False
37049,2458,True
37050,2501,True
37051,41,False
37052,247,False
37053,232,False
37054,472,False
37055,86,False
37056,87,False
37057,158,False
37058,159,False
37059,14,False
37060,225,False
37061,2536,True
37062,163,False
37063,164,False
37064,156,False
37065,542,False
37066,160,False
37067,1860,False
37068,99,False
37069,687,False
37070,2543,True
37071,489,False
37072,166,False
37073,186,False
37074,551,False
37075,239,False
37076,170,False
37077,171,False
37078,2546,True
37079,173,False
37080,194,False
37081,244,False
37082,131,False
37083,114,False
37084,502,False
37085,6,False
37086,2560,True
37087,705,False
37088,6,False
37089,706,False
37090,632,False
37091,9,False
37092,569,False
37093,711,False
37094,188,False
37095,208,False
37096,2569,True
37097,292,False
37098,2573,True
37099,20,False
37100,2579,True
37101,519,False
37102,266,False
37103,26,False
37104,281,False
37105,28,False
37106,2592,True
37107,284,False
37108,202,False
37109,270,False
37110,204,False
37111,203,False
37112,980,False
37113,9,False
37114,7,False
37115,2597,True
37116,10,False
37117,167,False
37118,212,False
37119,215,False
37120,2617,True
37121,1178,False
37122,542,False
37123,283,False
37124,2619,True
37125,322,False
37126,323,False
37127,223,False
37128,1817,False
37129,223,False
37130,224,False
37131,551,False
37132,552,False
37133,330,False
37134,1191,False
37135,229,False
37136,230,False
37137,233,False
37138,2636,True
37139,759,False
37140,337,False
37141,1011,False
37142,49,False
37143,237,False
37144,238,False
37145,75,False
37146,2696,True
37147,304,False
37148,22,False
37149,307,False
37150,36,False
37151,630,False
37152,82,False
37153,2721,True
37154,250,False
37155,29,False
37156,576,False
37157,66,False
37158,254,False
37159,43,False
37160,2737,True
37161,358,False
37162,706,False
37163,1033,False
37164,260,False
37165,95,False
37166,1223,False
37167,19,False
37168,2756,True
37169,366,False
37170,221,False
37171,368,False
37172,651,False
37173,1043,False
37174,104,False
37175,12,False
37176,373,False
37177,1234,False
37178,598,False
37179,2809,True
37180,230,False
37181,2810,True
37182,112,False
37183,277,False
37184,114,False
37185,382,False
37186,95,False
37187,338,False
37188,1058,False
37189,733,False
37190,341,False
37191,147,False
37192,2811,True
37193,82,False
37194,1064,False
37195,815,False
37196,85,False
37197,2840,True
37198,107,False
37199,293,False
37200,294,False
37201,621,False
37202,399,False
37203,1998,False
37204,113,False
37205,2866,True
37206,750,False
37207,303,False
37208,97,False
37209,688,False
37210,87,False
37211,631,False
37212,14,False
37213,2008,False
37214,310,False
37215,311,False
37216,2889,True
37217,127,False
37218,128,False
37219,271,False
37220,765,False
37221,96,False
37222,2935,True
37223,61,False
37224,2955,True
37225,846,False
37226,116,False
37227,30,False
37228,773,False
37229,324,False
37230,54,False
37231,30,False
37232,2968,True
37233,143,False
37234,129,False
37235,59,False
37236,146,False
37237,334,False
37238,335,False
37239,38,False
37240,2036,False
37241,3012,True
37242,41,False
37243,1301,False
37244,3017,True
37245,443,False
37246,3025,True
37247,344,False
37248,47,False
37249,346,False
37250,159,False
37251,393,False
37252,2,False
37253,348,False
37254,3088,True
37255,10,False
37256,736,False
37257,81,False
37258,679,False
37259,9,False
37260,681,False
37261,459,False
37262,883,False
37263,62,False
37264,88,False
37265,686,False
37266,464,False
37267,26,False
37268,27,False
37269,28,False
37270,170,False
37271,3153,True
37272,94,False
37273,72,False
37274,169,False
37275,25,False
37276,1147,False
37277,76,False
37278,3174,True
37279,1150,False
37280,375,False
37281,702,False
37282,24,False
37283,82,False
37284,174,False
37285,2,False
37286,186,False
37287,485,False
37288,487,False
37289,246,False
37290,191,False
37291,490,False
37292,10,False
37293,3177,True
37294,427,False
37295,118,False
37296,495,False
37297,188,False
37298,430,False
37299,431,False
37300,396,False
37301,3183,True
37302,353,False
37303,3190,True
37304,19,False
37305,506,False
37306,441,False
37307,109,False
37308,3199,True
37309,140,False
37310,443,False
37311,3209,True
37312,137,False
37313,206,False
37314,34,False
37315,117,False
37316,118,False
37317,210,False
37318,451,False
37319,520,False
37320,151,False
37321,419,False
37322,455,False
37323,216,False
37324,227,False
37325,127,False
37326,424,False
37327,1388,False
37328,153,False
37329,38,False
37330,171,False
37331,93,False
37332,430,False
37333,164,False
37334,2027,False
37335,55,False
37336,390,False
37337,99,False
37338,1212,False
37339,437,False
37340,233,False
37341,300,False
37342,395,False
37343,767,False
37344,64,False
37345,969,False
37346,66,False
37347,240,False
37348,251,False
37349,379,False
37350,774,False
37351,254,False
37352,382,False
37353,2152,False
37354,902,False
37355,196,False
37356,211,False
37357,77,False
37358,1232,False
37359,907,False
37360,80,False
37361,186,False
37362,218,False
37363,489,False
37364,417,False
37365,989,False
37366,207,False
37367,260,False
37368,327,False
37369,262,False
37370,2063,False
37371,469,False
37372,1433,False
37373,1247,False
37374,1435,False
37375,576,False
37376,96,False
37377,97,False
37378,802,False
37379,276,False
37380,233,False
37381,222,False
37382,806,False
37383,1444,False
37384,225,False
37385,484,False
37386,587,False
37387,1448,False
37388,589,False
37389,2189,False
37390,1265,False
37391,816,False
37392,594,False
37393,247,False
37394,494,False
37395,1270,False
37396,238,False
37397,7,False
37398,5,False
37399,120,False
37400,602,False
37401,950,False
37402,525,False
37403,458,False
37404,458,False
37405,459,False
37406,5,False
37407,305,False
37408,610,False
37409,130,False
37410,304,False
37411,613,False
37412,466,False
37413,615,False
37414,616,False
37415,1290,False
37416,535,False
37417,27,False
37418,1,False
37419,29,False
37420,622,False
37421,846,False
37422,320,False
37423,625,False
37424,1486,False
37425,1300,False
37426,1301,False
37427,37,False
37428,322,False
37429,323,False
37430,151,False
37431,31,False
37432,981,False
37433,818,False
37434,636,False
37435,550,False
37436,2236,False
37437,335,False
37438,159,False
37439,1314,False
37440,50,False
37441,496,False
37442,644,False
37443,353,False
37444,1319,False
37445,166,False
37446,5,False
37447,560,False
37448,169,False
37449,31,False
37450,652,False
37451,876,False
37452,1001,False
37453,1328,False
37454,352,False
37455,12,False
37456,556,False
37457,557,False
37458,558,False
37459,180,False
37460,17,False
37461,360,False
37462,518,False
37463,185,False
37464,363,False
37465,364,False
37466,11,False
37467,1343,False
37468,1531,False
37469,1532,False
37470,81,False
37471,1021,False
37472,898,False
37473,676,False
37474,32,False
37475,1025,False
37476,199,False
37477,680,False
37478,534,False
37479,593,False
37480,1356,False
37481,324,False
37482,2283,False
37483,206,False
37484,976,False
37485,541,False
37486,296,False
37487,70,False
37488,381,False
37489,875,False
37490,693,False
37491,49,False
37492,2293,False
37493,216,False
37494,1557,False
37495,389,False
37496,9,False
37497,397,False
37498,11,False
37499,309,False
37500,223,False
37501,614,False
37502,15,False
37503,616,False
37504,228,False
37505,64,False
37506,400,False
37507,231,False
37508,319,False
37509,622,False
37510,937,False
37511,25,False
37512,615,False
37513,238,False
37514,101,False
37515,37,False
37516,431,False
37517,104,False
37518,38,False
37519,909,False
37520,950,False
37521,487,False
37522,47,False
37523,251,False
37524,367,False
37525,367,False
37526,424,False
37527,52,False
37528,257,False
37529,2336,False
37530,644,False
37531,639,False
37532,261,False
37533,965,False
37534,56,False
37535,744,False
37536,928,False
37537,266,False
37538,8,False
37539,748,False
37540,129,False
37541,750,False
37542,974,False
37543,272,False
37544,59,False
37545,445,False
37546,445,False
37547,385,False
37548,656,False
37549,981,False
37550,759,False
37551,73,False
37552,390,False
37553,282,False
37554,1623,False
37555,399,False
37556,285,False
37557,27,False
37558,1440,False
37559,459,False
37560,1442,False
37561,676,False
37562,601,False
37563,1446,False
37564,1634,False
37565,483,False
37566,999,False
37567,1000,False
37568,1001,False
37569,6,False
37570,93,False
37571,1641,False
37572,1455,False
37573,473,False
37574,304,False
37575,46,False
37576,17,False
37577,686,False
37578,308,False
37579,479,False
37580,310,False
37581,1651,False
37582,1015,False
37583,16,False
37584,552,False
37585,486,False
37586,27,False
37587,58,False
37588,798,False
37589,22,False
37590,699,False
37591,1024,False
37592,10,False
37593,803,False
37594,1027,False
37595,496,False
37596,1029,False
37597,706,False
37598,499,False
37599,708,False
37600,41,False
37601,37,False
37602,812,False
37603,44,False
37604,997,False
37605,2413,False
37606,39,False
37607,817,False
37608,44,False
37609,672,False
37610,341,False
37611,342,False
37612,1046,False
37613,653,False
37614,678,False
37615,21,False
37616,726,False
37617,682,False
37618,588,False
37619,831,False
37620,40,False
37621,146,False
37622,1124,False
37623,215,False
37624,1059,False
37625,150,False
37626,596,False
37627,1062,False
37628,537,False
37629,102,False
37630,1025,False
37631,540,False
37632,1704,False
37633,71,False
37634,54,False
37635,55,False
37636,368,False
37637,1,False
37638,547,False
37639,470,False
37640,232,False
37641,233,False
37642,483,False
37643,484,False
37644,547,False
37645,65,False
37646,548,False
37647,758,False
37648,1533,False
37649,382,False
37650,70,False
37651,13,False
37652,125,False
37653,17,False
37654,557,False
37655,564,False
37656,868,False
37657,485,False
37658,391,False
37659,1544,False
37660,133,False
37661,394,False
37662,135,False
37663,1098,False
37664,84,False
37665,1100,False
37666,878,False
37667,400,False
37668,106,False
37669,881,False
37670,734,False
37671,736,False
37672,1557,False
37673,265,False
37674,1069,False
37675,584,False
37676,17,False
37677,38,False
37678,890,False
37679,99,False
37680,413,False
37681,414,False
37682,155,False
37683,113,False
37684,1079,False
37685,4,False
37686,511,False
37687,4,False
37688,5,False
37689,6,False
37690,163,False
37691,8,False
37692,284,False
37693,1128,False
37694,76,False
37695,789,False
37696,1131,False
37697,1,False
37698,15,False
37699,291,False
37700,17,False
37701,18,False
37702,13,False
37703,605,False
37704,21,False
37705,57,False
37706,16,False
37707,1102,False
37708,12,False
37709,3,False
37710,14,False
37711,2414,False
37712,29,False
37713,616,False
37714,31,False
37715,38,False
37716,96,False
37717,11,False
37718,1113,False
37719,8,False
37720,622,False
37721,38,False
37722,16,False
37723,15,False
37724,42,False
37725,1120,False
37726,81,False
37727,21,False
37728,17,False
37729,84,False
37730,48,False
37731,1166,False
37732,1167,False
37733,50,False
37734,51,False
37735,16,False
37736,17,False
37737,54,False
37738,55,True
37739,35,False
37740,50,False
37741,644,False
37742,38,False
37743,1,False
37744,48,False
37745,647,False
37746,63,False
37747,1249,False
37748,650,False
37749,8,False
37750,68,False
37751,68,False
37752,70,False
37753,70,False
37754,662,False
37755,59,False
37756,52,False
37757,660,False
37758,1193,False
37759,55,False
37760,3,False
37761,78,False
37762,20,False
37763,80,False
37764,86,True
37765,667,False
37766,84,False
37767,18,False
37768,85,False
37769,87,False
37770,1205,False
37771,89,False
37772,23,False
37773,91,False
37774,19,False
37775,683,False
37776,94,False
37777,94,False
37778,74,False
37779,97,False
37780,76,False
37781,1216,False
37782,18,False
37783,21,False
37784,19,False
37785,1220,False
37786,82,False
37787,23,False
37788,40,False
37789,108,False
37790,173,False
37791,381,False
37792,89,False
37793,34,False
37794,698,False
37795,699,False
37796,93,False
37797,139,True
37798,878,False
37799,118,False
37800,36,False
37801,120,False
37802,114,False
37803,108,False
37804,146,True
37805,6,False
37806,65,False
37807,711,False
37808,152,True
37809,166,True
37810,2514,False
37811,130,False
37812,721,False
37813,722,False
37814,10,False
37815,191,True
37816,719,False
37817,129,False
37818,115,False
37819,201,True
37820,1216,False
37821,139,False
37822,725,False
37823,59,False
37824,20,False
37825,209,True
37826,1262,False
37827,1263,False
37828,2,False
37829,212,False
37830,5,False
37831,1267,False
37832,151,False
37833,1229,False
37834,30,False
37835,35,False
37836,148,False
37837,156,False
37838,214,True
37839,158,False
37840,137,False
37841,1237,False
37842,30,False
37843,79,False
37844,920,False
37845,156,False
37846,436,False
37847,83,False
37848,49,False
37849,146,False
37850,230,True
37851,754,False
37852,245,True
37853,164,False
37854,159,False
37855,12,False
37856,13,False
37857,162,False
37858,13,False
37859,1295,False
37860,15,False
37861,57,False
37862,50,False
37863,99,False
37864,271,True
37865,202,False
37866,62,False
37867,164,False
37868,25,False
37869,287,True
37870,167,False
37871,26,False
37872,781,False
37873,1309,False
37874,70,False
37875,193,False
37876,33,False
37877,182,False
37878,297,True
37879,22,False
37880,79,False
37881,117,False
37882,952,False
37883,306,True
37884,11,False
37885,955,False
37886,20,False
37887,791,False
37888,31,False
37889,44,False
37890,213,False
37891,20,False
37892,49,False
37893,321,True
37894,51,False
37895,212,False
37896,193,False
37897,228,False
37898,230,False
37899,329,True
37900,43,False
37901,206,False
37902,213,False
37903,200,False
37904,61,False
37905,32,False
37906,63,False
37907,62,False
37908,974,False
37909,66,False
37910,98,False
37911,1,False
37912,2,False
37913,230,False
37914,65,False
37915,333,True
37916,1352,False
37917,72,False
37918,215,False
37919,53,False
37920,71,False
37921,48,False
37922,239,False
37923,241,False
37924,236,False
37925,68,False
37926,829,False
37927,334,True
37928,2632,False
37929,117,False
37930,81,False
37931,338,True
37932,243,False
37933,29,False
37934,170,False
37935,240,False
37936,233,False
37937,80,False
37938,26,False
37939,843,False
37940,67,False
37941,238,False
37942,29,False
37943,72,False
37944,419,True
37945,96,False
37946,103,False
37947,104,False
37948,184,False
37949,92,False
37950,37,False
37951,35,False
37952,856,False
37953,336,False
37954,50,False
37955,252,False
37956,860,False
37957,446,True
37958,275,False
37959,102,False
37960,1356,False
37961,57,False
37962,105,False
37963,268,False
37964,152,False
37965,108,False
37966,556,False
37967,96,False
37968,456,True
37969,100,False
37970,66,False
37971,55,False
37972,1368,False
37973,116,False
37974,279,False
37975,104,False
37976,105,False
37977,1373,False
37978,459,True
37979,13,False
37980,123,False
37981,138,False
37982,287,False
37983,288,False
37984,80,False
37985,464,True
37986,890,False
37987,20,False
37988,578,False
37989,118,False
37990,295,False
37991,895,False
37992,76,False
37993,122,False
37994,137,False
37995,585,False
37996,480,True
37997,7,False
37998,31,False
37999,5,False
38000,236,False
38001,11,False
38002,12,False
38003,308,False
38004,484,True
38005,495,True
38006,312,False
38007,49,False
38008,329,False
38009,44,False
38010,48,False
38011,22,False
38012,171,False
38013,157,False
38014,144,False
38015,145,False
38016,58,False
38017,521,True
38018,56,False
38019,256,False
38020,28,False
38021,931,False
38022,33,False
38023,65,False
38024,35,False
38025,539,True
38026,123,False
38027,340,False
38028,1465,False
38029,619,False
38030,72,False
38031,175,False
38032,338,False
38033,1470,False
38034,572,True
38035,341,False
38036,361,False
38037,195,False
38038,238,False
38039,183,False
38040,353,False
38041,354,False
38042,199,False
38043,140,False
38044,19,False
38045,955,False
38046,283,False
38047,576,True
38048,59,False
38049,639,False
38050,954,False
38051,209,False
38052,957,False
38053,372,False
38054,96,False
38055,1492,False
38056,112,False
38057,99,False
38058,188,False
38059,156,False
38060,587,True
38061,445,False
38062,368,False
38063,160,False
38064,99,False
38065,107,False
38066,1503,False
38067,392,False
38068,386,False
38069,80,False
38070,214,False
38071,44,False
38072,65,False
38073,46,False
38074,597,True
38075,979,False
38076,981,False
38077,119,False
38078,1515,False
38079,90,False
38080,5,False
38081,599,True
38082,124,False
38083,8,False
38084,24,False
38085,410,False
38086,28,False
38087,1484,False
38088,246,False
38089,994,False
38090,607,True
38091,995,False
38092,189,False
38093,399,False
38094,149,False
38095,225,False
38096,226,False
38097,334,False
38098,667,True
38099,110,False
38100,111,False
38101,425,False
38102,1007,False
38103,340,False
38104,679,True
38105,1015,False
38106,1010,False
38107,264,False
38108,687,True
38109,81,False
38110,429,False
38111,435,False
38112,418,False
38113,419,False
38114,420,False
38115,439,False
38116,696,True
38117,431,False
38118,700,True
38119,433,False
38120,1030,False
38121,1031,False
38122,428,False
38123,324,False
38124,1561,False
38125,36,False
38126,68,False
38127,702,True
38128,434,False
38129,703,True
38130,282,False
38131,1528,False
38132,438,False
38133,1175,False
38134,518,False
38135,1039,False
38136,4,False
38137,179,False
38138,78,False
38139,101,False
38140,452,False
38141,1578,False
38142,379,False
38143,704,True
38144,1186,False
38145,297,False
38146,86,False
38147,15,False
38148,1585,False
38149,17,False
38150,730,True
38151,388,False
38152,1056,False
38153,60,False
38154,478,False
38155,11,False
38156,1593,False
38157,168,False
38158,542,False
38159,1063,False
38160,773,True
38161,117,False
38162,173,False
38163,174,False
38164,1601,False
38165,1562,False
38166,263,False
38167,74,False
38168,779,True
38169,266,False
38170,77,False
38171,268,False
38172,1609,False
38173,375,False
38174,1570,False
38175,782,True
38176,121,False
38177,122,False
38178,7,False
38179,35,False
38180,9,False
38181,1618,False
38182,382,False
38183,822,True
38184,1226,False
38185,1095,False
38186,42,False
38187,493,False
38188,6,False
38189,134,False
38190,97,False
38191,20,False
38192,875,True
38193,1097,False
38194,137,False
38195,579,False
38196,104,False
38197,895,True
38198,2,False
38199,107,False
38200,506,False
38201,924,True
38202,41,False
38203,1245,False
38204,441,False
38205,929,True
38206,45,False
38207,944,True
38208,1646,False
38209,49,False
38210,978,True
38211,531,False
38212,1124,False
38213,995,True
38214,1653,False
38215,1021,True
38216,524,False
38217,12,False
38218,12,False
38219,1064,True
38220,319,False
38221,53,False
38222,1662,False
38223,545,False
38224,20,False
38225,325,False
38226,535,False
38227,544,False
38228,1136,False
38229,37,False
38230,618,False
38231,91,False
38232,1673,False
38233,175,False
38234,335,False
38235,43,False
38236,440,False
38237,97,False
38238,71,False
38239,340,False
38240,182,False
38241,178,False
38242,558,False
38243,155,False
38244,1116,True
38245,105,False
38246,79,False
38247,1156,False
38248,56,False
38249,90,False
38250,566,False
38251,111,False
38252,85,False
38253,457,False
38254,62,False
38255,565,False
38256,1127,True
38257,20,False
38258,1132,True
38259,463,False
38260,91,False
38261,584,False
38262,17,False
38263,123,False
38264,176,False
38265,366,False
38266,589,False
38267,1149,True
38268,1709,False
38269,1710,False
38270,1184,False
38271,26,False
38272,1181,False
38273,114,False
38274,41,False
38275,135,False
38276,10,False
38277,1168,True
38278,601,False
38279,1188,False
38280,591,False
38281,670,False
38282,116,False
38283,1184,True
38284,219,False
38285,1332,False
38286,388,False
38287,200,False
38288,149,False
38289,112,False
38290,7,False
38291,602,False
38292,616,False
38293,1187,True
38294,498,False
38295,606,False
38296,52,False
38297,106,False
38298,121,False
38299,16,False
38300,505,False
38301,612,False
38302,136,False
38303,59,False
38304,1192,True
38305,40,False
38306,23,False
38307,1222,False
38308,64,False
38309,1235,True
38310,152,False
38311,249,False
38312,121,False
38313,62,False
38314,156,False
38315,124,False
38316,1269,True
38317,522,False
38318,74,False
38319,1761,False
38320,170,False
38321,632,False
38322,17,False
38323,146,False
38324,1766,False
38325,42,False
38326,168,False
38327,169,False
38328,1727,False
38329,1728,False
38330,1773,False
38331,7,False
38332,1300,True
38333,143,False
38334,185,False
38335,1325,True
38336,25,False
38337,161,False
38338,176,False
38339,659,False
38340,36,False
38341,46,False
38342,18,False
38343,663,False
38344,1787,False
38345,34,False
38346,64,False
38347,65,False
38348,199,False
38349,1343,True
38350,188,False
38351,557,False
38352,28,False
38353,198,False
38354,113,False
38355,181,False
38356,201,False
38357,1392,True
38358,56,False
38359,79,False
38360,119,False
38361,39,False
38362,108,False
38363,677,False
38364,1398,True
38365,85,False
38366,106,False
38367,1769,False
38368,302,False
38369,1814,False
38370,108,False
38371,1816,False
38372,110,False
38373,218,False
38374,133,False
38375,1471,True
38376,1483,True
38377,97,False
38378,223,False
38379,693,False
38380,233,False
38381,1506,True
38382,208,False
38383,223,False
38384,104,False
38385,105,False
38386,92,False
38387,93,False
38388,86,False
38389,109,False
38390,235,False
38391,1530,True
38392,130,False
38393,1311,False
38394,310,False
38395,115,False
38396,84,False
38397,138,False
38398,1609,True
38399,239,False
38400,1631,True
38401,246,False
38402,242,False
38403,141,False
38404,244,False
38405,250,False
38406,246,False
38407,95,False
38408,234,False
38409,615,False
38410,1665,True
38411,738,False
38412,1813,False
38413,1858,False
38414,120,False
38415,135,False
38416,808,False
38417,262,False
38418,258,False
38419,733,False
38420,1724,True
38421,255,False
38422,100,False
38423,111,False
38424,26,False
38425,342,False
38426,754,False
38427,163,False
38428,637,False
38429,1875,False
38430,190,False
38431,152,False
38432,139,False
38433,112,False
38434,168,False
38435,1739,True
38436,2,False
38437,3,False
38438,117,False
38439,1358,False
38440,6,False
38441,769,False
38442,121,False
38443,1362,False
38444,10,False
38445,1755,True
38446,292,False
38447,762,False
38448,763,False
38449,295,False
38450,1369,False
38451,297,False
38452,253,False
38453,307,False
38454,295,False
38455,789,False
38456,302,False
38457,1903,False
38458,312,False
38459,1861,False
38460,167,False
38461,1907,False
38462,1908,False
38463,1765,True
38464,381,False
38465,164,False
38466,267,False
38467,13,False
38468,34,False
38469,315,False
38470,149,False
38471,325,False
38472,1785,True
38473,25,False
38474,1525,False
38475,392,False
38476,1878,False
38477,683,False
38478,319,False
38479,177,False
38480,321,False
38481,241,False
38482,1807,True
38483,204,False
38484,205,False
38485,51,False
38486,327,False
38487,186,False
38488,329,False
38489,1935,False
38490,407,False
38491,250,False
38492,251,False
38493,214,False
38494,59,False
38495,60,False
38496,1843,True
38497,706,False
38498,36,False
38499,1871,True
38500,179,False
38501,180,False
38502,343,False
38503,10,False
38504,1913,True
38505,12,False
38506,821,False
38507,424,False
38508,611,False
38509,216,False
38510,189,False
38511,1977,True
38512,721,False
38513,20,False
38514,2011,True
38515,222,False
38516,1918,False
38517,7,False
38518,225,False
38519,198,False
38520,2013,True
38521,367,False
38522,281,False
38523,2025,True
38524,626,False
38525,442,False
38526,380,False
38527,25,False
38528,2026,True
38529,236,False
38530,269,False
38531,270,False
38532,2035,True
38533,240,False
38534,24,False
38535,25,False
38536,453,False
38537,39,False
38538,1984,False
38539,385,False
38540,47,False
38541,301,False
38542,302,False
38543,1989,False
38544,2055,True
38545,35,False
38546,245,False
38547,45,False
38548,937,False
38549,1995,False
38550,257,False
38551,885,False
38552,402,False
38553,236,False
38554,412,False
38555,2107,True
38556,414,False
38557,127,False
38558,408,False
38559,61,False
38560,2124,True
38561,324,False
38562,400,False
38563,327,False
38564,134,False
38565,15,False
38566,11,False
38567,270,False
38568,2125,True
38569,419,False
38570,889,False
38571,75,False
38572,678,False
38573,905,False
38574,19,False
38575,287,False
38576,2158,True
38577,2027,False
38578,2161,True
38579,2029,False
38580,291,False
38581,26,False
38582,901,False
38583,2301,True
38584,204,False
38585,288,False
38586,154,False
38587,148,False
38588,2346,True
38589,34,False
38590,2373,True
38591,354,False
38592,2042,False
38593,1516,False
38594,700,False
38595,804,False
38596,88,False
38597,2439,True
38598,917,False
38599,44,False
38600,311,False
38601,303,False
38602,452,False
38603,96,False
38604,923,False
38605,937,False
38606,2445,True
38607,68,False
38608,2014,False
38609,928,False
38610,71,False
38611,449,False
38612,2448,True
38613,2486,True
38614,325,False
38615,104,False
38616,935,False
38617,538,False
38618,456,False
38619,477,False
38620,2500,True
38621,2513,True
38622,941,False
38623,84,False
38624,69,False
38625,2541,True
38626,1549,False
38627,339,False
38628,841,False
38629,2079,False
38630,333,False
38631,737,False
38632,553,False
38633,78,False
38634,79,False
38635,2085,False
38636,97,False
38637,2576,True
38638,496,False
38639,1562,False
38640,959,False
38641,960,False
38642,974,False
38643,481,False
38644,4,False
38645,495,False
38646,409,False
38647,92,False
38648,109,False
38649,499,False
38650,969,False
38651,353,False
38652,342,False
38653,2695,True
38654,504,False
38655,2698,True
38656,399,False
38657,515,False
38658,508,False
38659,509,False
38660,766,False
38661,260,False
38662,2734,True
38663,427,False
38664,983,False
38665,368,False
38666,26,False
38667,773,False
38668,370,False
38669,143,False
38670,25,False
38671,116,False
38672,117,False
38673,511,False
38674,2792,True
38675,136,False
38676,1069,False
38677,29,False
38678,2128,False
38679,2803,True
38680,894,False
38681,1001,False
38682,38,False
38683,1003,False
38684,157,False
38685,899,False
38686,2845,True
38687,287,False
38688,2095,False
38689,2870,True
38690,549,False
38691,905,False
38692,394,False
38693,2144,False
38694,407,False
38695,2147,False
38696,2883,True
38697,549,False
38698,1,False
38699,8,False
38700,9,False
38701,2153,False
38702,542,False
38703,12,False
38704,151,False
38705,168,False
38706,2114,False
38707,2931,True
38708,24,False
38709,14,False
38710,185,False
38711,2163,False
38712,2932,True
38713,22,False
38714,1054,False
38715,219,False
38716,420,False
38717,74,False
38718,21,False
38719,1114,False
38720,224,False
38721,2938,True
38722,582,False
38723,284,False
38724,171,False
38725,585,False
38726,2951,True
38727,32,False
38728,31,False
38729,433,False
38730,35,False
38731,1052,False
38732,1053,False
38733,207,False
38734,2975,True
38735,500,False
38736,2188,False
38737,199,False
38738,43,False
38739,1060,False
38740,16,False
38741,2983,True
38742,446,False
38743,583,False
38744,304,False
38745,510,False
38746,55,False
38747,194,False
38748,57,False
38749,58,False
38750,2202,False
38751,3016,True
38752,3020,True
38753,215,False
38754,45,False
38755,2207,False
38756,1077,False
38757,48,False
38758,1079,False
38759,68,False
38760,620,False
38761,3024,True
38762,528,False
38763,614,False
38764,872,False
38765,2173,False
38766,1161,False
38767,3027,True
38768,471,False
38769,609,False
38770,75,False
38771,3030,True
38772,1093,False
38773,78,False
38774,83,False
38775,247,False
38776,238,False
38777,224,False
38778,81,False
38779,3042,True
38780,631,False
38781,90,False
38782,485,False
38783,2235,False
38784,635,False
38785,76,False
38786,894,False
38787,895,False
38788,648,False
38789,98,False
38790,2198,False
38791,1112,False
38792,3062,True
38793,633,False
38794,97,False
38795,111,False
38796,105,False
38797,3111,True
38798,103,False
38799,108,False
38800,503,False
38801,2,False
38802,111,False
38803,2255,False
38804,270,False
38805,665,False
38806,1201,False
38807,3,False
38808,1148,False
38809,3114,True
38810,319,False
38811,2263,False
38812,88,False
38813,1738,False
38814,2,False
38815,1136,False
38816,263,False
38817,6,False
38818,521,False
38819,3115,True
38820,3139,True
38821,681,False
38822,536,False
38823,132,False
38824,278,False
38825,141,False
38826,677,False
38827,16,False
38828,1043,False
38829,533,False
38830,139,False
38831,278,False
38832,3141,True
38833,674,False
38834,942,False
38835,1230,False
38836,145,False
38837,688,False
38838,3164,True
38839,502,False
38840,293,False
38841,701,False
38842,295,False
38843,2295,False
38844,767,False
38845,34,False
38846,350,False
38847,2255,False
38848,3207,True
38849,158,False
38850,166,False
38851,1172,False
38852,556,False
38853,162,False
38854,358,False
38855,47,False
38856,48,False
38857,2265,False
38858,708,False
38859,60,False
38860,176,False
38861,170,False
38862,7,False
38863,3251,True
38864,705,False
38865,705,False
38866,175,False
38867,707,False
38868,791,False
38869,70,False
38870,179,False
38871,979,False
38872,2324,False
38873,3309,True
38874,578,False
38875,725,False
38876,89,False
38877,66,False
38878,3344,True
38879,720,False
38880,29,False
38881,542,False
38882,2336,False
38883,194,False
38884,3349,True
38885,737,False
38886,602,False
38887,15,False
38888,394,False
38889,36,False
38890,1000,False
38891,3373,True
38892,2346,False
38893,21,False
38894,205,False
38895,3436,True
38896,557,False
38897,1220,False
38898,560,False
38899,2306,False
38900,1297,False
38901,26,False
38902,1238,False
38903,2357,False
38904,107,False
38905,3476,True
38906,355,False
38907,613,False
38908,111,False
38909,37,False
38910,615,False
38911,114,False
38912,361,False
38913,775,False
38914,225,False
38915,106,False
38916,227,False
38917,1844,False
38918,121,False
38919,427,False
38920,10,False
38921,773,False
38922,233,False
38923,51,False
38924,3497,True
38925,243,False
38926,244,False
38927,789,False
38928,634,False
38929,26,False
38930,134,False
38931,44,False
38932,1150,False
38933,3534,True
38934,778,False
38935,2391,False
38936,66,False
38937,64,False
38938,251,False
38939,3571,True
38940,260,False
38941,391,False
38942,7,False
38943,8,False
38944,1269,False
38945,653,False
38946,12,False
38947,801,False
38948,3765,True
38949,155,False
38950,795,False
38951,3789,True
38952,26,False
38953,818,False
38954,82,False
38955,54,False
38956,37,False
38957,88,False
38958,32,False
38959,1359,False
38960,408,False
38961,3857,True
38962,1288,False
38963,271,False
38964,272,False
38965,93,False
38966,97,False
38967,3866,True
38968,813,False
38969,163,False
38970,101,False
38971,417,False
38972,3874,True
38973,180,False
38974,421,False
38975,107,False
38976,1907,False
38977,184,False
38978,1306,False
38979,3880,True
38980,290,False
38981,189,False
38982,3912,True
38983,116,False
38984,85,False
38985,193,False
38986,440,False
38987,844,False
38988,3967,True
38989,1317,False
38990,198,False
38991,199,False
38992,701,False
38993,1925,False
38994,1216,False
38995,852,False
38996,204,False
38997,193,False
38998,74,False
38999,132,False
39000,4008,True
39001,1329,False
39002,132,False
39003,385,False
39004,2,False
39005,2464,False
39006,4,False
39007,450,False
39008,1410,False
39009,1124,False
39010,1125,False
39011,2418,False
39012,113,False
39013,4024,True
39014,144,False
39015,331,False
39016,398,False
39017,4048,True
39018,5,False
39019,94,False
39020,402,False
39021,1423,False
39022,871,False
39023,2483,False
39024,1353,False
39025,101,False
39026,1368,False
39027,467,False
39028,345,False
39029,346,False
39030,740,False
39031,4080,True
39032,742,False
39033,743,False
39034,22,False
39035,1377,False
39036,79,False
39037,139,False
39038,748,False
39039,1368,False
39040,4103,True
39041,358,False
39042,1975,False
39043,23,False
39044,146,False
39045,4111,True
39046,1979,False
39047,769,False
39048,124,False
39049,373,False
39050,563,False
39051,1454,False
39052,920,False
39053,487,False
39054,42,False
39055,35,False
39056,439,False
39057,4162,True
39058,4168,True
39059,4181,True
39060,1176,False
39061,1390,False
39062,1178,False
39063,4185,True
39064,2470,False
39065,913,False
39066,4192,True
39067,145,False
39068,938,False
39069,939,False
39070,389,False
39071,61,False
39072,457,False
39073,272,False
39074,4198,True
39075,1193,False
39076,461,False
39077,396,False
39078,2486,False
39079,949,False
39080,15,False
39081,1425,False
39082,4206,True
39083,129,False
39084,4213,True
39085,1204,False
39086,413,False
39087,78,False
39088,4275,True
39089,1496,False
39090,477,False
39091,2028,False
39092,2,False
39093,1213,False
39094,4337,True
39095,201,False
39096,2,False
39097,2561,False
39098,204,False
39099,1326,False
39100,6,False
39101,2565,False
39102,1435,False
39103,4343,True
39104,10,False
39105,211,False
39106,4362,True
39107,17,False
39108,4365,True
39109,19,False
39110,216,False
39111,14,False
39112,539,False
39113,985,False
39114,12,False
39115,828,False
39116,4453,True
39117,1463,False
39118,38,False
39119,2583,False
39120,30,False
39121,7,False
39122,2059,False
39123,42,False
39124,4495,True
39125,36,False
39126,1534,False
39127,515,False
39128,47,False
39129,842,False
39130,4506,True
39131,4511,True
39132,1005,False
39133,40,False
39134,2599,False
39135,30,False
39136,43,False
39137,850,False
39138,26,False
39139,1260,False
39140,4526,True
39141,48,False
39142,1,False
39143,2,False
39144,3,False
39145,4,False
39146,1374,False
39147,28,False
39148,4549,True
39149,60,False
39150,655,False
39151,10,False
39152,46,False
39153,2222,False
39154,1562,False
39155,14,False
39156,544,False
39157,4553,True
39158,1031,False
39159,53,False
39160,2097,False
39161,1016,False
39162,73,False
39163,445,False
39164,75,False
39165,23,False
39166,4555,True
39167,1288,False
39168,72,False
39169,80,False
39170,218,False
39171,1399,False
39172,1506,False
39173,1026,False
39174,4595,True
39175,1509,False
39176,2641,False
39177,1511,False
39178,30,False
39179,1032,False
39180,4604,True
39181,68,False
39182,1055,False
39183,87,False
39184,102,False
39185,291,False
39186,25,False
39187,5,False
39188,27,False
39189,4621,True
39190,71,False
39191,30,False
39192,2603,False
39193,111,False
39194,105,False
39195,1068,False
39196,1069,False
39197,1070,False
39198,890,False
39199,1427,False
39200,4627,True
39201,2666,False
39202,590,False
39203,893,False
39204,2669,False
39205,123,False
39206,898,False
39207,934,False
39208,73,False
39209,2674,False
39210,1544,False
39211,4711,True
39212,2677,False
39213,8,False
39214,4763,True
39215,10,False
39216,627,False
39217,4766,True
39218,3108,False
39219,51,False
39220,1448,False
39221,4792,True
39222,726,False
39223,18,False
39224,612,False
39225,2162,False
39226,137,False
39227,138,False
39228,109,False
39229,4815,True
39230,559,False
39231,2300,False
39232,8,False
39233,2698,False
39234,1089,False
39235,116,False
39236,4825,True
39237,1110,False
39238,17,False
39239,119,False
39240,1,False
39241,152,False
39242,4836,True
39243,1116,False
39244,4838,True
39245,166,False
39246,126,False
39247,158,False
39248,76,False
39249,33,False
39250,1479,False
39251,28,False
39252,164,False
39253,981,False
39254,759,False
39255,74,False
39256,4863,True
39257,54,False
39258,948,False
39259,4873,True
39260,953,False
39261,23,False
39262,1491,False
39263,22,False
39264,4886,True
39265,27,False
39266,159,False
39267,51,False
39268,4897,True
39269,181,False
39270,54,False
39271,1619,False
39272,184,False
39273,4915,True
39274,735,False
39275,104,False
39276,168,False
39277,9,False
39278,142,False
39279,668,False
39280,487,False
39281,40,False
39282,4962,True
39283,45,False
39284,2750,False
39285,2751,False
39286,675,False
39287,46,False
39288,178,False
39289,179,False
39290,4975,True
39291,26,False
39292,5,False
39293,90,False
39294,5021,True
39295,625,False
39296,2708,False
39297,1632,False
39298,127,False
39299,211,False
39300,630,False
39301,60,False
39302,131,False
39303,87,False
39304,5031,True
39305,1714,False
39306,38,False
39307,2719,False
39308,5039,True
39309,1644,False
39310,94,False
39311,108,False
39312,1660,False
39313,1648,False
39314,1649,False
39315,5,False
39316,1190,False
39317,49,False
39318,10,False
39319,44,False
39320,5149,True
39321,2,False
39322,7,False
39323,154,False
39324,2264,False
39325,29,False
39326,658,False
39327,1022,False
39328,1665,False
39329,5155,True
39330,161,False
39331,65,False
39332,3,False
39333,2801,False
39334,25,False
39335,1672,False
39336,1028,False
39337,800,False
39338,1675,False
39339,5239,True
39340,26,False
39341,12,False
39342,13,False
39343,806,False
39344,143,False
39345,79,False
39346,2814,False
39347,5305,True
39348,2816,False
39349,50,False
39350,21,False
39351,22,False
39352,1228,False
39353,5323,True
39354,175,False
39355,116,False
39356,5338,True
39357,14,False
39358,2430,False
39359,120,False
39360,18,False
39361,5375,True
39362,33,False
39363,1056,False
39364,288,False
39365,537,False
39366,5393,True
39367,166,False
39368,700,False
39369,27,False
39370,56,False
39371,157,False
39372,30,False
39373,2787,False
39374,205,False
39375,33,False
39376,5395,True
39377,163,False
39378,710,False
39379,1256,False
39380,2849,False
39381,5438,True
39382,1720,False
39383,118,False
39384,171,False
39385,37,False
39386,121,False
39387,5453,True
39388,75,False
39389,73,False
39390,5463,True
39391,63,False
39392,79,False
39393,5468,True
39394,2335,False
39395,265,False
39396,80,False
39397,84,False
39398,220,False
39399,71,False
39400,1751,False
39401,1739,False
39402,224,False
39403,235,False
39404,5469,True
39405,2874,False
39406,93,False
39407,16,False
39408,80,False
39409,81,False
39410,5533,True
39411,173,False
39412,99,False
39413,87,False
39414,203,False
39415,179,False
39416,5548,True
39417,119,False
39418,1112,False
39419,5570,True
39420,5,False
39421,5582,True
39422,5,False
39423,113,False
39424,1765,False
39425,5603,True
39426,1780,False
39427,217,False
39428,40,False
39429,5609,True
39430,9,False
39431,2903,False
39432,257,False
39433,123,False
39434,5724,True
39435,14,False
39436,226,False
39437,2381,False
39438,203,False
39439,1319,False
39440,230,False
39441,1321,False
39442,2386,False
39443,371,False
39444,2862,False
39445,1786,False
39446,5796,True
39447,137,False
39448,5820,True
39449,34,False
39450,5,False
39451,1686,False
39452,5825,True
39453,1333,False
39454,1795,False
39455,922,False
39456,22,False
39457,385,False
39458,1149,False
39459,224,False
39460,1695,False
39461,4,False
39462,2,False
39463,3,False
39464,154,False
39465,5834,True
39466,6,False
39467,7,False
39468,43,False
39469,234,False
39470,10,False
39471,5865,True
39472,2944,False
39473,238,False
39474,5893,True
39475,19,False
39476,311,False
39477,42,False
39478,63,False
39479,5899,True
39480,20,False
39481,5960,True
39482,172,False
39483,26,False
39484,412,False
39485,70,False
39486,6,False
39487,243,False
39488,1368,False
39489,33,False
39490,315,False
39491,6091,True
39492,55,False
39493,960,False
39494,12,False
39495,6108,True
39496,14,False
39497,1838,False
39498,2970,False
39499,39,False
39500,6132,True
39501,64,False
39502,2974,False
39503,1383,False
39504,1195,False
39505,23,False
39506,1198,False
39507,1387,False
39508,48,False
39509,1200,False
39510,1864,False
39511,275,False
39512,40,False
39513,315,False
39514,58,False
39515,35,False
39516,34,False
39517,6208,True
39518,2990,False
39519,1860,False
39520,60,False
39521,41,False
39522,6244,True
39523,48,False
39524,288,False
39525,360,False
39526,6247,True
39527,352,False
39528,98,False
39529,32,False
39530,1945,False
39531,49,False
39532,2476,False
39533,52,False
39534,37,False
39535,120,False
39536,1877,False
39537,40,False
39538,302,False
39539,82,False
39540,10,False
39541,6308,True
39542,2486,False
39543,98,False
39544,1235,False
39545,380,False
39546,7,False
39547,311,False
39548,6343,True
39549,1890,False
39550,375,False
39551,3023,False
39552,6348,True
39553,72,False
39554,2,False
39555,16,False
39556,2500,False
39557,1911,False
39558,1025,False
39559,6388,True
39560,1914,False
39561,1796,False
39562,32,False
39563,1904,False
39564,149,False
39565,26,False
39566,42,False
39567,52,False
39568,2986,False
39569,154,False
39570,19,False
39571,20,False
39572,6410,True
39573,22,False
39574,35,False
39575,6413,True
39576,1930,False
39577,3049,False
39578,1919,False
39579,28,False
39580,1815,False
39581,1922,False
39582,101,False
39583,138,False
39584,6456,True
39585,349,False
39586,350,False
39587,6458,True
39588,390,False
39589,515,False
39590,1279,False
39591,76,False
39592,427,False
39593,1473,False
39594,113,False
39595,56,False
39596,81,False
39597,6469,True
39598,1833,False
39599,16,False
39600,49,False
39601,6494,True
39602,174,False
39603,52,False
39604,1071,False
39605,531,False
39606,55,False
39607,6508,True
39608,93,False
39609,3081,False
39610,2554,False
39611,446,False
39612,73,False
39613,1299,False
39614,63,False
39615,76,False
39616,6517,True
39617,1084,False
39618,420,False
39619,454,False
39620,37,False
39621,2,False
39622,3038,False
39623,1312,False
39624,8,False
39625,1506,False
39626,8,False
39627,1315,False
39628,18,False
39629,45,True
39630,4,False
39631,119,False
39632,180,False
39633,70,True
39634,136,False
39635,2581,False
39636,108,False
39637,11,False
39638,28,False
39639,3057,False
39640,103,False
39641,170,True
39642,105,False
39643,409,False
39644,1332,False
39645,117,False
39646,118,False
39647,181,True
39648,192,True
39649,415,False
39650,194,True
39651,237,False
39652,124,False
39653,2009,False
39654,2733,False
39655,195,True
39656,178,False
39657,204,False
39658,122,False
39659,132,False
39660,124,False
39661,226,True
39662,2609,False
39663,227,True
39664,2,False
39665,56,False
39666,253,False
39667,189,False
39668,6,False
39669,191,False
39670,280,True
39671,215,False
39672,219,False
39673,12,False
39674,3149,False
39675,14,False
39676,15,False
39677,15,False
39678,3097,False
39679,17,False
39680,313,True
39681,214,False
39682,17,False
39683,270,False
39684,359,True
39685,45,False
39686,103,False
39687,2106,False
39688,1572,False
39689,3165,False
39690,234,False
39691,225,False
39692,33,False
39693,33,False
39694,362,True
39695,79,False
39696,88,False
39697,22,False
39698,370,True
39699,3,False
39700,40,False
39701,230,False
39702,66,False
39703,120,False
39704,69,False
39705,294,False
39706,101,False
39707,377,True
39708,232,False
39709,43,False
39710,517,False
39711,48,False
39712,78,False
39713,427,False
39714,54,False
39715,3136,False
39716,305,False
39717,10,False
39718,136,False
39719,247,False
39720,443,False
39721,2141,False
39722,27,False
39723,250,False
39724,275,False
39725,263,False
39726,13,False
39727,69,False
39728,19,False
39729,501,True
39730,501,False
39731,18,False
39732,3155,False
39733,128,False
39734,498,False
39735,77,False
39736,132,False
39737,329,False
39738,136,False
39739,2691,False
39740,510,True
39741,1435,False
39742,79,False
39743,335,False
39744,2696,False
39745,37,False
39746,279,False
39747,523,True
39748,275,False
39749,170,False
39750,560,False
39751,3231,False
39752,524,False
39753,274,False
39754,566,True
39755,307,False
39756,44,False
39757,100,False
39758,101,False
39759,569,True
39760,3184,False
39761,3241,False
39762,576,True
39763,3243,False
39764,601,True
39765,108,False
39766,54,False
39767,165,False
39768,105,False
39769,12,False
39770,602,True
39771,59,False
39772,299,False
39773,138,False
39774,3254,False
39775,1468,False
39776,653,True
39777,2139,False
39778,330,False
39779,1667,False
39780,68,False
39781,705,True
39782,592,False
39783,3207,False
39784,2869,False
39785,181,False
39786,182,False
39787,12,False
39788,740,True
39789,3213,False
39790,3270,False
39791,30,False
39792,2154,False
39793,189,False
39794,102,False
39795,39,False
39796,40,False
39797,3277,False
39798,3222,False
39799,351,False
39800,143,False
39801,45,False
39802,110,False
39803,72,False
39804,356,False
39805,30,False
39806,114,False
39807,579,False
39808,116,False
39809,581,False
39810,153,False
39811,36,False
39812,176,False
39813,852,True
39814,3294,False
39815,334,False
39816,368,False
39817,125,False
39818,590,False
39819,2771,False
39820,592,False
39821,338,False
39822,66,False
39823,633,False
39824,68,False
39825,352,False
39826,134,False
39827,882,True
39828,2780,False
39829,1717,False
39830,913,True
39831,75,False
39832,76,False
39833,141,False
39834,3,False
39835,352,False
39836,1528,False
39837,145,False
39838,126,False
39839,921,True
39840,612,False
39841,11,False
39842,3321,False
39843,2266,False
39844,961,True
39845,2206,False
39846,1734,False
39847,91,False
39848,400,False
39849,983,True
39850,376,False
39851,623,False
39852,96,False
39853,196,False
39854,98,False
39855,1000,True
39856,100,False
39857,3,False
39858,4,False
39859,1026,True
39860,670,False
39861,105,False
39862,634,False
39863,2286,False
39864,1752,False
39865,1031,True
39866,174,False
39867,3290,False
39868,1037,True
39869,74,False
39870,179,False
39871,464,False
39872,1043,True
39873,262,False
39874,153,False
39875,272,False
39876,649,False
39877,386,False
39878,431,False
39879,1065,True
39880,125,False
39881,3361,False
39882,13,False
39883,382,False
39884,163,False
39885,229,False
39886,195,False
39887,231,False
39888,35,False
39889,1083,True
39890,234,False
39891,280,False
39892,703,False
39893,40,False
39894,173,False
39895,2847,False
39896,141,False
39897,241,False
39898,29,False
39899,157,False
39900,1114,True
39901,494,False
39902,495,False
39903,1119,True
39904,398,False
39905,1123,True
39906,1795,False
39907,680,False
39908,1797,False
39909,1175,True
39910,3390,False
39911,220,False
39912,1178,True
39913,441,False
39914,2276,False
39915,1210,True
39916,37,False
39917,728,False
39918,163,False
39919,472,False
39920,282,False
39921,68,False
39922,515,False
39923,413,False
39924,7,False
39925,72,False
39926,1618,False
39927,74,False
39928,1214,True
39929,522,False
39930,50,False
39931,328,False
39932,329,False
39933,80,False
39934,1263,True
39935,180,False
39936,529,False
39937,182,False
39938,183,False
39939,184,False
39940,337,False
39941,714,False
39942,187,False
39943,101,False
39944,288,False
39945,254,False
39946,29,False
39947,3032,False
39948,345,False
39949,1641,False
39950,543,False
39951,1295,True
39952,349,False
39953,1842,False
39954,1843,False
39955,37,False
39956,483,False
39957,77,False
39958,203,False
39959,1335,True
39960,80,False
39961,514,False
39962,555,False
39963,49,False
39964,84,False
39965,210,False
39966,777,False
39967,560,False
39968,1391,True
39969,214,False
39970,56,False
39971,744,False
39972,230,False
39973,370,False
39974,450,False
39975,364,False
39976,749,False
39977,750,False
39978,531,False
39979,752,False
39980,289,False
39981,453,False
39982,1871,False
39983,1397,True
39984,229,False
39985,230,False
39986,1678,False
39987,1399,True
39988,74,False
39989,517,False
39990,235,False
39991,1405,True
39992,2944,False
39993,520,False
39994,521,False
39995,24,False
39996,6,False
39997,394,False
39998,3478,False
39999,353,False
40000,1412,True
40001,280,False
40002,399,False
40003,2955,False
40004,467,False
40005,532,False
40006,3427,False
40007,316,False
40008,253,False
40009,1701,False
40010,483,False
40011,256,False
40012,257,False
40013,1696,False
40014,100,False
40015,359,False
40016,3495,False
40017,26,False
40018,1434,True
40019,29,False
40020,30,False
40021,31,False
40022,331,False
40023,576,False
40024,2448,False
40025,35,False
40026,271,False
40027,495,False
40028,1454,True
40029,426,False
40030,40,False
40031,51,False
40032,3511,False
40033,191,False
40034,45,False
40035,282,False
40036,169,False
40037,1455,True
40038,126,False
40039,1462,True
40040,853,False
40041,636,False
40042,2996,False
40043,572,False
40044,56,False
40045,57,False
40046,166,False
40047,1466,True
40048,170,False
40049,824,False
40050,504,False
40051,298,False
40052,398,False
40053,5,False
40054,400,False
40055,302,False
40056,27,False
40057,1496,True
40058,2,False
40059,3,False
40060,220,False
40061,73,False
40062,33,False
40063,409,False
40064,3545,False
40065,2429,False
40066,1512,True
40067,466,False
40068,1959,False
40069,844,False
40070,665,False
40071,1962,False
40072,194,False
40073,886,False
40074,1513,True
40075,322,False
40076,281,False
40077,632,False
40078,891,False
40079,284,False
40080,675,False
40081,2,False
40082,435,False
40083,1591,True
40084,527,False
40085,41,False
40086,208,False
40087,207,False
40088,369,False
40089,2515,False
40090,61,False
40091,1982,False
40092,10,False
40093,1604,True
40094,16,False
40095,343,False
40096,19,False
40097,693,False
40098,654,False
40099,1635,True
40100,631,False
40101,550,False
40102,502,False
40103,60,False
40104,386,False
40105,28,False
40106,554,False
40107,3062,False
40108,704,False
40109,3064,False
40110,559,False
40111,667,False
40112,512,False
40113,361,False
40114,37,False
40115,891,False
40116,1677,True
40117,1806,False
40118,366,False
40119,4,False
40120,42,False
40121,44,False
40122,1811,False
40123,572,False
40124,147,False
40125,138,False
40126,40,False
40127,527,False
40128,23,False
40129,578,False
40130,87,False
40131,569,False
40132,255,False
40133,381,False
40134,157,False
40135,2027,False
40136,490,False
40137,3561,False
40138,1781,True
40139,96,False
40140,104,False
40141,2506,False
40142,918,False
40143,266,False
40144,700,False
40145,67,False
40146,69,False
40147,3102,False
40148,37,False
40149,1786,True
40150,3632,False
40151,747,False
40152,504,False
40153,929,False
40154,682,False
40155,931,False
40156,752,False
40157,15,False
40158,60,False
40159,81,False
40160,117,False
40161,1817,True
40162,690,False
40163,85,False
40164,3119,False
40165,761,False
40166,1824,True
40167,3649,False
40168,53,False
40169,1917,True
40170,418,False
40171,419,False
40172,611,False
40173,601,False
40174,612,False
40175,131,False
40176,1926,True
40177,424,False
40178,134,False
40179,953,False
40180,3660,False
40181,137,False
40182,1938,True
40183,3663,False
40184,1974,True
40185,106,False
40186,433,False
40187,624,False
40188,782,False
40189,322,False
40190,1977,True
40191,18,False
40192,788,False
40193,2558,False
40194,11,False
40195,792,False
40196,2009,True
40197,86,False
40198,3680,False
40199,448,False
40200,17,False
40201,28,False
40202,451,False
40203,2024,True
40204,3,False
40205,454,False
40206,456,False
40207,333,False
40208,168,False
40209,807,False
40210,565,False
40211,649,False
40212,339,False
40213,30,False
40214,341,False
40215,2039,True
40216,620,False
40217,20,False
40218,751,False
40219,3705,False
40220,359,False
40221,821,False
40222,53,False
40223,2592,False
40224,13,False
40225,478,False
40226,30,False
40227,2045,True
40228,2597,False
40229,2053,True
40230,46,False
40231,328,False
40232,637,False
40233,123,False
40234,2130,False
40235,66,False
40236,641,False
40237,20,False
40238,131,False
40239,55,False
40240,493,False
40241,72,False
40242,60,False
40243,2139,False
40244,844,False
40245,3204,False
40246,3732,False
40247,2083,True
40248,79,False
40249,536,False
40250,140,False
40251,33,False
40252,2086,True
40253,786,False
40254,85,False
40255,788,False
40256,74,False
40257,219,False
40258,663,False
40259,860,False
40260,2104,True
40261,37,False
40262,11,False
40263,1044,False
40264,46,False
40265,156,False
40266,520,False
40267,44,False
40268,2125,True
40269,872,False
40270,2168,False
40271,76,False
40272,402,False
40273,2153,True
40274,3762,False
40275,1057,False
40276,531,False
40277,241,False
40278,1,False
40279,1062,False
40280,410,False
40281,3242,False
40282,67,False
40283,702,False
40284,67,False
40285,63,False
40286,250,False
40287,93,False
40288,2186,False
40289,95,False
40290,3384,False
40291,3779,False
40292,2202,True
40293,257,False
40294,2727,False
40295,18,False
40296,2211,True
40297,552,False
40298,21,False
40299,263,False
40300,54,False
40301,728,False
40302,560,False
40303,2739,False
40304,437,False
40305,871,False
40306,2225,True
40307,912,False
40308,89,False
40309,719,False
40310,3801,False
40311,569,False
40312,570,False
40313,2236,True
40314,10,False
40315,1100,False
40316,2241,True
40317,13,False
40318,576,False
40319,1143,False
40320,731,False
40321,219,False
40322,2309,True
40323,581,False
40324,400,False
40325,136,False
40326,864,False
40327,294,False
40328,2326,True
40329,693,False
40330,623,False
40331,2706,False
40332,938,False
40333,232,False
40334,31,False
40335,62,False
40336,2238,False
40337,748,False
40338,35,False
40339,66,False
40340,599,False
40341,2354,True
40342,129,False
40343,152,False
40344,951,False
40345,884,False
40346,3838,False
40347,606,False
40348,768,False
40349,2369,True
40350,643,False
40351,771,False
40352,2789,False
40353,718,False
40354,613,False
40355,323,False
40356,324,False
40357,2431,True
40358,617,False
40359,146,False
40360,764,False
40361,330,False
40362,331,False
40363,2434,True
40364,333,False
40365,175,False
40366,1192,False
40367,156,False
40368,337,False
40369,2436,True
40370,2486,True
40371,1197,False
40372,162,False
40373,3866,False
40374,1161,False
40375,2063,False
40376,7,False
40377,2583,True
40378,9,False
40379,443,False
40380,12,False
40381,793,False
40382,350,False
40383,10,False
40384,352,False
40385,353,False
40386,17,False
40387,8,False
40388,19,False
40389,179,False
40390,179,False
40391,803,False
40392,11,False
40393,653,False
40394,810,False
40395,27,False
40396,656,False
40397,2650,True
40398,1186,False
40399,188,False
40400,31,False
40401,536,False
40402,21,False
40403,3711,False
40404,2677,True
40405,374,False
40406,83,False
40407,39,False
40408,197,False
40409,86,False
40410,671,False
40411,2315,False
40412,2700,True
40413,982,False
40414,25,False
40415,2714,True
40416,1205,False
40417,678,False
40418,467,False
40419,3914,False
40420,683,False
40421,2772,True
40422,965,False
40423,6,False
40424,721,False
40425,840,False
40426,2838,True
40427,690,False
40428,1219,False
40429,53,False
40430,799,False
40431,110,False
40432,15,False
40433,55,False
40434,4,False
40435,2880,True
40436,72,False
40437,2978,True
40438,3408,False
40439,578,False
40440,579,False
40441,2994,True
40442,13,False
40443,257,False
40444,2352,False
40445,861,False
40446,585,False
40447,31,False
40448,2,False
40449,33,False
40450,10,False
40451,5,False
40452,716,False
40453,717,False
40454,718,False
40455,27,False
40456,428,False
40457,3164,True
40458,42,False
40459,2366,False
40460,96,False
40461,2841,False
40462,3170,True
40463,47,False
40464,50,False
40465,6,False
40466,3438,False
40467,3202,True
40468,21,False
40469,107,False
40470,444,False
40471,1264,False
40472,3971,False
40473,739,False
40474,60,False
40475,1269,False
40476,13,False
40477,1270,False
40478,52,False
40479,18,False
40480,454,False
40481,119,False
40482,39,False
40483,3258,True
40484,3796,False
40485,302,False
40486,1,False
40487,41,False
40488,463,False
40489,3293,True
40490,2,False
40491,174,False
40492,97,False
40493,119,False
40494,2186,False
40495,37,False
40496,8,False
40497,3350,True
40498,640,False
40499,2409,False
40500,801,False
40501,476,False
40502,1335,False
40503,16,False
40504,3352,True
40505,1052,False
40506,6,False
40507,3393,True
40508,24,False
40509,137,False
40510,2420,False
40511,2203,False
40512,195,False
40513,4013,False
40514,64,False
40515,3400,True
40516,889,False
40517,334,False
40518,32,False
40519,82,False
40520,11,False
40521,35,False
40522,823,False
40523,206,False
40524,71,False
40525,2217,False
40526,40,False
40527,73,False
40528,3422,True
40529,3841,False
40530,903,False
40531,45,False
40532,44,False
40533,3462,True
40534,48,False
40535,4035,False
40536,27,False
40537,51,False
40538,52,False
40539,4,False
40540,515,False
40541,83,False
40542,83,False
40543,1118,False
40544,3506,True
40545,108,False
40546,229,False
40547,522,False
40548,62,False
40549,968,False
40550,64,False
40551,970,False
40552,4,False
40553,3526,False
40554,1101,False
40555,3529,True
40556,4056,False
40557,2248,False
40558,538,False
40559,60,False
40560,377,False
40561,3530,True
40562,3874,False
40563,1138,False
40564,381,False
40565,77,False
40566,3587,True
40567,81,False
40568,548,False
40569,386,False
40570,387,False
40571,1366,False
40572,1366,False
40573,715,False
40574,13,False
40575,1122,False
40576,2267,False
40577,91,False
40578,1372,False
40579,159,False
40580,3645,True
40581,723,False
40582,96,False
40583,40,False
40584,11,False
40585,1418,False
40586,51,False
40587,89,False
40588,3562,False
40589,1009,False
40590,3672,True
40591,1011,False
40592,410,False
40593,1389,False
40594,3,False
40595,3684,True
40596,3685,True
40597,1431,False
40598,1146,False
40599,4100,False
40600,28,False
40601,144,False
40602,3693,True
40603,118,False
40604,32,False
40605,33,False
40606,122,False
40607,1403,False
40608,75,False
40609,912,False
40610,4113,False
40611,589,False
40612,3719,True
40613,130,False
40614,592,False
40615,84,False
40616,599,False
40617,3774,True
40618,49,False
40619,598,False
40620,599,False
40621,605,False
40622,1045,False
40623,54,False
40624,1422,False
40625,143,False
40626,447,False
40627,3832,True
40628,146,False
40629,1052,False
40630,18,False
40631,452,False
40632,453,False
40633,1184,False
40634,152,False
40635,4,False
40636,457,False
40637,3893,True
40638,459,False
40639,1190,False
40640,1438,False
40641,1479,False
40642,11,False
40643,287,False
40644,1197,False
40645,1484,False
40646,953,False
40647,3939,True
40648,25,False
40649,4155,False
40650,3039,False
40651,632,False
40652,959,False
40653,3965,True
40654,299,False
40655,32,False
40656,176,False
40657,27,False
40658,61,False
40659,179,False
40660,1241,False
40661,231,False
40662,2579,False
40663,99,False
40664,1,False
40665,1090,False
40666,4001,True
40667,44,False
40668,38,False
40669,314,False
40670,190,False
40671,49,False
40672,86,False
40673,654,False
40674,4080,True
40675,661,False
40676,54,False
40677,9,False
40678,4135,True
40679,665,False
40680,200,False
40681,3070,False
40682,668,False
40683,39,False
40684,1265,False
40685,75,False
40686,4213,True
40687,510,False
40688,3667,False
40689,670,False
40690,73,False
40691,336,False
40692,69,False
40693,5,False
40694,26,False
40695,1276,False
40696,110,False
40697,244,False
40698,4286,True
40699,3678,False
40700,3679,False
40701,4019,False
40702,4298,True
40703,93,False
40704,224,False
40705,215,False
40706,1131,False
40707,217,False
40708,1261,False
40709,30,False
40710,1135,False
40711,125,False
40712,126,False
40713,231,False
40714,234,False
40715,538,False
40716,4327,True
40717,49,False
40718,1271,False
40719,288,False
40720,4355,True
40721,1146,False
40722,8,False
40723,1276,False
40724,10,False
40725,102,False
40726,90,False
40727,1528,False
40728,4046,False
40729,93,False
40730,250,False
40731,1570,False
40732,252,False
40733,4356,True
40734,4367,True
40735,1160,False
40736,22,False
40737,4052,False
40738,1117,False
40739,46,False
40740,260,False
40741,4393,True
40742,565,False
40743,104,False
40744,4467,True
40745,4060,False
40746,21,False
40747,267,False
40748,571,False
40749,693,False
40750,2666,False
40751,320,False
40752,1553,False
40753,257,False
40754,4470,True
40755,169,False
40756,2673,False
40757,277,False
40758,279,False
40759,137,False
40760,4076,False
40761,332,False
40762,586,False
40763,4270,False
40764,51,False
40765,4540,True
40766,285,False
40767,1147,False
40768,146,False
40769,4276,False
40770,4551,True
40771,208,False
40772,80,False
40773,1081,False
40774,152,False
40775,1201,False
40776,137,False
40777,4284,False
40778,156,False
40779,300,False
40780,301,False
40781,20,False
40782,301,False
40783,4571,True
40784,429,False
40785,306,False
40786,73,False
40787,286,False
40788,1096,False
40789,434,False
40790,735,False
40791,4298,False
40792,3772,False
40793,483,False
40794,172,False
40795,4302,False
40796,175,False
40797,4634,True
40798,4114,False
40799,623,False
40800,6,False
40801,309,False
40802,1603,False
40803,627,False
40804,449,False
40805,326,False
40806,221,False
40807,114,False
40808,4636,True
40809,328,False
40810,2,False
40811,9,False
40812,190,False
40813,192,False
40814,335,False
40815,4663,True
40816,25,False
40817,92,False
40818,13,False
40819,342,False
40820,1662,False
40821,1625,False
40822,4734,True
40823,3805,False
40824,4333,False
40825,3807,False
40826,265,False
40827,207,False
40828,1412,False
40829,36,False
40830,119,False
40831,20,False
40832,39,False
40833,3225,False
40834,1262,False
40835,527,False
40836,357,False
40837,4736,True
40838,4751,True
40839,129,False
40840,362,False
40841,131,False
40842,669,False
40843,4,False
40844,1155,False
40845,4164,False
40846,56,False
40847,16,False
40848,4829,True
40849,45,False
40850,126,False
40851,1280,False
40852,233,False
40853,234,False
40854,24,False
40855,4860,True
40856,237,False
40857,382,False
40858,1292,False
40859,2,False
40860,18,False
40861,101,False
40862,38,False
40863,4861,True
40864,22,False
40865,393,False
40866,394,False
40867,4866,True
40868,36,False
40869,314,False
40870,1679,False
40871,1719,False
40872,11,False
40873,4891,True
40874,402,False
40875,2800,False
40876,90,False
40877,709,False
40878,406,False
40879,711,False
40880,19,False
40881,407,False
40882,4397,False
40883,536,False
40884,98,False
40885,4914,True
40886,839,False
40887,273,False
40888,1449,False
40889,64,False
40890,2814,False
40891,544,False
40892,1326,False
40893,338,False
40894,1704,False
40895,423,False
40896,62,False
40897,1458,False
40898,138,False
40899,1460,False
40900,184,False
40901,287,False
40902,4978,True
40903,4418,False
40904,43,False
40905,48,False
40906,81,False
40907,82,False
40908,2833,False
40909,296,False
40910,76,False
40911,4979,True
40912,4427,False
40913,193,False
40914,491,False
40915,4980,True
40916,55,False
40917,8,False
40918,57,False
40919,11,False
40920,4436,False
40921,1310,False
40922,4438,False
40923,1358,False
40924,5021,True
40925,206,False
40926,91,False
40927,5048,True
40928,98,False
40929,1778,False
40930,125,False
40931,885,False
40932,1321,False
40933,512,False
40934,2860,False
40935,889,False
40936,769,False
40937,76,False
40938,5082,True
40939,5097,True
40940,27,False
40941,81,False
40942,469,False
40943,20,False
40944,139,False
40945,1536,False
40946,5101,True
40947,123,False
40948,25,False
40949,125,False
40950,12,False
40951,424,False
40952,147,False
40953,4469,False
40954,16,False
40955,150,False
40956,5135,True
40957,37,False
40958,10,False
40959,1769,False
40960,4283,False
40961,5193,True
40962,243,False
40963,4286,False
40964,2890,False
40965,4288,False
40966,28,False
40967,4290,False
40968,5259,True
40969,1818,False
40970,55,False
40971,51,False
40972,34,False
40973,1564,False
40974,628,False
40975,1786,False
40976,5303,True
40977,57,False
40978,4494,False
40979,64,False
40980,4496,False
40981,43,False
40982,158,False
40983,45,False
40984,1419,False
40985,1576,False
40986,1375,False
40987,163,False
40988,65,False
40989,69,False
40990,130,False
40991,5343,True
40992,1427,False
40993,4316,False
40994,693,False
40995,5359,True
40996,22,False
40997,138,False
40998,320,False
40999,195,False
41000,914,False
41001,64,False
41002,5375,True
41003,3402,False
41004,67,False
41005,523,False
41006,92,False
41007,2934,False
41008,1571,False
41009,3999,False
41010,5399,True
41011,1861,False
41012,2939,False
41013,4530,False
41014,475,False
41015,5485,True
41016,4533,False
41017,80,False
41018,81,False
41019,31,False
41020,83,False
41021,107,False
41022,5527,True
41023,551,False
41024,1587,False
41025,106,False
41026,307,False
41027,5576,True
41028,6,False
41029,5578,True
41030,93,False
41031,22,False
41032,1882,False
41033,561,False
41034,5651,True
41035,949,False
41036,19,False
41037,4554,False
41038,124,False
41039,1850,False
41040,1476,False
41041,129,False
41042,956,False
41043,325,False
41044,125,False
41045,108,False
41046,37,False
41047,5668,True
41048,882,False
41049,112,False
41050,884,False
41051,32,False
41052,57,False
41053,887,False
41054,888,False
41055,890,False
41056,38,False
41057,5671,True
41058,429,False
41059,87,False
41060,148,False
41061,144,False
41062,239,False
41063,1627,False
41064,186,False
41065,35,False
41066,5685,True
41067,2996,False
41068,2997,False
41069,440,False
41070,4589,False
41071,4395,False
41072,4591,False
41073,5728,True
41074,1512,False
41075,158,False
41076,55,False
41077,23,False
41078,143,False
41079,168,False
41080,146,False
41081,1646,False
41082,919,False
41083,27,False
41084,589,False
41085,29,False
41086,4606,False
41087,5811,True
41088,154,False
41089,4414,False
41090,5851,True
41091,269,False
41092,929,False
41093,1907,False
41094,931,False
41095,5887,True
41096,5893,True
41097,386,False
41098,935,False
41099,165,False
41100,167,False
41101,168,False
41102,38,False
41103,1543,False
41104,6018,True
41105,4431,False
41106,6067,True
41107,84,False
41108,85,False
41109,254,False
41110,6104,True
41111,1029,False
41112,290,False
41113,1928,False
41114,13,False
41115,182,False
41116,54,False
41117,6180,True
41118,823,False
41119,958,False
41120,1561,False
41121,1937,False
41122,961,False
41123,6182,True
41124,26,False
41125,1722,False
41126,297,False
41127,966,False
41128,104,False
41129,1983,False
41130,135,False
41131,30,False
41132,716,False
41133,231,False
41134,60,False
41135,203,False
41136,36,False
41137,1991,False
41138,6208,True
41139,84,False
41140,37,False
41141,41,False
41142,210,False
41143,434,False
41144,70,False
41145,41,False
41146,214,False
41147,143,False
41148,6282,True
41149,4476,False
41150,4145,False
41151,1592,False
41152,48,False
41153,439,False
41154,54,False
41155,688,False
41156,302,False
41157,4152,False
41158,4485,False
41159,135,False
41160,447,False
41161,452,False
41162,6338,True
41163,231,False
41164,4686,False
41165,62,False
41166,171,False
41167,63,False
41168,6363,True
41169,95,False
41170,166,False
41171,1612,False
41172,318,False
41173,58,False
41174,1074,False
41175,243,False
41176,58,False
41177,248,False
41178,6532,True
41179,61,False
41180,764,False
41181,1997,False
41182,74,False
41183,1624,False
41184,133,False
41185,3116,False
41186,2002,False
41187,42,False
41188,1027,False
41189,86,False
41190,148,True
41191,150,True
41192,183,True
41193,138,False
41194,91,False
41195,92,False
41196,141,False
41197,1764,False
41198,86,False
41199,2053,False
41200,185,True
41201,269,False
41202,57,False
41203,62,False
41204,2058,False
41205,193,True
41206,1647,False
41207,2023,False
41208,14,False
41209,1048,False
41210,635,False
41211,45,False
41212,70,False
41213,244,True
41214,4736,False
41215,249,True
41216,212,False
41217,75,False
41218,214,False
41219,2035,False
41220,3151,False
41221,367,False
41222,402,False
41223,303,True
41224,30,False
41225,31,False
41226,106,False
41227,3159,False
41228,34,False
41229,1068,False
41230,376,False
41231,738,False
41232,330,False
41233,344,True
41234,3166,False
41235,303,False
41236,304,False
41237,305,False
41238,35,False
41239,1680,False
41240,368,True
41241,1080,False
41242,48,False
41243,44,False
41244,40,False
41245,3177,False
41246,42,False
41247,1844,False
41248,316,False
41249,4244,False
41250,468,True
41251,3183,False
41252,552,True
41253,4775,False
41254,52,False
41255,252,False
41256,1825,False
41257,549,False
41258,65,False
41259,10,False
41260,1160,False
41261,1830,False
41262,68,False
41263,569,True
41264,149,False
41265,4788,False
41266,335,False
41267,50,False
41268,213,False
41269,2086,False
41270,154,False
41271,301,False
41272,78,False
41273,131,False
41274,80,False
41275,2092,False
41276,1116,False
41277,216,False
41278,22,False
41279,659,True
41280,1878,False
41281,16,False
41282,128,False
41283,66,False
41284,229,False
41285,170,False
41286,355,False
41287,357,False
41288,358,False
41289,320,False
41290,147,False
41291,3224,False
41292,88,False
41293,695,True
41294,73,False
41295,68,False
41296,4820,False
41297,3,False
41298,16,False
41299,447,False
41300,2,False
41301,158,False
41302,86,False
41303,39,False
41304,374,False
41305,303,False
41306,4303,False
41307,732,True
41308,10,False
41309,27,False
41310,12,False
41311,4308,False
41312,382,False
41313,2131,False
41314,90,False
41315,1914,False
41316,55,False
41317,610,False
41318,611,False
41319,750,True
41320,104,False
41321,3255,False
41322,1028,False
41323,102,False
41324,1767,False
41325,2143,False
41326,32,False
41327,107,False
41328,476,False
41329,48,False
41330,789,True
41331,130,False
41332,1931,False
41333,331,False
41334,819,True
41335,37,False
41336,406,False
41337,407,False
41338,40,False
41339,1938,False
41340,34,False
41341,844,True
41342,274,False
41343,80,False
41344,4868,False
41345,291,False
41346,2,False
41347,65,False
41348,2166,False
41349,982,True
41350,498,False
41351,4875,False
41352,298,False
41353,423,False
41354,1924,False
41355,134,False
41356,4353,False
41357,649,False
41358,137,False
41359,1802,False
41360,78,False
41361,984,True
41362,1932,False
41363,4887,False
41364,1225,False
41365,1964,False
41366,18,False
41367,252,False
41368,227,False
41369,168,False
41370,985,True
41371,239,False
41372,2190,False
41373,304,False
41374,4898,False
41375,321,False
41376,1975,False
41377,33,False
41378,30,False
41379,177,False
41380,239,False
41381,37,False
41382,57,False
41383,1826,False
41384,1983,False
41385,41,False
41386,456,False
41387,167,False
41388,106,False
41389,986,True
41390,66,False
41391,1961,False
41392,1991,False
41393,2249,False
41394,3800,False
41395,159,False
41396,255,False
41397,467,False
41398,344,False
41399,4396,False
41400,29,False
41401,1844,False
41402,120,False
41403,4927,False
41404,106,False
41405,5,False
41406,62,False
41407,180,False
41408,172,False
41409,111,False
41410,356,False
41411,1118,True
41412,1855,False
41413,818,False
41414,132,False
41415,67,False
41416,3349,False
41417,1130,True
41418,488,False
41419,137,False
41420,72,False
41421,3,False
41422,74,False
41423,5,False
41424,142,False
41425,423,False
41426,52,False
41427,458,False
41428,350,False
41429,4953,False
41430,1206,True
41431,1137,False
41432,1138,False
41433,85,False
41434,16,False
41435,153,False
41436,14,False
41437,156,False
41438,323,False
41439,3372,False
41440,1237,True
41441,97,False
41442,4966,False
41443,25,False
41444,4441,False
41445,23,False
41446,2016,False
41447,9,False
41448,1349,True
41449,3382,False
41450,2020,False
41451,155,False
41452,4976,False
41453,48,False
41454,746,False
41455,37,False
41456,4980,False
41457,1063,False
41458,40,False
41459,1407,True
41460,11,False
41461,44,False
41462,184,False
41463,184,False
41464,16,False
41465,66,False
41466,319,False
41467,17,False
41468,761,False
41469,61,False
41470,123,False
41471,464,False
41472,191,False
41473,52,False
41474,37,False
41475,27,False
41476,306,False
41477,29,False
41478,1594,True
41479,132,False
41480,773,False
41481,33,False
41482,157,False
41483,62,False
41484,67,False
41485,190,False
41486,65,False
41487,315,False
41488,20,False
41489,52,False
41490,11,False
41491,12,False
41492,320,False
41493,323,False
41494,1685,True
41495,644,False
41496,201,False
41497,444,False
41498,90,False
41499,4497,False
41500,2319,False
41501,1315,False
41502,1691,True
41503,2322,False
41504,104,False
41505,2105,False
41506,11,False
41507,2364,False
41508,889,False
41509,456,False
41510,73,False
41511,2368,False
41512,1693,True
41513,92,False
41514,2085,False
41515,315,False
41516,99,False
41517,3,False
41518,1,False
41519,71,False
41520,2339,False
41521,2340,False
41522,47,False
41523,38,False
41524,1716,True
41525,126,False
41526,819,False
41527,3462,False
41528,80,False
41529,3936,False
41530,1974,False
41531,1781,True
41532,20,False
41533,533,False
41534,684,False
41535,23,False
41536,52,False
41537,18,False
41538,2,False
41539,20,False
41540,46,False
41541,2399,False
41542,218,False
41543,59,False
41544,128,False
41545,1805,True
41546,130,False
41547,5073,False
41548,64,False
41549,582,False
41550,1995,False
41551,702,False
41552,106,False
41553,29,False
41554,2376,False
41555,1815,True
41556,3494,False
41557,139,False
41558,144,False
41559,20,False
41560,142,False
41561,2,False
41562,52,False
41563,404,False
41564,405,False
41565,151,False
41566,49,False
41567,149,False
41568,172,False
41569,52,False
41570,1868,True
41571,51,False
41572,7,False
41573,608,False
41574,524,False
41575,178,False
41576,59,False
41577,163,False
41578,164,False
41579,97,False
41580,530,False
41581,384,False
41582,5110,False
41583,59,False
41584,2158,False
41585,1937,True
41586,427,False
41587,142,False
41588,111,False
41589,24,False
41590,2039,True
41591,173,False
41592,1366,False
41593,271,False
41594,483,False
41595,177,False
41596,1370,False
41597,152,False
41598,88,False
41599,117,False
41600,5128,False
41601,183,False
41602,379,False
41603,189,False
41604,159,False
41605,40,False
41606,96,False
41607,2116,True
41608,91,False
41609,386,False
41610,196,False
41611,2433,False
41612,4021,False
41613,2060,False
41614,2140,True
41615,98,False
41616,171,False
41617,203,False
41618,770,False
41619,102,False
41620,3558,False
41621,2146,True
41622,159,False
41623,1397,False
41624,114,False
41625,458,False
41626,144,False
41627,145,False
41628,214,False
41629,112,False
41630,95,False
41631,12,False
41632,218,False
41633,2223,True
41634,189,False
41635,5163,False
41636,638,False
41637,3575,False
41638,128,False
41639,129,False
41640,75,False
41641,2227,True
41642,794,False
41643,31,False
41644,108,False
41645,2467,False
41646,2248,True
41647,82,False
41648,83,False
41649,1423,False
41650,43,False
41651,12,False
41652,2289,True
41653,136,False
41654,16,False
41655,238,False
41656,140,False
41657,2299,True
41658,20,False
41659,178,False
41660,179,False
41661,266,False
41662,494,False
41663,2300,True
41664,2342,True
41665,270,False
41666,368,False
41667,371,False
41668,152,False
41669,672,False
41670,2118,False
41671,190,False
41672,34,False
41673,211,False
41674,28,False
41675,2,False
41676,111,False
41677,168,False
41678,2377,True
41679,5208,False
41680,263,False
41681,5210,False
41682,633,False
41683,513,False
41684,116,False
41685,14,False
41686,2394,True
41687,225,False
41688,16,False
41689,11,False
41690,2397,True
41691,2514,False
41692,20,False
41693,127,False
41694,645,False
41695,2411,True
41696,849,False
41697,4699,False
41698,27,False
41699,131,False
41700,24,False
41701,4111,False
41702,2536,True
41703,507,False
41704,188,False
41705,858,False
41706,68,False
41707,485,False
41708,2612,True
41709,862,False
41710,16,False
41711,2286,False
41712,240,False
41713,1453,False
41714,233,False
41715,2616,True
41716,3,False
41717,4,False
41718,323,False
41719,2621,True
41720,239,False
41721,3,False
41722,213,False
41723,726,False
41724,86,False
41725,610,False
41726,88,False
41727,211,False
41728,2675,True
41729,5,False
41730,249,False
41731,304,False
41732,683,False
41733,736,False
41734,10,False
41735,2848,True
41736,4146,False
41737,221,False
41738,4,False
41739,223,False
41740,102,False
41741,623,False
41742,694,False
41743,42,False
41744,73,False
41745,5,False
41746,554,False
41747,2323,False
41748,24,False
41749,241,False
41750,2901,True
41751,2200,False
41752,906,False
41753,3693,False
41754,2359,False
41755,14,False
41756,2580,False
41757,2910,True
41758,709,False
41759,87,False
41760,245,False
41761,20,False
41762,2973,True
41763,106,False
41764,292,False
41765,339,False
41766,129,False
41767,718,False
41768,2980,True
41769,4772,False
41770,2346,False
41771,35,False
41772,5302,False
41773,4776,False
41774,37,False
41775,2982,True
41776,2,False
41777,262,False
41778,4,False
41779,3041,True
41780,2229,False
41781,301,False
41782,4785,False
41783,508,False
41784,3048,True
41785,270,False
41786,12,False
41787,3122,True
41788,51,False
41789,152,False
41790,16,False
41791,223,False
41792,518,False
41793,519,False
41794,369,False
41795,601,False
41796,2402,False
41797,750,False
41798,373,False
41799,232,False
41800,321,False
41801,956,False
41802,3138,True
41803,101,False
41804,131,False
41805,5335,False
41806,327,False
41807,3,False
41808,172,False
41809,2259,False
41810,2635,False
41811,74,False
41812,2,False
41813,5343,False
41814,178,False
41815,301,False
41816,43,False
41817,542,False
41818,3170,True
41819,5349,False
41820,184,False
41821,205,False
41822,977,False
41823,67,False
41824,4,False
41825,2275,False
41826,3171,True
41827,348,False
41828,5358,False
41829,4832,False
41830,5360,False
41831,3218,True
41832,2438,False
41833,60,False
41834,14,False
41835,5365,False
41836,2,False
41837,7,False
41838,11,False
41839,2415,False
41840,10,False
41841,327,False
41842,3783,False
41843,364,False
41844,71,False
41845,18,False
41846,61,False
41847,174,False
41848,3238,True
41849,2712,False
41850,326,False
41851,378,False
41852,68,False
41853,3249,True
41854,70,False
41855,341,False
41856,220,False
41857,30,False
41858,344,False
41859,4862,False
41860,3262,True
41861,561,False
41862,668,False
41863,227,False
41864,91,False
41865,392,False
41866,3300,True
41867,647,False
41868,19,False
41869,3316,True
41870,356,False
41871,446,False
41872,393,False
41873,100,False
41874,1029,False
41875,3817,False
41876,105,False
41877,2704,False
41878,401,False
41879,270,False
41880,3386,True
41881,3,False
41882,248,False
41883,248,False
41884,250,False
41885,2,False
41886,3829,False
41887,3502,True
41888,2753,False
41889,118,False
41890,62,False
41891,83,False
41892,619,False
41893,3595,True
41894,3609,True
41895,418,False
41896,13,False
41897,851,False
41898,625,False
41899,3655,True
41900,2765,False
41901,478,False
41902,267,False
41903,3845,False
41904,4316,False
41905,77,False
41906,2733,False
41907,17,False
41908,485,False
41909,2487,False
41910,2775,False
41911,233,False
41912,3874,True
41913,401,False
41914,3877,True
41915,281,False
41916,25,False
41917,282,False
41918,169,False
41919,170,False
41920,34,False
41921,11,False
41922,12,False
41923,37,False
41924,141,False
41925,2377,False
41926,880,False
41927,259,False
41928,178,False
41929,629,False
41930,181,False
41931,49,False
41932,3885,True
41933,421,False
41934,476,False
41935,300,False
41936,3922,True
41937,183,False
41938,45,False
41939,131,False
41940,463,False
41941,187,False
41942,11,False
41943,191,False
41944,197,False
41945,100,False
41946,194,False
41947,63,False
41948,196,False
41949,3967,True
41950,728,False
41951,476,False
41952,319,False
41953,320,False
41954,48,False
41955,480,False
41956,8,False
41957,4011,True
41958,189,False
41959,67,False
41960,9,False
41961,398,False
41962,4012,True
41963,89,False
41964,16,False
41965,544,False
41966,1,False
41967,669,False
41968,74,False
41969,75,False
41970,495,False
41971,5,False
41972,4022,True
41973,87,False
41974,45,False
41975,194,False
41976,2805,False
41977,467,False
41978,197,False
41979,210,False
41980,14,False
41981,369,False
41982,10,False
41983,4025,True
41984,203,False
41985,22,False
41986,38,False
41987,477,False
41988,1291,False
41989,16,False
41990,24,False
41991,165,False
41992,947,False
41993,361,False
41994,1153,False
41995,4051,True
41996,2825,False
41997,541,False
41998,2578,False
41999,489,False
42000,37,False
42001,491,False
42002,176,False
42003,391,False
42004,4072,True
42005,372,False
42006,531,False
42007,44,False
42008,4075,True
42009,228,False
42010,511,False
42011,501,False
42012,8,False
42013,39,False
42014,347,False
42015,505,False
42016,506,False
42017,409,False
42018,3,False
42019,509,False
42020,599,False
42021,12,False
42022,512,False
42023,242,False
42024,4096,True
42025,278,False
42026,200,False
42027,2637,False
42028,2482,False
42029,5563,False
42030,4444,False
42031,2611,False
42032,2612,False
42033,19,False
42034,60,False
42035,990,False
42036,352,False
42037,4145,True
42038,617,False
42039,4187,True
42040,137,False
42041,478,False
42042,409,False
42043,45,False
42044,481,False
42045,276,False
42046,3,False
42047,278,False
42048,10,False
42049,859,False
42050,102,False
42051,595,False
42052,86,False
42053,10,False
42054,422,False
42055,4267,True
42056,104,False
42057,26,False
42058,425,False
42059,427,False
42060,22,False
42061,9,False
42062,4273,True
42063,553,False
42064,317,False
42065,56,False
42066,14,False
42067,434,False
42068,116,False
42069,4295,True
42070,2524,False
42071,123,False
42072,74,False
42073,326,False
42074,4343,True
42075,775,False
42076,2686,False
42077,167,False
42078,412,False
42079,299,False
42080,660,False
42081,5616,False
42082,2,False
42083,75,False
42084,5619,False
42085,4406,True
42086,5094,False
42087,1247,False
42088,342,False
42089,1249,False
42090,264,False
42091,19,False
42092,583,False
42093,2,False
42094,463,False
42095,53,False
42096,5631,False
42097,4417,True
42098,589,False
42099,187,False
42100,538,False
42101,172,False
42102,4455,True
42103,2971,False
42104,106,False
42105,140,False
42106,141,False
42107,598,False
42108,361,False
42109,67,False
42110,163,False
42111,2722,False
42112,1416,False
42113,199,False
42114,1274,False
42115,73,False
42116,3,False
42117,4502,True
42118,76,False
42119,77,False
42120,2701,False
42121,2576,False
42122,42,False
42123,34,False
42124,1380,False
42125,36,False
42126,495,False
42127,210,False
42128,4543,False
42129,161,False
42130,213,False
42131,4522,True
42132,19,False
42133,863,False
42134,2588,False
42135,714,False
42136,356,False
42137,138,False
42138,122,False
42139,23,False
42140,1298,False
42141,4547,True
42142,15,False
42143,26,False
42144,1302,False
42145,687,False
42146,4591,True
42147,28,False
42148,727,False
42149,201,False
42150,2604,False
42151,371,False
42152,2606,False
42153,486,False
42154,4612,True
42155,734,False
42156,387,False
42157,654,False
42158,700,False
42159,4613,True
42160,378,False
42161,12,False
42162,530,False
42163,383,False
42164,1322,False
42165,91,False
42166,53,False
42167,2621,False
42168,420,False
42169,748,False
42170,660,False
42171,80,False
42172,424,False
42173,4616,True
42174,753,False
42175,23,False
42176,407,False
42177,161,False
42178,25,False
42179,245,False
42180,547,False
42181,2760,False
42182,402,False
42183,4646,True
42184,2764,False
42185,552,False
42186,37,False
42187,72,False
42188,71,False
42189,1346,False
42190,687,False
42191,3020,False
42192,40,False
42193,68,False
42194,80,False
42195,447,False
42196,248,False
42197,449,False
42198,1355,False
42199,4726,True
42200,51,False
42201,157,False
42202,4737,True
42203,86,False
42204,693,False
42205,257,False
42206,703,False
42207,5213,False
42208,575,False
42209,11,False
42210,94,False
42211,13,False
42212,580,False
42213,4760,True
42214,228,False
42215,1518,False
42216,206,False
42217,98,False
42218,174,False
42219,175,False
42220,4778,True
42221,710,False
42222,590,False
42223,658,False
42224,57,False
42225,5757,False
42226,768,False
42227,5233,False
42228,48,False
42229,31,False
42230,665,False
42231,51,False
42232,188,False
42233,4816,True
42234,602,False
42235,68,False
42236,1393,False
42237,815,False
42238,89,False
42239,3068,False
42240,607,False
42241,4917,True
42242,294,False
42243,3110,False
42244,2698,False
42245,24,False
42246,66,False
42247,3114,False
42248,4922,True
42249,3078,False
42250,52,False
42251,944,False
42252,740,False
42253,2707,False
42254,485,False
42255,57,False
42256,76,False
42257,59,False
42258,4,False
42259,1562,False
42260,6,False
42261,81,False
42262,629,False
42263,65,False
42264,161,False
42265,116,False
42266,4939,True
42267,3096,False
42268,1425,False
42269,3098,False
42270,90,False
42271,34,False
42272,2726,False
42273,36,False
42274,4974,True
42275,265,False
42276,765,False
42277,128,False
42278,80,False
42279,42,False
42280,131,False
42281,114,False
42282,860,False
42283,5035,True
42284,781,False
42285,136,False
42286,5818,False
42287,1443,False
42288,866,False
42289,778,False
42290,778,False
42291,5058,True
42292,870,False
42293,545,False
42294,5300,False
42295,2874,False
42296,7,False
42297,5,False
42298,665,False
42299,5106,True
42300,198,False
42301,5307,False
42302,791,False
42303,66,False
42304,137,False
42305,794,False
42306,127,False
42307,354,False
42308,193,False
42309,677,False
42310,889,False
42311,5186,True
42312,133,False
42313,94,False
42314,106,False
42315,3145,False
42316,1474,False
42317,29,False
42318,1048,False
42319,5205,True
42320,3150,False
42321,5854,False
42322,208,False
42323,813,False
42324,5343,True
42325,38,False
42326,695,False
42327,313,False
42328,1633,False
42329,1634,False
42330,700,False
42331,5387,True
42332,154,False
42333,378,False
42334,825,False
42335,589,False
42336,917,False
42337,707,False
42338,5463,True
42339,840,False
42340,6,False
42341,712,False
42342,2800,False
42343,524,False
42344,168,False
42345,5523,True
42346,5532,True
42347,5533,True
42348,5358,False
42349,5596,True
42350,21,False
42351,24,False
42352,533,False
42353,610,False
42354,848,False
42355,902,False
42356,72,False
42357,851,False
42358,183,False
42359,2943,False
42360,5597,True
42361,77,False
42362,36,False
42363,188,False
42364,189,False
42365,761,False
42366,38,False
42367,27,False
42368,3240,False
42369,5603,True
42370,3204,False
42371,865,False
42372,874,False
42373,1536,False
42374,94,False
42375,869,False
42376,749,False
42377,234,False
42378,751,False
42379,205,False
42380,5640,True
42381,755,False
42382,930,False
42383,5676,True
42384,77,False
42385,758,False
42386,103,False
42387,5677,True
42388,761,False
42389,3224,False
42390,763,False
42391,764,False
42392,5692,True
42393,68,False
42394,2980,False
42395,34,False
42396,5712,True
42397,580,False
42398,839,False
42399,5713,True
42400,903,False
42401,32,False
42402,122,False
42403,834,False
42404,38,False
42405,779,False
42406,847,False
42407,902,False
42408,15,False
42409,5717,True
42410,1573,False
42411,1574,False
42412,15,False
42413,5754,True
42414,68,False
42415,7,False
42416,55,False
42417,6,False
42418,135,False
42419,3004,False
42420,22,False
42421,5788,True
42422,32,False
42423,83,False
42424,26,False
42425,11,False
42426,60,False
42427,253,False
42428,22,False
42429,924,False
42430,5802,True
42431,614,False
42432,258,False
42433,10,False
42434,982,False
42435,292,False
42436,13,False
42437,91,False
42438,939,False
42439,5977,False
42440,925,False
42441,5979,False
42442,5,False
42443,95,False
42444,21,False
42445,5839,True
42446,32,False
42447,164,False
42448,5460,False
42449,1612,False
42450,52,False
42451,5989,False
42452,5,False
42453,26,False
42454,1616,False
42455,47,False
42456,9,False
42457,49,False
42458,5470,False
42459,61,False
42460,177,False
42461,956,False
42462,5474,False
42463,6001,False
42464,321,False
42465,18,False
42466,5999,True
42467,650,False
42468,12,False
42469,103,False
42470,1167,False
42471,6058,True
42472,25,False
42473,17,False
42474,191,False
42475,84,False
42476,6081,True
42477,2,False
42478,15,False
42479,6084,True
42480,6112,True
42481,2,False
42482,34,False
42483,978,False
42484,979,False
42485,2,False
42486,38,False
42487,71,False
42488,122,False
42489,123,False
42490,6213,True
42491,16,False
42492,29,False
42493,31,False
42494,5,False
42495,916,False
42496,26,False
42497,6364,True
42498,70,False
42499,83,False
42500,84,False
42501,12,False
42502,220,False
42503,6406,True
42504,13,False
42505,32,False
42506,948,False
42507,25,False
42508,950,False
42509,6435,True
42510,103,False
42511,1060,False
42512,65,False
42513,588,False
42514,3350,False
42515,3102,False
42516,27,False
42517,129,False
42518,6504,True
42519,30,False
42520,192,False
42521,153,False
42522,124,False
42523,76,False
42524,3398,False
42525,137,False
42526,244,False
42527,6529,True
42528,39,False
42529,47,False
42530,83,False
42531,58,False
42532,1028,False
42533,975,False
42534,61,False
42535,3371,False
42536,63,False
42537,8,True
42538,131,False
42539,67,False
42540,213,False
42541,984,False
42542,1039,False
42543,6,False
42544,39,True
42545,3382,False
42546,1711,False
42547,1044,False
42548,5562,False
42549,77,False
42550,55,True
42551,162,False
42552,108,True
42553,225,False
42554,73,False
42555,1042,False
42556,75,False
42557,124,True
42558,13,False
42559,98,False
42560,23,False
42561,26,False
42562,3150,False
42563,13,False
42564,30,False
42565,62,False
42566,204,False
42567,145,False
42568,65,False
42569,417,True
42570,91,False
42571,1072,False
42572,93,False
42573,5589,False
42574,463,True
42575,3165,False
42576,11,False
42577,3416,False
42578,3168,False
42579,100,False
42580,31,False
42581,474,True
42582,103,False
42583,179,False
42584,13,False
42585,17,False
42586,105,False
42587,476,False
42588,29,False
42589,6131,False
42590,120,False
42591,187,False
42592,543,True
42593,1094,False
42594,232,False
42595,2,False
42596,126,False
42597,118,False
42598,66,False
42599,622,True
42600,238,False
42601,236,False
42602,31,False
42603,124,False
42604,200,False
42605,6,False
42606,221,False
42607,32,False
42608,329,False
42609,330,False
42610,1310,False
42611,142,False
42612,606,False
42613,21,False
42614,146,False
42615,31,False
42616,702,True
42617,46,False
42618,709,True
42619,140,False
42620,3459,False
42621,256,False
42622,136,False
42623,768,True
42624,145,False
42625,68,False
42626,147,False
42627,62,False
42628,71,False
42629,350,False
42630,243,False
42631,1798,False
42632,353,False
42633,62,False
42634,71,False
42635,41,False
42636,806,True
42637,105,False
42638,1141,False
42639,825,True
42640,278,False
42641,635,False
42642,531,False
42643,86,False
42644,75,False
42645,161,False
42646,116,False
42647,3,False
42648,882,True
42649,289,False
42650,646,False
42651,3242,False
42652,375,False
42653,376,False
42654,3533,False
42655,894,True
42656,949,True
42657,3,False
42658,1005,True
42659,1036,True
42660,20,False
42661,1062,True
42662,80,False
42663,1115,True
42664,10,False
42665,305,False
42666,1170,False
42667,9,False
42668,191,False
42669,1116,True
42670,3549,False
42671,1150,True
42672,195,False
42673,126,False
42674,1228,False
42675,83,False
42676,1168,True
42677,400,False
42678,9,False
42679,1200,True
42680,32,False
42681,1212,True
42682,113,False
42683,153,False
42684,40,False
42685,122,False
42686,1311,True
42687,210,False
42688,44,False
42689,159,False
42690,121,False
42691,331,False
42692,1552,True
42693,45,False
42694,18,False
42695,19,False
42696,20,False
42697,312,False
42698,135,False
42699,1581,True
42700,224,False
42701,225,False
42702,343,False
42703,228,False
42704,1585,True
42705,177,False
42706,323,False
42707,179,False
42708,233,False
42709,1677,True
42710,182,False
42711,1691,True
42712,25,False
42713,1794,True
42714,46,False
42715,1222,False
42716,391,False
42717,127,False
42718,44,False
42719,1226,False
42720,57,False
42721,1847,True
42722,2,False
42723,13,False
42724,82,False
42725,135,False
42726,1923,True
42727,3608,False
42728,18,False
42729,1222,False
42730,2020,True
42731,348,False
42732,268,False
42733,458,False
42734,88,False
42735,6281,False
42736,94,False
42737,2035,True
42738,2039,True
42739,1246,False
42740,2135,True
42741,466,False
42742,74,False
42743,385,False
42744,154,False
42745,1252,False
42746,179,False
42747,389,False
42748,2181,True
42749,274,False
42750,3631,False
42751,41,False
42752,1259,False
42753,2184,True
42754,112,False
42755,1262,False
42756,86,False
42757,83,False
42758,191,False
42759,2224,False
42760,46,False
42761,90,False
42762,6,False
42763,6,False
42764,7,False
42765,123,False
42766,2378,True
42767,765,False
42768,12,False
42769,2516,True
42770,242,False
42771,192,False
42772,414,False
42773,2529,True
42774,8,False
42775,19,False
42776,2572,True
42777,502,False
42778,132,False
42779,2600,True
42780,252,False
42781,71,False
42782,318,False
42783,27,False
42784,3377,False
42785,1290,False
42786,76,False
42787,2638,True
42788,405,False
42789,398,False
42790,53,False
42791,201,False
42792,202,False
42793,410,False
42794,2733,True
42795,216,False
42796,521,False
42797,2739,True
42798,440,False
42799,14,False
42800,2790,True
42801,156,False
42802,157,False
42803,421,False
42804,3398,False
42805,160,False
42806,532,False
42807,2916,True
42808,13,False
42809,123,False
42810,26,False
42811,56,False
42812,422,False
42813,132,False
42814,3658,False
42815,60,False
42816,3660,False
42817,427,False
42818,436,False
42819,545,False
42820,175,False
42821,5,False
42822,29,False
42823,296,False
42824,550,False
42825,3084,True
42826,552,False
42827,3709,False
42828,1386,False
42829,240,False
42830,3110,True
42831,3115,True
42832,1337,False
42833,1341,False
42834,1342,False
42835,9,False
42836,21,False
42837,249,False
42838,194,False
42839,3684,False
42840,108,False
42841,26,False
42842,217,False
42843,1191,False
42844,204,False
42845,3130,True
42846,20,False
42847,223,False
42848,261,False
42849,22,False
42850,36,False
42851,144,False
42852,529,False
42853,3139,True
42854,3451,False
42855,500,False
42856,44,False
42857,332,False
42858,535,False
42859,504,False
42860,177,False
42861,3171,True
42862,219,False
42863,8,False
42864,5887,False
42865,10,False
42866,223,False
42867,137,False
42868,480,False
42869,230,False
42870,56,False
42871,346,False
42872,138,False
42873,61,False
42874,3173,True
42875,20,False
42876,62,False
42877,6426,False
42878,7,False
42879,8,False
42880,53,False
42881,251,False
42882,27,False
42883,3192,True
42884,6433,False
42885,1393,False
42886,3224,True
42887,1445,False
42888,1595,False
42889,509,False
42890,76,False
42891,66,False
42892,249,False
42893,22,False
42894,29,False
42895,434,False
42896,23,False
42897,84,False
42898,794,False
42899,34,False
42900,3238,True
42901,217,False
42902,1411,False
42903,32,False
42904,5927,False
42905,74,False
42906,267,False
42907,3241,True
42908,3504,False
42909,97,False
42910,267,False
42911,29,False
42912,6461,False
42913,14,False
42914,556,False
42915,276,False
42916,18,False
42917,18,False
42918,6467,False
42919,188,False
42920,235,False
42921,107,False
42922,179,False
42923,100,False
42924,3264,True
42925,26,False
42926,1484,False
42927,1435,False
42928,102,False
42929,3269,True
42930,343,False
42931,119,False
42932,101,False
42933,553,False
42934,35,False
42935,3317,True
42936,234,False
42937,38,False
42938,351,False
42939,40,False
42940,238,False
42941,42,False
42942,2,False
42943,115,False
42944,131,False
42945,46,False
42946,3387,True
42947,5970,False
42948,560,False
42949,50,False
42950,110,False
42951,139,False
42952,18,False
42953,598,False
42954,247,False
42955,56,False
42956,3552,True
42957,314,False
42958,3564,True
42959,146,False
42960,251,False
42961,27,False
42962,47,False
42963,27,False
42964,152,False
42965,234,False
42966,67,False
42967,1475,False
42968,261,False
42969,157,False
42970,3599,True
42971,446,False
42972,27,False
42973,74,False
42974,161,False
42975,77,False
42976,163,False
42977,164,False
42978,27,False
42979,3702,True
42980,167,False
42981,1065,False
42982,48,False
42983,249,False
42984,50,False
42985,154,False
42986,1495,False
42987,196,False
42988,281,False
42989,235,False
42990,34,False
42991,404,False
42992,1341,False
42993,351,False
42994,3765,True
42995,289,False
42996,61,False
42997,83,False
42998,188,False
42999,413,False
43000,119,False
43001,295,False
43002,416,False
43003,1562,False
43004,3773,True
43005,299,False
43006,300,False
43007,52,False
43008,15,False
43009,303,False
43010,3789,True
43011,6561,False
43012,1520,False
43013,3610,False
43014,428,False
43015,3804,True
43016,286,False
43017,119,False
43018,3615,False
43019,3,False
43020,230,False
43021,3834,True
43022,289,False
43023,701,False
43024,3964,True
43025,383,False
43026,504,False
43027,219,False
43028,324,False
43029,6581,False
43030,9,False
43031,3997,True
43032,931,False
43033,681,False
43034,1441,False
43035,16,False
43036,9,False
43037,1548,False
43038,4073,True
43039,20,False
43040,112,False
43041,4108,True
43042,109,False
43043,6595,False
43044,4133,True
43045,15,False
43046,27,False
43047,40,False
43048,33,False
43049,34,False
43050,154,False
43051,1563,False
43052,244,False
43053,4136,True
43054,6,False
43055,1059,False
43056,8,False
43057,1409,False
43058,231,False
43059,40,False
43060,250,False
43061,4211,True
43062,71,False
43063,4270,True
43064,131,False
43065,257,False
43066,75,False
43067,715,False
43068,13,False
43069,485,False
43070,43,False
43071,15,False
43072,5,False
43073,82,False
43074,4442,True
43075,3674,False
43076,180,False
43077,267,False
43078,1590,False
43079,1589,False
43080,558,False
43081,6633,False
43082,3681,False
43083,4520,True
43084,276,False
43085,189,False
43086,765,False
43087,565,False
43088,54,False
43089,449,False
43090,738,False
43091,3690,False
43092,48,False
43093,6645,False
43094,4521,True
43095,743,False
43096,48,False
43097,30,False
43098,2,False
43099,32,False
43100,4571,True
43101,205,False
43102,6128,False
43103,295,False
43104,4584,True
43105,57,False
43106,298,False
43107,40,False
43108,6134,False
43109,757,False
43110,381,False
43111,658,False
43112,4633,True
43113,382,False
43114,70,False
43115,10,False
43116,306,False
43117,69,False
43118,32,False
43119,4642,True
43120,27,False
43121,54,False
43122,18,False
43123,771,False
43124,38,False
43125,229,False
43126,21,False
43127,79,False
43128,394,False
43129,397,False
43130,54,False
43131,397,False
43132,4777,True
43133,6685,False
43134,58,False
43135,4895,True
43136,53,False
43137,51,False
43138,62,False
43139,207,False
43140,788,False
43141,4951,True
43142,75,False
43143,95,False
43144,96,False
43145,249,False
43146,562,False
43147,99,False
43148,6174,False
43149,255,False
43150,697,False
43151,799,False
43152,256,False
43153,1664,False
43154,71,False
43155,1665,False
43156,4961,True
43157,3756,False
43158,262,False
43159,115,False
43160,1059,False
43161,5017,True
43162,74,False
43163,267,False
43164,88,False
43165,5056,True
43166,270,False
43167,1066,False
43168,528,False
43169,5058,True
43170,122,False
43171,123,False
43172,181,False
43173,5064,True
43174,426,False
43175,1885,False
43176,4,False
43177,406,False
43178,28,False
43179,131,False
43180,430,False
43181,5118,True
43182,19,False
43183,356,False
43184,136,False
43185,435,False
43186,398,False
43187,10,False
43188,378,False
43189,113,False
43190,281,False
43191,56,False
43192,384,False
43193,5130,True
43194,146,False
43195,3794,False
43196,386,False
43197,265,False
43198,104,False
43199,559,False
43200,678,False
43201,848,False
43202,306,False
43203,5192,True
43204,1103,False
43205,3804,False
43206,29,False
43207,1559,False
43208,5282,True
43209,6235,False
43210,3809,False
43211,135,False
43212,231,False
43213,6239,False
43214,862,False
43215,5374,True
43216,82,False
43217,1304,False
43218,5408,True
43219,238,False
43220,43,False
43221,3820,False
43222,241,False
43223,1735,False
43224,148,False
43225,331,False
43226,5451,True
43227,5454,True
43228,13,False
43229,297,False
43230,6782,False
43231,879,False
43232,5506,True
43233,138,False
43234,474,False
43235,63,False
43236,5580,True
43237,716,False
43238,655,False
43239,5624,True
43240,719,False
43241,146,False
43242,51,False
43243,25,False
43244,3,False
43245,179,False
43246,6799,False
43247,5630,True
43248,796,False
43249,166,False
43250,175,False
43251,75,False
43252,157,False
43253,358,False
43254,490,False
43255,449,False
43256,162,False
43257,5690,True
43258,68,False
43259,155,False
43260,329,False
43261,354,False
43262,129,False
43263,115,False
43264,116,False
43265,5702,True
43266,684,False
43267,629,False
43268,462,False
43269,375,False
43270,340,False
43271,31,False
43272,178,False
43273,4,False
43274,1788,False
43275,53,False
43276,182,False
43277,5763,True
43278,347,False
43279,10,False
43280,301,False
43281,6837,False
43282,238,False
43283,220,False
43284,5828,True
43285,18,False
43286,1801,False
43287,207,False
43288,244,False
43289,485,False
43290,1806,False
43291,247,False
43292,5890,True
43293,509,False
43294,389,False
43295,914,False
43296,76,False
43297,7,False
43298,5893,True
43299,18,False
43300,3903,False
43301,34,False
43302,6000,True
43303,1819,False
43304,6860,False
43305,6335,False
43306,160,False
43307,959,False
43308,379,False
43309,404,False
43310,223,False
43311,6058,True
43312,487,False
43313,59,False
43314,227,False
43315,235,False
43316,62,False
43317,246,False
43318,493,False
43319,51,False
43320,428,False
43321,6152,True
43322,32,False
43323,974,False
43324,1840,False
43325,433,False
43326,114,False
43327,89,False
43328,6188,True
43329,285,False
43330,118,False
43331,527,False
43332,261,False
43333,113,False
43334,6190,True
43335,147,False
43336,1692,False
43337,55,False
43338,446,False
43339,75,False
43340,1855,False
43341,537,False
43342,122,False
43343,6247,True
43344,415,False
43345,453,False
43346,454,False
43347,303,False
43348,6321,True
43349,713,False
43350,82,False
43351,459,False
43352,834,False
43353,2043,False
43354,403,False
43355,6336,True
43356,1873,False
43357,977,False
43358,1008,False
43359,1716,False
43360,190,False
43361,267,False
43362,1879,False
43363,6920,False
43364,321,False
43365,562,False
43366,323,False
43367,6398,False
43368,603,False
43369,6441,True
43370,736,False
43371,737,False
43372,607,False
43373,1889,False
43374,609,False
43375,1881,False
43376,109,False
43377,4,False
43378,160,False
43379,318,False
43380,747,False
43381,748,False
43382,10,False
43383,87,True
43384,458,False
43385,317,False
43386,497,False
43387,1904,False
43388,16,False
43389,124,False
43390,501,False
43391,3997,False
43392,628,False
43393,444,False
43394,29,False
43395,4001,False
43396,1018,False
43397,132,False
43398,597,False
43399,510,False
43400,58,False
43401,129,True
43402,60,False
43403,24,False
43404,2,False
43405,221,False
43406,4,False
43407,482,False
43408,204,True
43409,225,False
43410,370,False
43411,648,False
43412,222,True
43413,49,False
43414,526,False
43415,151,False
43416,137,False
43417,492,False
43418,9,False
43419,379,False
43420,532,False
43421,57,False
43422,1329,False
43423,791,False
43424,53,False
43425,303,True
43426,7,False
43427,368,False
43428,12,False
43429,6990,False
43430,18,False
43431,507,False
43432,169,False
43433,386,True
43434,13,False
43435,9,False
43436,46,False
43437,371,False
43438,6473,False
43439,533,True
43440,177,False
43441,7001,False
43442,94,False
43443,73,False
43444,1805,False
43445,4053,False
43446,5,False
43447,264,False
43448,524,False
43449,659,True
43450,688,False
43451,236,False
43452,359,False
43453,8,False
43454,823,False
43455,192,False
43456,484,False
43457,20,False
43458,807,True
43459,276,False
43460,848,False
43461,7021,False
43462,41,False
43463,645,False
43464,912,True
43465,1986,False
43466,40,False
43467,428,False
43468,955,True
43469,48,False
43470,80,False
43471,1127,False
43472,1993,False
43473,7033,False
43474,408,False
43475,49,False
43476,213,False
43477,1385,False
43478,2172,False
43479,413,False
43480,972,True
43481,442,False
43482,1004,True
43483,38,False
43484,94,False
43485,1393,False
43486,2005,False
43487,429,False
43488,2008,False
43489,691,False
43490,67,False
43491,31,False
43492,917,False
43493,731,False
43494,1402,False
43495,24,False
43496,25,False
43497,458,False
43498,21,False
43499,2,False
43500,1304,False
43501,41,False
43502,1126,False
43503,43,False
43504,1060,False
43505,68,False
43506,158,False
43507,876,True
43508,1405,False
43509,326,False
43510,295,False
43511,472,False
43512,329,False
43513,2,False
43514,1569,True
43515,697,False
43516,45,False
43517,4125,False
43518,594,False
43519,141,False
43520,49,False
43521,1582,True
43522,32,False
43523,762,False
43524,54,False
43525,35,False
43526,1725,True
43527,107,False
43528,6563,False
43529,21,False
43530,4138,False
43531,1893,False
43532,98,False
43533,63,False
43534,904,False
43535,1865,True
43536,4145,False
43537,2047,False
43538,324,False
43539,1914,True
43540,6,False
43541,1903,False
43542,9,False
43543,35,False
43544,479,False
43545,1916,True
43546,451,False
43547,1939,True
43548,6,False
43549,9,False
43550,627,False
43551,628,False
43552,478,False
43553,515,False
43554,980,False
43555,4,False
43556,1956,True
43557,7118,False
43558,797,False
43559,1517,False
43560,1185,False
43561,22,False
43562,1974,True
43563,2048,True
43564,25,False
43565,2261,False
43566,2175,True
43567,483,False
43568,646,False
43569,485,False
43570,132,False
43571,358,False
43572,601,False
43573,40,False
43574,361,False
43575,653,False
43576,2269,True
43577,1236,False
43578,514,False
43579,141,False
43580,6617,False
43581,526,False
43582,823,False
43583,2411,True
43584,372,False
43585,597,False
43586,598,False
43587,407,False
43588,4198,False
43589,409,False
43590,518,False
43591,37,False
43592,124,False
43593,28,False
43594,17,False
43595,674,False
43596,57,False
43597,1557,False
43598,7161,False
43599,61,False
43600,23,False
43601,2416,True
43602,1261,False
43603,21,False
43604,186,False
43605,17,False
43606,139,False
43607,2433,True
43608,45,False
43609,143,False
43610,2511,True
43611,83,False
43612,173,False
43613,4220,False
43614,404,False
43615,1277,False
43616,80,False
43617,45,False
43618,43,False
43619,2522,True
43620,1281,False
43621,702,False
43622,156,False
43623,60,False
43624,52,False
43625,1587,False
43626,707,False
43627,2549,True
43628,10,False
43629,184,False
43630,185,False
43631,598,False
43632,2592,True
43633,877,False
43634,2683,True
43635,190,False
43636,603,False
43637,6677,False
43638,1550,False
43639,2006,False
43640,2717,True
43641,885,False
43642,1272,False
43643,725,False
43644,888,False
43645,612,False
43646,14,False
43647,553,False
43648,16,False
43649,731,False
43650,2764,True
43651,599,False
43652,734,False
43653,1315,False
43654,2801,True
43655,561,False
43656,91,False
43657,83,False
43658,7224,False
43659,194,False
43660,1091,False
43661,196,False
43662,1325,False
43663,98,False
43664,212,False
43665,96,False
43666,201,False
43667,202,False
43668,912,False
43669,57,False
43670,703,False
43671,218,False
43672,1584,False
43673,2806,True
43674,9,False
43675,95,False
43676,2825,True
43677,921,False
43678,6718,False
43679,422,False
43680,584,False
43681,714,False
43682,505,False
43683,2881,True
43684,1115,False
43685,220,False
43686,108,False
43687,222,False
43688,68,False
43689,2899,True
43690,110,False
43691,1122,False
43692,6,False
43693,597,False
43694,2,False
43695,2911,True
43696,131,False
43697,440,False
43698,21,False
43699,733,False
43700,2995,True
43701,9,False
43702,16,False
43703,670,False
43704,3003,True
43705,787,False
43706,654,False
43707,1369,False
43708,1370,False
43709,3042,True
43710,90,False
43711,47,False
43712,31,False
43713,3071,True
43714,33,False
43715,797,False
43716,24,False
43717,40,False
43718,751,False
43719,4327,False
43720,8,False
43721,512,False
43722,257,False
43723,3078,True
43724,43,False
43725,969,False
43726,517,False
43727,4335,False
43728,4335,False
43729,762,False
43730,5,False
43731,4339,False
43732,3093,True
43733,3144,True
43734,767,False
43735,7301,False
43736,12,False
43737,273,False
43738,274,False
43739,3229,True
43740,7307,False
43741,56,False
43742,825,False
43743,193,False
43744,53,False
43745,3402,True
43746,35,False
43747,283,False
43748,184,False
43749,245,False
43750,131,False
43751,719,False
43752,544,False
43753,3416,True
43754,498,False
43755,64,False
43756,2457,False
43757,77,False
43758,550,False
43759,7327,False
43760,197,False
43761,298,False
43762,846,False
43763,1427,False
43764,3612,True
43765,670,False
43766,1731,False
43767,297,False
43768,513,False
43769,90,False
43770,33,False
43771,564,False
43772,1018,False
43773,809,False
43774,211,False
43775,15,False
43776,3618,True
43777,1023,False
43778,57,False
43779,712,False
43780,3666,True
43781,606,False
43782,206,False
43783,4392,False
43784,74,False
43785,51,False
43786,870,False
43787,224,False
43788,2,False
43789,732,False
43790,410,False
43791,100,False
43792,3721,True
43793,380,False
43794,232,False
43795,746,False
43796,234,False
43797,833,False
43798,2,False
43799,326,False
43800,55,False
43801,3739,True
43802,112,False
43803,125,False
43804,9,False
43805,115,False
43806,85,False
43807,129,False
43808,63,False
43809,1243,False
43810,3798,True
43811,90,False
43812,848,False
43813,75,False
43814,20,False
43815,124,False
43816,901,False
43817,3834,True
43818,256,False
43819,141,False
43820,31,False
43821,359,False
43822,89,False
43823,793,False
43824,1487,False
43825,35,False
43826,23,False
43827,3944,True
43828,772,False
43829,915,False
43830,1464,False
43831,38,False
43832,112,False
43833,660,False
43834,1082,False
43835,274,False
43836,2540,False
43837,4007,True
43838,782,False
43839,4451,False
43840,587,False
43841,280,False
43842,39,False
43843,154,False
43844,432,False
43845,172,False
43846,1094,False
43847,854,False
43848,287,False
43849,4044,True
43850,1817,False
43851,290,False
43852,4109,True
43853,649,False
43854,650,False
43855,754,False
43856,197,False
43857,3,False
43858,283,False
43859,4309,True
43860,1296,False
43861,450,False
43862,1527,False
43863,403,False
43864,404,False
43865,73,False
43866,406,False
43867,159,False
43868,4335,True
43869,296,False
43870,4355,True
43871,769,False
43872,4357,True
43873,7444,False
43874,1123,False
43875,883,False
43876,316,False
43877,85,False
43878,6923,False
43879,419,False
43880,4369,True
43881,192,False
43882,8,False
43883,323,False
43884,4390,True
43885,681,False
43886,426,False
43887,13,False
43888,96,False
43889,208,False
43890,430,False
43891,863,False
43892,1378,False
43893,720,False
43894,4434,True
43895,1560,False
43896,4439,True
43897,4,False
43898,870,False
43899,1385,False
43900,4449,True
43901,441,False
43902,491,False
43903,699,False
43904,65,False
43905,12,False
43906,2425,False
43907,7,False
43908,335,False
43909,948,False
43910,4471,True
43911,57,False
43912,194,False
43913,740,False
43914,226,False
43915,1580,False
43916,23,False
43917,342,False
43918,25,False
43919,1168,False
43920,716,False
43921,82,False
43922,4595,True
43923,818,False
43924,70,False
43925,897,False
43926,124,False
43927,2632,False
43928,822,False
43929,4605,True
43930,370,False
43931,129,False
43932,4620,True
43933,760,False
43934,41,False
43935,35,False
43936,4624,True
43937,4680,True
43938,9,False
43939,137,False
43940,281,False
43941,1,False
43942,88,False
43943,7,False
43944,19,False
43945,4825,True
43946,4559,False
43947,7518,False
43948,320,False
43949,921,False
43950,22,False
43951,1,False
43952,348,False
43953,294,False
43954,21,False
43955,4568,False
43956,275,False
43957,4840,True
43958,1207,False
43959,157,False
43960,22,False
43961,435,False
43962,61,False
43963,25,False
43964,63,False
43965,791,False
43966,328,False
43967,112,False
43968,7538,False
43969,4870,True
43970,978,False
43971,58,False
43972,283,False
43973,4969,True
43974,134,False
43975,4987,True
43976,295,False
43977,929,False
43978,7022,False
43979,924,False
43980,775,False
43981,98,False
43982,5044,True
43983,294,False
43984,55,False
43985,1649,False
43986,57,False
43987,1651,False
43988,54,False
43989,5119,True
43990,7560,False
43991,963,False
43992,1241,False
43993,17,False
43994,154,False
43995,56,False
43996,1660,False
43997,157,False
43998,98,False
43999,24,False
44000,5166,True
44001,5192,True
44002,443,False
44003,75,False
44004,125,False
44005,166,False
44006,299,False
44007,451,False
44008,78,False
44009,37,False
44010,146,False
44011,5354,True
44012,7586,False
44013,5364,True
44014,329,False
44015,223,False
44016,152,False
44017,965,False
44018,220,False
44019,4634,False
44020,419,False
44021,91,False
44022,5441,True
44023,972,False
44024,454,False
44025,52,False
44026,5470,True
44027,287,False
44028,1119,False
44029,23,False
44030,58,False
44031,5507,True
44032,476,False
44033,4,False
44034,2742,False
44035,7609,False
44036,984,False
44037,8,False
44038,1034,False
44039,482,False
44040,484,False
44041,5580,True
44042,7,False
44043,991,False
44044,7618,False
44045,488,False
44046,1021,False
44047,5618,True
44048,478,False
44049,77,False
44050,999,False
44051,2572,False
44052,7626,False
44053,2761,False
44054,261,False
44055,1011,False
44056,5678,True
44057,1725,False
44058,95,False
44059,96,False
44060,1036,False
44061,533,False
44062,1058,False
44063,227,False
44064,19,False
44065,388,False
44066,37,False
44067,95,False
44068,1016,False
44069,1737,False
44070,5743,True
44071,279,False
44072,280,False
44073,45,False
44074,397,False
44075,2783,False
44076,906,False
44077,4694,False
44078,5845,True
44079,131,False
44080,1076,False
44081,833,False
44082,19,False
44083,38,False
44084,6,False
44085,529,False
44086,530,False
44087,5877,True
44088,116,False
44089,116,False
44090,292,False
44091,62,False
44092,415,False
44093,5930,True
44094,21,False
44095,1045,False
44096,540,False
44097,5982,True
44098,897,False
44099,1190,False
44100,19,False
44101,6134,True
44102,854,False
44103,206,False
44104,75,False
44105,27,False
44106,1057,False
44107,135,False
44108,7156,False
44109,28,False
44110,553,False
44111,555,False
44112,6336,True
44113,141,False
44114,2634,False
44115,108,False
44116,324,False
44117,1556,False
44118,146,False
44119,6429,True
44120,148,False
44121,224,False
44122,921,False
44123,6526,True
44124,2832,False
44125,153,False
44126,149,False
44127,99,False
44128,4743,False
44129,101,False
44130,158,False
44131,133,True
44132,106,False
44133,359,True
44134,7183,False
44135,55,False
44136,345,False
44137,205,False
44138,567,False
44139,583,False
44140,1092,False
44141,12,False
44142,136,False
44143,346,False
44144,216,False
44145,33,False
44146,216,False
44147,35,False
44148,4766,False
44149,351,False
44150,242,False
44151,17,False
44152,174,False
44153,28,False
44154,49,False
44155,7204,False
44156,150,False
44157,52,False
44158,1201,False
44159,181,False
44160,133,False
44161,2682,False
44162,520,False
44163,276,False
44164,30,False
44165,40,False
44166,32,False
44167,271,False
44168,968,False
44169,7218,False
44170,23,False
44171,46,False
44172,603,False
44173,379,True
44174,94,False
44175,620,False
44176,621,False
44177,1008,False
44178,151,False
44179,152,False
44180,284,False
44181,467,False
44182,1139,False
44183,55,False
44184,513,False
44185,630,False
44186,52,False
44187,2,False
44188,1280,False
44189,391,False
44190,535,False
44191,1132,False
44192,1285,False
44193,66,False
44194,549,False
44195,2,False
44196,263,False
44197,1157,False
44198,643,False
44199,174,False
44200,67,False
44201,573,False
44202,307,False
44203,76,False
44204,1145,False
44205,234,False
44206,1038,False
44207,236,False
44208,638,False
44209,553,False
44210,736,False
44211,1304,False
44212,1704,False
44213,80,False
44214,808,False
44215,282,False
44216,1886,False
44217,1049,False
44218,815,True
44219,26,False
44220,430,False
44221,666,False
44222,77,False
44223,1055,False
44224,23,False
44225,33,False
44226,820,False
44227,1180,False
44228,673,False
44229,432,False
44230,37,False
44231,205,False
44232,875,True
44233,2754,False
44234,888,True
44235,3,False
44236,682,False
44237,921,True
44238,305,False
44239,1191,False
44240,1333,False
44241,236,False
44242,586,False
44243,446,False
44244,218,False
44245,1500,False
44246,1078,False
44247,457,False
44248,115,False
44249,65,False
44250,117,False
44251,1295,False
44252,1107,False
44253,7303,False
44254,32,False
44255,849,False
44256,230,False
44257,699,False
44258,36,False
44259,1514,False
44260,115,False
44261,1131,False
44262,707,False
44263,237,False
44264,133,False
44265,1937,False
44266,625,False
44267,37,False
44268,78,False
44269,1182,False
44270,717,False
44271,1528,False
44272,42,False
44273,1530,False
44274,1369,False
44275,283,False
44276,1228,True
44277,483,False
44278,7857,False
44279,123,False
44280,1263,True
44281,34,False
44282,610,False
44283,153,False
44284,65,False
44285,491,False
44286,262,False
44287,263,False
44288,1272,True
44289,1962,False
44290,28,False
44291,29,False
44292,1247,False
44293,163,False
44294,3006,False
44295,1250,False
44296,656,False
44297,78,False
44298,3,False
44299,305,False
44300,749,False
44301,1397,False
44302,300,False
44303,309,False
44304,56,False
44305,3,False
44306,18,False
44307,667,False
44308,340,False
44309,1375,True
44310,1568,False
44311,3,False
44312,289,False
44313,221,False
44314,67,False
44315,1362,False
44316,1429,True
44317,171,False
44318,23,False
44319,1439,True
44320,1416,False
44321,12,False
44322,325,False
44323,177,False
44324,194,False
44325,78,False
44326,7905,False
44327,1479,True
44328,138,False
44329,1495,True
44330,4952,False
44331,112,False
44332,85,False
44333,1591,False
44334,15,False
44335,6,False
44336,17,False
44337,90,False
44338,1555,True
44339,31,False
44340,1585,True
44341,790,False
44342,52,False
44343,1587,True
44344,1622,True
44345,16,False
44346,342,False
44347,39,False
44348,10,False
44349,41,False
44350,345,False
44351,1637,True
44352,222,False
44353,207,False
44354,52,False
44355,108,False
44356,804,False
44357,1767,True
44358,7411,False
44359,1803,False
44360,353,False
44361,113,False
44362,270,False
44363,233,False
44364,1853,True
44365,814,False
44366,185,False
44367,442,False
44368,361,False
44369,24,False
44370,123,False
44371,1892,True
44372,27,False
44373,110,False
44374,1937,True
44375,229,False
44376,64,False
44377,825,False
44378,188,False
44379,1342,False
44380,8,False
44381,1944,True
44382,8,False
44383,5003,False
44384,65,False
44385,362,False
44386,363,False
44387,1956,True
44388,1435,False
44389,1345,False
44390,8,False
44391,1347,False
44392,63,False
44393,842,False
44394,122,False
44395,1358,False
44396,206,False
44397,2010,True
44398,1361,False
44399,152,False
44400,746,False
44401,36,False
44402,155,False
44403,10,False
44404,2038,True
44405,160,False
44406,1371,False
44407,7462,False
44408,2062,True
44409,221,False
44410,2063,True
44411,32,False
44412,113,False
44413,226,False
44414,287,False
44415,866,False
44416,229,False
44417,1,False
44418,2261,True
44419,120,False
44420,92,False
44421,1520,False
44422,2321,True
44423,124,False
44424,276,False
44425,181,False
44426,10,False
44427,12,False
44428,1479,False
44429,431,False
44430,2546,True
44431,1391,False
44432,16,False
44433,2575,True
44434,73,False
44435,1276,False
44436,43,False
44437,2706,True
44438,350,False
44439,1405,False
44440,25,False
44441,895,False
44442,16,False
44443,2735,True
44444,118,False
44445,1546,False
44446,5073,False
44447,5074,False
44448,2096,False
44449,902,False
44450,325,False
44451,125,False
44452,36,False
44453,803,False
44454,2828,True
44455,30,False
44456,7514,False
44457,63,False
44458,44,False
44459,133,False
44460,20,False
44461,2858,True
44462,1725,False
44463,71,False
44464,7,False
44465,1,False
44466,1427,False
44467,2891,True
44468,471,False
44469,38,False
44470,173,False
44471,7,False
44472,2916,True
44473,81,False
44474,232,False
44475,178,False
44476,5,False
44477,1318,False
44478,236,False
44479,236,False
44480,21,False
44481,14,False
44482,240,False
44483,1584,False
44484,91,False
44485,81,False
44486,3025,True
44487,23,False
44488,44,False
44489,18,False
44490,74,False
44491,1991,False
44492,8076,False
44493,2171,False
44494,79,False
44495,252,False
44496,1997,False
44497,1599,False
44498,28,False
44499,79,False
44500,91,False
44501,31,False
44502,3033,True
44503,40,False
44504,2154,False
44505,180,False
44506,37,False
44507,961,False
44508,84,False
44509,46,False
44510,3139,True
44511,48,False
44512,1565,False
44513,1382,False
44514,3232,False
44515,1617,False
44516,47,False
44517,3368,True
44518,7577,False
44519,974,False
44520,499,False
44521,3386,True
44522,95,False
44523,227,False
44524,100,False
44525,3420,True
44526,56,False
44527,565,False
44528,3450,True
44529,159,False
44530,3500,True
44531,290,False
44532,1494,False
44533,1635,False
44534,989,False
44535,351,False
44536,3512,True
44537,122,False
44538,108,False
44539,71,False
44540,3534,True
44541,3558,True
44542,997,False
44543,12,False
44544,302,False
44545,1809,False
44546,1507,False
44547,4,False
44548,7607,False
44549,3617,True
44550,1005,False
44551,1006,False
44552,2,False
44553,136,False
44554,11,False
44555,259,False
44556,93,False
44557,14,False
44558,3622,True
44559,89,False
44560,1662,False
44561,1528,False
44562,138,False
44563,3281,False
44564,2,False
44565,3831,True
44566,96,False
44567,3887,True
44568,423,False
44569,7,False
44570,9,False
44571,3957,True
44572,576,False
44573,30,False
44574,1518,False
44575,3960,True
44576,4,False
44577,114,False
44578,159,False
44579,105,False
44580,3968,True
44581,585,False
44582,18,False
44583,3,False
44584,8169,False
44585,1849,False
44586,4050,True
44587,291,False
44588,1555,False
44589,43,False
44590,175,False
44591,8176,False
44592,129,False
44593,178,False
44594,131,False
44595,4145,True
44596,178,False
44597,173,False
44598,1862,False
44599,4165,True
44600,436,False
44601,4181,True
44602,581,False
44603,3,False
44604,2105,False
44605,33,False
44606,27,False
44607,4237,True
44608,36,False
44609,48,False
44610,10,False
44611,2113,False
44612,4314,True
44613,42,False
44614,54,False
44615,52,False
44616,4408,True
44617,1882,False
44618,532,False
44619,1673,False
44620,4424,True
44621,61,False
44622,232,False
44623,301,False
44624,255,False
44625,25,False
44626,13,False
44627,4432,True
44628,24,False
44629,1732,False
44630,308,False
44631,1593,False
44632,1735,False
44633,4480,True
44634,339,False
44635,340,False
44636,24,False
44637,37,False
44638,8223,False
44639,216,False
44640,41,False
44641,1744,False
44642,82,False
44643,348,False
44644,1699,False
44645,4700,True
44646,3166,False
44647,1103,False
44648,1611,False
44649,1754,False
44650,51,False
44651,53,False
44652,4727,True
44653,1110,False
44654,1920,False
44655,1112,False
44656,1620,False
44657,289,False
44658,15,False
44659,477,False
44660,498,False
44661,367,False
44662,85,False
44663,203,False
44664,57,False
44665,66,False
44666,1770,False
44667,7728,False
44668,69,False
44669,5057,True
44670,651,False
44671,2174,False
44672,7,False
44673,1777,False
44674,1729,False
44675,1638,False
44676,263,False
44677,7738,False
44678,60,False
44679,5067,True
44680,1524,False
44681,1499,False
44682,500,False
44683,148,False
44684,262,False
44685,86,False
44686,365,False
44687,75,False
44688,1954,False
44689,1652,False
44690,1146,False
44691,1795,False
44692,534,False
44693,1656,False
44694,16,False
44695,1151,False
44696,5396,True
44697,376,False
44698,99,False
44699,1155,False
44700,615,False
44701,5582,True
44702,544,False
44703,1807,False
44704,588,False
44705,547,False
44706,8,False
44707,29,False
44708,5833,True
44709,256,False
44710,1977,False
44711,530,False
44712,555,False
44713,5903,True
44714,7,False
44715,117,False
44716,1535,False
44717,5990,True
44718,194,False
44719,108,False
44720,2173,False
44721,88,False
44722,58,False
44723,23,False
44724,1694,False
44725,127,False
44726,62,False
44727,129,False
44728,31,False
44729,32,False
44730,6061,True
44731,272,False
44732,6070,True
44733,1190,False
44734,621,False
44735,556,False
44736,623,False
44737,141,False
44738,204,False
44739,1846,False
44740,79,False
44741,6143,True
44742,356,False
44743,6219,True
44744,84,False
44745,336,False
44746,1854,False
44747,338,False
44748,137,False
44749,364,False
44750,155,False
44751,1212,False
44752,6230,True
44753,220,False
44754,2024,False
44755,1728,False
44756,1578,False
44757,467,False
44758,185,False
44759,374,False
44760,165,False
44761,352,False
44762,2,False
44763,7,False
44764,6258,True
44765,135,False
44766,1588,False
44767,93,False
44768,6307,True
44769,688,False
44770,2040,False
44771,1881,False
44772,661,False
44773,113,False
44774,390,False
44775,2046,False
44776,6448,True
44777,6470,True
44778,121,False
44779,6,False
44780,325,False
44781,604,False
44782,6485,True
44783,769,False
44784,182,False
44785,183,False
44786,129,False
44787,168,False
44788,380,False
44789,6526,True
44790,97,False
44791,6531,True
44792,6543,True
44793,20,False
44794,1165,False
44795,65,False
44796,67,False
44797,265,False
44798,9,True
44799,391,False
44800,27,False
44801,690,False
44802,43,False
44803,30,False
44804,31,False
44805,791,False
44806,47,False
44807,60,True
44808,53,False
44809,131,False
44810,11,False
44811,12,False
44812,203,True
44813,37,False
44814,498,False
44815,158,False
44816,84,False
44817,1768,False
44818,320,True
44819,43,False
44820,365,False
44821,1670,False
44822,8413,False
44823,366,True
44824,12,False
44825,148,False
44826,84,False
44827,33,False
44828,412,True
44829,103,False
44830,13,False
44831,11,False
44832,231,False
44833,380,False
44834,574,True
44835,16,False
44836,65,False
44837,850,False
44838,59,True
44839,66,False
44840,1666,False
44841,1953,False
44842,5,False
44843,168,False
44844,651,False
44845,75,False
44846,9,False
44847,395,False
44848,535,False
44849,536,False
44850,80,False
44851,65,False
44852,714,True
44853,1965,False
44854,7,False
44855,37,False
44856,2130,False
44857,2131,False
44858,778,True
44859,873,False
44860,42,False
44861,262,False
44862,2136,False
44863,852,False
44864,55,False
44865,240,False
44866,93,False
44867,856,False
44868,44,False
44869,32,False
44870,802,True
44871,1983,False
44872,25,False
44873,40,False
44874,104,False
44875,51,False
44876,2150,False
44877,220,False
44878,918,True
44879,109,False
44880,943,True
44881,870,False
44882,4,False
44883,315,False
44884,503,False
44885,1240,True
44886,116,False
44887,1368,True
44888,3,False
44889,52,False
44890,53,False
44891,13,False
44892,511,False
44893,2167,False
44894,2006,False
44895,35,False
44896,1382,True
44897,60,False
44898,1418,True
44899,2011,False
44900,100,False
44901,2175,False
44902,15,False
44903,486,False
44904,86,False
44905,1503,True
44906,1758,False
44907,47,False
44908,108,False
44909,136,False
44910,1532,True
44911,111,False
44912,36,False
44913,27,False
44914,38,False
44915,1635,True
44916,2028,False
44917,2029,False
44918,1872,False
44919,17,False
44920,9,False
44921,103,False
44922,9,False
44923,1720,True
44924,38,False
44925,1777,False
44926,40,False
44927,2,False
44928,1766,False
44929,3,False
44930,306,False
44931,1767,False
44932,2045,False
44933,48,False
44934,1777,False
44935,8005,False
44936,951,False
44937,52,False
44938,37,False
44939,1792,False
44940,28,False
44941,95,False
44942,1906,True
44943,296,False
44944,59,False
44945,60,False
44946,1995,True
44947,74,False
44948,2009,True
44949,64,False
44950,65,False
44951,115,False
44952,116,False
44953,117,False
44954,108,False
44955,2176,True
44956,139,False
44957,2251,True
44958,16,False
44959,6,False
44960,648,False
44961,2363,True
44962,2,False
44963,146,False
44964,147,False
44965,2394,True
44966,2412,True
44967,1820,False
44968,83,False
44969,2448,True
44970,153,False
44971,2084,False
44972,87,False
44973,250,False
44974,89,False
44975,15,False
44976,2591,True
44977,160,False
44978,93,False
44979,36,False
44980,995,False
44981,2605,True
44982,6,False
44983,2721,True
44984,8579,False
44985,1000,False
44986,10,False
44987,6,False
44988,3,False
44989,2865,True
44990,1,False
44991,36,False
44992,25,False
44993,108,False
44994,109,False
44995,2920,True
44996,111,False
44997,8,False
44998,162,False
44999,14,False
45000,3089,True
45001,155,False
45002,12,False
45003,3217,True
45004,8,False
45005,2118,False
45006,48,False
45007,19,False
45008,20,False
45009,2284,False
45010,2285,False
45011,3226,True
45012,127,False
45013,53,False
45014,54,False
45015,703,False
45016,2291,False
45017,3296,True
45018,2131,False
45019,3466,True
45020,20,False
45021,9,False
45022,137,False
45023,138,False
45024,140,False
45025,190,False
45026,418,False
45027,716,False
45028,4,False
45029,13,False
45030,3473,True
45031,1047,False
45032,42,False
45033,34,False
45034,18,False
45035,3,False
45036,77,False
45037,153,False
45038,22,False
45039,47,False
45040,74,False
45041,97,False
45042,475,False
45043,208,False
45044,47,False
45045,86,False
45046,49,False
45047,66,False
45048,1064,False
45049,11,False
45050,166,False
45051,3602,True
45052,64,False
45053,192,False
45054,743,False
45055,144,False
45056,145,False
45057,3578,False
45058,3,False
45059,3771,True
45060,44,False
45061,216,False
45062,178,False
45063,94,False
45064,63,False
45065,3863,True
45066,75,False
45067,43,False
45068,184,False
45069,2345,False
45070,1924,False
45071,3877,True
45072,2186,False
45073,162,False
45074,105,False
45075,191,False
45076,21,False
45077,4024,True
45078,67,False
45079,27,False
45080,79,False
45081,236,False
45082,171,False
45083,92,False
45084,773,False
45085,53,False
45086,2200,False
45087,31,False
45088,99,False
45089,4061,True
45090,91,False
45091,4084,True
45092,148,False
45093,209,False
45094,1110,False
45095,4102,True
45096,185,False
45097,2,False
45098,111,False
45099,75,False
45100,216,False
45101,2215,False
45102,50,False
45103,114,False
45104,52,False
45105,1959,False
45106,95,False
45107,4147,True
45108,263,False
45109,53,False
45110,1964,False
45111,3632,False
45112,4154,True
45113,229,False
45114,298,False
45115,31,False
45116,117,False
45117,2073,False
45118,126,False
45119,3,False
45120,4217,True
45121,237,False
45122,138,False
45123,812,False
45124,279,False
45125,280,False
45126,4238,True
45127,292,False
45128,2242,False
45129,4254,True
45130,246,False
45131,247,False
45132,145,False
45133,8729,False
45134,318,False
45135,146,False
45136,125,False
45137,4335,True
45138,572,False
45139,141,False
45140,130,False
45141,307,False
45142,8,False
45143,145,False
45144,13,False
45145,4358,True
45146,163,False
45147,164,False
45148,238,False
45149,4520,True
45150,128,False
45151,841,False
45152,154,False
45153,21,False
45154,1486,False
45155,2432,False
45156,4620,True
45157,26,False
45158,343,False
45159,4685,True
45160,15,False
45161,851,False
45162,194,False
45163,280,False
45164,4705,True
45165,197,False
45166,14,False
45167,157,False
45168,4807,True
45169,19,False
45170,5,False
45171,450,False
45172,4821,True
45173,49,False
45174,11,False
45175,292,False
45176,166,False
45177,32,False
45178,28,False
45179,4908,True
45180,2295,False
45181,31,False
45182,64,False
45183,185,False
45184,29,False
45185,8782,False
45186,2,False
45187,5017,True
45188,223,False
45189,307,False
45190,5041,True
45191,2469,False
45192,8790,False
45193,350,False
45194,6,False
45195,87,False
45196,187,False
45197,33,False
45198,11,False
45199,5055,True
45200,1219,False
45201,638,False
45202,294,False
45203,2,False
45204,5186,True
45205,68,False
45206,210,False
45207,2324,False
45208,300,False
45209,5187,True
45210,329,False
45211,5266,True
45212,30,False
45213,332,False
45214,333,False
45215,5270,True
45216,30,False
45217,229,False
45218,70,False
45219,5325,True
45220,200,False
45221,5331,True
45222,256,False
45223,257,False
45224,916,False
45225,237,False
45226,8825,False
45227,5352,True
45228,46,False
45229,5449,True
45230,210,False
45231,36,False
45232,103,False
45233,1160,False
45234,59,False
45235,5550,True
45236,98,False
45237,929,False
45238,8837,False
45239,20,False
45240,58,False
45241,5689,True
45242,234,False
45243,59,False
45244,60,False
45245,82,False
45246,226,False
45247,84,False
45248,252,False
45249,97,False
45250,5759,True
45251,370,False
45252,268,False
45253,5790,True
45254,125,False
45255,15,False
45256,69,False
45257,5838,True
45258,8857,False
45259,276,False
45260,3,False
45261,8860,False
45262,6044,True
45263,297,False
45264,14,False
45265,22,False
45266,47,False
45267,1286,False
45268,3792,False
45269,9,False
45270,28,False
45271,142,False
45272,2551,False
45273,31,False
45274,254,False
45275,6222,True
45276,19,False
45277,90,False
45278,6252,True
45279,53,False
45280,48,False
45281,8880,False
45282,8881,False
45283,145,False
45284,13,False
45285,2402,False
45286,62,False
45287,6260,True
45288,2405,False
45289,408,False
45290,6319,True
45291,283,False
45292,8366,False
45293,8367,False
45294,6377,True
45295,9,False
45296,56,False
45297,2414,False
45298,6423,True
45299,8373,False
45300,118,False
45301,163,False
45302,164,False
45303,102,False
45304,423,False
45305,198,False
45306,6461,True
45307,50,False
45308,51,False
45309,52,False
45310,15,True
45311,48,True
45312,11,False
45313,1240,False
45314,331,False
45315,38,False
45316,152,False
45317,108,True
45318,180,False
45319,11,False
45320,80,False
45321,139,False
45322,21,False
45323,9,False
45324,282,True
45325,289,True
45326,26,False
45327,27,False
45328,363,False
45329,310,True
45330,355,False
45331,75,False
45332,103,False
45333,35,False
45334,456,False
45335,368,True
45336,82,False
45337,177,False
45338,178,False
45339,386,True
45340,462,False
45341,2461,False
45342,73,False
45343,326,False
45344,107,False
45345,422,True
45346,167,False
45347,42,False
45348,40,False
45349,472,False
45350,445,True
45351,2314,False
45352,348,False
45353,228,False
45354,13,False
45355,478,False
45356,178,False
45357,238,False
45358,481,False
45359,527,True
45360,87,False
45361,46,False
45362,81,False
45363,82,False
45364,763,False
45365,403,False
45366,113,False
45367,351,False
45368,8971,False
45369,191,False
45370,62,False
45371,237,False
45372,356,False
45373,496,False
45374,121,False
45375,67,False
45376,553,True
45377,218,False
45378,578,True
45379,15,False
45380,364,False
45381,402,False
45382,2503,False
45383,613,True
45384,259,False
45385,41,False
45386,8989,False
45387,114,False
45388,254,False
45389,669,True
45390,137,False
45391,2512,False
45392,214,False
45393,710,True
45394,390,False
45395,2678,False
45396,27,False
45397,520,False
45398,734,True
45399,221,False
45400,339,False
45401,20,False
45402,81,False
45403,39,False
45404,858,True
45405,7,False
45406,288,False
45407,230,False
45408,101,False
45409,394,False
45410,26,False
45411,23,False
45412,2534,False
45413,33,False
45414,890,True
45415,400,False
45416,1348,False
45417,9021,False
45418,891,True
45419,543,False
45420,910,True
45421,406,False
45422,978,True
45423,7,False
45424,8,False
45425,204,False
45426,46,False
45427,424,False
45428,552,False
45429,247,False
45430,415,False
45431,51,False
45432,1029,True
45433,256,False
45434,35,False
45435,258,False
45436,1049,True
45437,130,False
45438,203,False
45439,62,False
45440,9,False
45441,53,False
45442,1070,True
45443,63,False
45444,8523,False
45445,210,False
45446,443,False
45447,847,False
45448,49,False
45449,272,False
45450,317,False
45451,1146,True
45452,1158,True
45453,53,False
45454,1,False
45455,3,False
45456,495,False
45457,58,False
45458,6,False
45459,1230,True
45460,61,False
45461,328,False
45462,2426,False
45463,34,False
45464,588,False
45465,1277,True
45466,214,False
45467,1399,False
45468,34,False
45469,71,False
45470,8550,False
45471,596,False
45472,1296,True
45473,222,False
45474,95,False
45475,299,False
45476,300,False
45477,94,False
45478,26,False
45479,31,False
45480,1340,True
45481,2604,False
45482,1507,False
45483,481,False
45484,54,False
45485,1383,True
45486,103,False
45487,1,False
45488,237,False
45489,1390,True
45490,92,False
45491,2614,False
45492,8572,False
45493,317,False
45494,1468,True
45495,1490,True
45496,225,False
45497,622,False
45498,2620,False
45499,2784,False
45500,8580,False
45501,1513,True
45502,268,False
45503,8583,False
45504,1568,True
45505,1438,False
45506,383,False
45507,1609,True
45508,376,False
45509,507,False
45510,508,False
45511,232,False
45512,1643,True
45513,2,False
45514,19,False
45515,295,False
45516,399,False
45517,119,False
45518,11,False
45519,1894,True
45520,137,False
45521,1921,True
45522,399,False
45523,28,False
45524,9129,False
45525,206,False
45526,143,False
45527,1956,True
45528,33,False
45529,146,False
45530,147,False
45531,656,False
45532,26,False
45533,357,False
45534,1875,False
45535,17,False
45536,153,False
45537,2342,True
45538,663,False
45539,304,False
45540,408,False
45541,2368,True
45542,540,False
45543,2433,True
45544,8625,False
45545,2546,True
45546,228,False
45547,165,False
45548,373,False
45549,167,False
45550,537,False
45551,2837,False
45552,7,False
45553,955,False
45554,37,False
45555,21,False
45556,2757,True
45557,71,False
45558,64,False
45559,23,False
45560,24,False
45561,2994,True
45562,31,False
45563,5,False
45564,71,False
45565,34,False
45566,185,False
45567,2854,False
45568,29,False
45569,38,False
45570,440,False
45571,190,False
45572,3030,True
45573,8655,False
45574,35,False
45575,2,False
45576,3040,True
45577,456,False
45578,40,False
45579,32,False
45580,580,False
45581,2868,False
45582,9189,False
45583,202,False
45584,3162,True
45585,84,False
45586,3243,True
45587,3256,True
45588,60,False
45589,208,False
45590,3339,True
45591,210,False
45592,376,False
45593,1528,False
45594,3358,True
45595,583,False
45596,584,False
45597,482,False
45598,3,False
45599,350,False
45600,3364,True
45601,220,False
45602,52,False
45603,70,False
45604,489,False
45605,732,False
45606,1541,False
45607,61,False
45608,87,False
45609,3398,True
45610,3446,True
45611,4141,False
45612,612,False
45613,364,False
45614,110,False
45615,189,False
45616,8,False
45617,10,False
45618,3552,True
45619,19,False
45620,405,False
45621,75,False
45622,3628,True
45623,85,False
45624,67,False
45625,377,False
45626,3655,True
45627,379,False
45628,499,False
45629,11,False
45630,510,False
45631,3691,True
45632,94,False
45633,16,False
45634,18,False
45635,9,False
45636,91,False
45637,92,False
45638,407,False
45639,216,False
45640,3763,True
45641,425,False
45642,3790,True
45643,515,False
45644,18,False
45645,117,False
45646,63,False
45647,102,False
45648,22,False
45649,651,False
45650,779,False
45651,420,False
45652,7,False
45653,9262,False
45654,123,False
45655,3908,True
45656,1061,False
45657,1062,False
45658,787,False
45659,229,False
45660,547,False
45661,117,False
45662,36,False
45663,3921,True
45664,47,False
45665,48,False
45666,243,False
45667,130,False
45668,139,False
45669,43,False
45670,3995,True
45671,126,False
45672,60,False
45673,67,False
45674,55,False
45675,804,False
45676,50,False
45677,4049,True
45678,52,False
45679,808,False
45680,149,False
45681,810,False
45682,33,False
45683,67,False
45684,454,False
45685,17,False
45686,74,False
45687,58,False
45688,140,False
45689,4297,True
45690,11,False
45691,163,False
45692,32,False
45693,4319,True
45694,57,False
45695,25,False
45696,166,False
45697,451,False
45698,4346,True
45699,155,False
45700,2990,False
45701,2991,False
45702,166,False
45703,730,False
45704,89,False
45705,4386,True
45706,46,False
45707,589,False
45708,103,False
45709,4398,True
45710,1,False
45711,12,False
45712,483,False
45713,734,False
45714,587,False
45715,9325,False
45716,188,False
45717,1655,False
45718,591,False
45719,183,False
45720,3010,False
45721,185,False
45722,4501,True
45723,57,False
45724,597,False
45725,143,False
45726,144,False
45727,609,False
45728,616,False
45729,59,False
45730,171,False
45731,61,False
45732,116,False
45733,802,False
45734,129,False
45735,199,False
45736,4638,True
45737,508,False
45738,202,False
45739,114,False
45740,4782,True
45741,81,False
45742,496,False
45743,199,False
45744,874,False
45745,69,False
45746,516,False
45747,877,False
45748,4794,True
45749,3039,False
45750,51,False
45751,330,False
45752,124,False
45753,125,False
45754,1160,False
45755,127,False
45756,42,False
45757,109,False
45758,153,False
45759,131,False
45760,217,False
45761,21,False
45762,892,False
45763,645,False
45764,178,False
45765,536,False
45766,5010,True
45767,1173,False
45768,8853,False
45769,3,False
45770,35,False
45771,9,False
45772,25,False
45773,5055,True
45774,163,False
45775,150,False
45776,160,False
45777,2,False
45778,651,False
45779,44,False
45780,5122,True
45781,6,False
45782,11,False
45783,5141,True
45784,5182,True
45785,38,False
45786,674,False
45787,16,False
45788,51,False
45789,662,False
45790,185,False
45791,367,False
45792,198,False
45793,7,False
45794,167,False
45795,5234,True
45796,255,False
45797,28,False
45798,673,False
45799,674,False
45800,261,False
45801,3,False
45802,191,False
45803,5325,True
45804,94,False
45805,26,False
45806,5403,True
45807,206,False
45808,41,False
45809,198,False
45810,199,False
45811,10,False
45812,272,False
45813,7,False
45814,5497,True
45815,214,False
45816,574,False
45817,193,False
45818,51,False
45819,109,False
45820,19,False
45821,265,False
45822,212,False
45823,5536,True
45824,224,False
45825,703,False
45826,9441,False
45827,269,False
45828,5559,True
45829,5573,True
45830,66,False
45831,5576,True
45832,296,False
45833,9,False
45834,299,False
45835,300,False
45836,1875,False
45837,3136,False
45838,5742,True
45839,424,False
45840,5748,True
45841,5,False
45842,19,False
45843,43,False
45844,5841,True
45845,243,False
45846,84,False
45847,119,False
45848,314,False
45849,173,False
45850,5889,True
45851,65,False
45852,12,False
45853,177,False
45854,5983,True
45855,249,False
45856,129,False
45857,4,False
45858,6098,True
45859,257,False
45860,60,False
45861,9481,False
45862,22,False
45863,51,False
45864,42,False
45865,629,False
45866,6131,True
45867,252,False
45868,6149,True
45869,36,False
45870,48,False
45871,266,False
45872,50,False
45873,3173,False
45874,34,False
45875,6224,True
45876,955,False
45877,61,False
45878,891,False
45879,20,False
45880,9500,False
45881,120,False
45882,6255,True
45883,8978,False
45884,32,False
45885,6303,True
45886,8982,False
45887,66,False
45888,89,False
45889,6337,True
45890,40,False
45891,226,False
45892,906,False
45893,3194,False
45894,3195,False
45895,483,False
45896,796,False
45897,6381,True
45898,249,False
45899,140,False
45900,3,False
45901,63,False
45902,82,False
45903,918,False
45904,938,False
45905,303,False
45906,495,False
45907,3210,False
45908,10,False
45909,11,False
45910,3,False
45911,262,False
45912,813,False
45913,240,False
45914,87,False
45915,9013,False
45916,158,False
45917,5,False
45918,103,False
45919,57,False
45920,108,False
45921,71,False
45922,4473,False
45923,963,False
45924,1005,False
45925,301,False
45926,107,False
45927,11,False
45928,129,False
45929,6,False
45930,105,False
45931,82,False
45932,117,False
45933,220,False
45934,85,False
45935,240,False
45936,180,False
45937,215,False
45938,9,False
45939,240,False
45940,279,False
45941,364,True
45942,125,False
45943,14,False
45944,40,False
45945,385,True
45946,335,False
45947,44,False
45948,387,True
45949,2,False
45950,349,False
45951,22,False
45952,196,False
45953,107,False
45954,342,False
45955,428,True
45956,43,False
45957,22,False
45958,12,False
45959,9585,False
45960,445,True
45961,124,False
45962,1917,False
45963,1918,False
45964,18,False
45965,354,False
45966,419,False
45967,22,False
45968,449,True
45969,24,False
45970,18,False
45971,361,False
45972,126,False
45973,39,False
45974,254,False
45975,486,True
45976,140,False
45977,4,False
45978,93,False
45979,14,False
45980,25,False
45981,500,True
45982,9609,False
45983,457,False
45984,40,False
45985,3292,False
45986,564,True
45987,11,False
45988,378,False
45989,16,False
45990,236,False
45991,2037,False
45992,19,False
45993,149,False
45994,180,False
45995,777,True
45996,1016,False
45997,329,False
45998,53,False
45999,105,False
46000,41,False
46001,404,False
46002,157,False
46003,790,False
46004,7,False
46005,29,False
46006,797,True
46007,56,False
46008,9636,False
46009,58,False
46010,402,False
46011,993,True
46012,61,False
46013,66,False
46014,1026,True
46015,418,False
46016,57,False
46017,202,False
46018,421,False
46019,8,False
46020,73,False
46021,21,False
46022,1093,True
46023,555,False
46024,3332,False
46025,619,False
46026,9129,False
46027,144,False
46028,504,False
46029,286,False
46030,433,False
46031,564,False
46032,139,False
46033,1129,True
46034,9663,False
46035,283,False
46036,9665,False
46037,285,False
46038,3347,False
46039,6,False
46040,196,False
46041,80,False
46042,228,False
46043,266,False
46044,377,False
46045,1159,True
46046,203,False
46047,9677,False
46048,166,False
46049,9679,False
46050,55,False
46051,208,False
46052,901,False
46053,448,False
46054,1312,True
46055,60,False
46056,7,False
46057,244,False
46058,496,False
46059,452,False
46060,1332,True
46061,107,False
46062,222,False
46063,313,False
46064,97,False
46065,13,False
46066,411,False
46067,235,False
46068,559,False
46069,75,False
46070,281,False
46071,455,False
46072,283,False
46073,323,False
46074,20,False
46075,263,False
46076,82,False
46077,1434,True
46078,70,False
46079,48,False
46080,330,False
46081,678,False
46082,74,False
46083,35,False
46084,1445,True
46085,134,False
46086,23,False
46087,895,False
46088,5,False
46089,1112,False
46090,43,False
46091,342,False
46092,3403,False
46093,1512,True
46094,100,False
46095,98,False
46096,1119,False
46097,502,False
46098,136,False
46099,218,False
46100,351,False
46101,57,False
46102,260,False
46103,328,False
46104,595,False
46105,149,False
46106,23,False
46107,567,False
46108,1620,True
46109,102,False
46110,1638,True
46111,118,False
46112,22,False
46113,519,False
46114,22,False
46115,122,False
46116,158,False
46117,124,False
46118,26,False
46119,1691,True
46120,526,False
46121,244,False
46122,603,False
46123,125,False
46124,1765,True
46125,1151,False
46126,1038,False
46127,298,False
46128,4,False
46129,2015,True
46130,7,False
46131,24,False
46132,324,False
46133,533,False
46134,171,False
46135,617,False
46136,13,False
46137,2081,True
46138,300,False
46139,537,False
46140,17,False
46141,265,False
46142,396,False
46143,196,False
46144,2124,True
46145,2154,True
46146,338,False
46147,642,False
46148,310,False
46149,2194,True
46150,2258,True
46151,81,False
46152,314,False
46153,276,False
46154,408,False
46155,564,False
46156,230,False
46157,546,False
46158,189,False
46159,623,False
46160,1187,False
46161,101,False
46162,335,False
46163,42,False
46164,2292,True
46165,43,False
46166,44,False
46167,2296,True
46168,1196,False
46169,342,False
46170,219,False
46171,198,False
46172,296,False
46173,2,False
46174,9810,False
46175,567,False
46176,55,False
46177,174,False
46178,1207,False
46179,438,False
46180,2355,True
46181,358,False
46182,441,False
46183,2411,True
46184,381,False
46185,362,False
46186,2424,True
46187,23,False
46188,603,False
46189,3509,False
46190,87,False
46191,9306,False
46192,1009,False
46193,2471,True
46194,38,False
46195,323,False
46196,27,False
46197,2,False
46198,149,False
46199,81,False
46200,397,False
46201,2625,True
46202,39,False
46203,608,False
46204,257,False
46205,15,False
46206,2664,True
46207,51,False
46208,2710,True
46209,91,False
46210,167,False
46211,26,False
46212,615,False
46213,292,False
46214,111,False
46215,620,False
46216,194,False
46217,267,False
46218,1136,False
46219,614,False
46220,2758,True
46221,540,False
46222,4,False
46223,421,False
46224,630,False
46225,2776,True
46226,486,False
46227,2197,False
46228,19,False
46229,489,False
46230,451,False
46231,2821,True
46232,9348,False
46233,45,False
46234,19,False
46235,80,False
46236,414,False
46237,249,False
46238,2865,True
46239,197,False
46240,6,False
46241,34,False
46242,9360,False
46243,1302,False
46244,444,False
46245,32,False
46246,2895,True
46247,251,False
46248,665,False
46249,305,False
46250,9368,False
46251,238,False
46252,1287,False
46253,100,False
46254,2923,True
46255,759,False
46256,389,False
46257,437,False
46258,665,False
46259,1061,False
46260,3015,True
46261,382,False
46262,55,False
46263,463,False
46264,1299,False
46265,52,False
46266,8,False
46267,400,False
46268,3051,True
46269,2331,False
46270,3076,True
46271,679,False
46272,744,False
46273,15,False
46274,395,False
46275,17,False
46276,694,False
46277,667,False
46278,3111,True
46279,2341,False
46280,3119,True
46281,14,False
46282,338,False
46283,680,False
46284,693,False
46285,1148,False
46286,2349,False
46287,550,False
46288,3125,True
46289,13,False
46290,781,False
46291,17,False
46292,261,False
46293,3127,True
46294,28,False
46295,5,False
46296,497,False
46297,2,False
46298,8,False
46299,2272,False
46300,261,False
46301,62,False
46302,3313,True
46303,712,False
46304,567,False
46305,3402,True
46306,40,False
46307,706,False
46308,485,False
46309,392,False
46310,3423,True
46311,921,False
46312,16,False
46313,39,False
46314,129,False
46315,690,False
46316,1352,False
46317,22,False
46318,41,False
46319,495,False
46320,73,False
46321,93,False
46322,3425,True
46323,272,False
46324,14,False
46325,321,False
46326,33,False
46327,592,False
46328,3438,True
46329,532,False
46330,533,False
46331,67,False
46332,183,False
46333,340,False
46334,468,False
46335,755,False
46336,343,False
46337,3443,True
46338,2,False
46339,3473,True
46340,760,False
46341,761,False
46342,1399,False
46343,98,False
46344,2409,False
46345,100,False
46346,611,False
46347,3580,True
46348,1213,False
46349,1387,False
46350,200,False
46351,79,False
46352,3653,True
46353,491,False
46354,619,False
46355,145,False
46356,757,False
46357,778,False
46358,65,False
46359,444,False
46360,1398,False
46361,485,False
46362,626,False
46363,712,False
46364,314,False
46365,3747,True
46366,94,False
46367,3693,False
46368,3753,True
46369,5,False
46370,161,False
46371,97,False
46372,8,False
46373,3759,True
46374,82,False
46375,62,False
46376,434,False
46377,2,False
46378,351,False
46379,147,False
46380,2,False
46381,439,False
46382,3825,True
46383,175,False
46384,787,False
46385,115,False
46386,3880,True
46387,20,False
46388,449,False
46389,38,False
46390,768,False
46391,804,False
46392,9515,False
46393,3983,True
46394,103,False
46395,482,False
46396,105,False
46397,406,False
46398,4110,True
46399,377,False
46400,667,False
46401,23,False
46402,24,False
46403,4164,True
46404,3732,False
46405,162,False
46406,59,False
46407,4168,True
46408,19,False
46409,41,False
46410,124,False
46411,814,False
46412,64,False
46413,45,False
46414,120,False
46415,392,False
46416,4208,True
46417,126,False
46418,3746,False
46419,378,False
46420,2487,False
46421,834,False
46422,6,False
46423,4264,True
46424,8,False
46425,3753,False
46426,1293,False
46427,4392,True
46428,2,False
46429,852,False
46430,20,False
46431,637,False
46432,285,False
46433,570,False
46434,409,False
46435,235,False
46436,229,False
46437,840,False
46438,184,False
46439,218,False
46440,528,False
46441,4709,True
46442,865,False
46443,502,False
46444,867,False
46445,507,False
46446,2514,False
46447,1512,False
46448,2516,False
46449,926,False
46450,83,False
46451,162,False
46452,221,False
46453,4880,True
46454,169,False
46455,685,False
46456,9581,False
46457,4962,True
46458,420,False
46459,5026,True
46460,668,False
46461,12,False
46462,424,False
46463,878,False
46464,440,False
46465,648,False
46466,13,False
46467,5030,True
46468,10119,False
46469,869,False
46470,23,False
46471,234,False
46472,5063,True
46473,23,False
46474,5084,True
46475,226,False
46476,1408,False
46477,20,False
46478,101,False
46479,5106,True
46480,139,False
46481,5108,True
46482,9,False
46483,29,False
46484,577,False
46485,627,False
46486,1532,False
46487,345,False
46488,3822,False
46489,84,False
46490,1537,False
46491,10,False
46492,5195,True
46493,39,False
46494,1541,False
46495,22,False
46496,91,False
46497,6,False
46498,25,False
46499,1372,False
46500,212,False
46501,774,False
46502,907,False
46503,904,False
46504,888,False
46505,914,False
46506,5214,True
46507,53,False
46508,131,False
46509,9636,False
46510,64,False
46511,5215,True
46512,723,False
46513,921,False
46514,898,False
46515,231,False
46516,658,False
46517,315,False
46518,5309,True
46519,293,False
46520,754,False
46521,585,False
46522,1454,False
46523,5404,True
46524,2,False
46525,17,False
46526,72,False
46527,5,False
46528,5475,True
46529,241,False
46530,594,False
46531,126,False
46532,916,False
46533,600,False
46534,952,False
46535,333,False
46536,600,False
46537,495,False
46538,1584,False
46539,3873,False
46540,20,False
46541,683,False
46542,2,False
46543,61,False
46544,5595,True
46545,44,False
46546,1023,False
46547,263,False
46548,40,False
46549,38,False
46550,98,False
46551,267,False
46552,264,False
46553,269,False
46554,827,False
46555,271,False
46556,5609,True
46557,699,False
46558,975,False
46559,115,False
46560,626,False
46561,627,False
46562,528,False
46563,277,False
46564,1379,False
46565,1440,False
46566,5651,True
46567,562,False
46568,2,False
46569,5657,True
46570,289,False
46571,73,False
46572,74,False
46573,47,False
46574,5761,True
46575,49,False
46576,3913,False
46577,235,False
46578,5782,True
46579,531,False
46580,655,False
46581,76,False
46582,1004,False
46583,370,False
46584,1633,False
46585,5893,True
46586,305,False
46587,34,False
46588,5899,True
46589,1405,False
46590,2576,False
46591,5901,True
46592,311,False
46593,807,False
46594,561,False
46595,26,False
46596,71,False
46597,957,False
46598,120,False
46599,988,False
46600,815,False
46601,878,False
46602,5927,True
46603,818,False
46604,46,False
46605,676,False
46606,172,False
46607,102,False
46608,5939,True
46609,333,False
46610,242,False
46611,5,False
46612,162,False
46613,1663,False
46614,1028,False
46615,260,False
46616,585,False
46617,10275,False
46618,94,False
46619,5993,True
46620,67,False
46621,763,False
46622,769,False
46623,770,False
46624,1676,False
46625,138,False
46626,1040,False
46627,6068,True
46628,1042,False
46629,845,False
46630,6116,True
46631,1055,False
46632,701,False
46633,633,False
46634,84,False
46635,913,False
46636,3,False
46637,6131,True
46638,189,False
46639,428,False
46640,712,False
46641,362,False
46642,6185,True
46643,717,False
46644,120,False
46645,82,False
46646,3,False
46647,1061,False
46648,21,False
46649,125,False
46650,1020,False
46651,6206,True
46652,111,False
46653,340,False
46654,1069,False
46655,933,False
46656,15,False
46657,937,False
46658,110,False
46659,325,False
46660,940,False
46661,1077,False
46662,6269,True
46663,146,False
46664,666,False
46665,6275,True
46666,1091,False
46667,5,False
46668,948,False
46669,388,False
46670,6277,True
46671,2,False
46672,6320,True
46673,645,False
46674,677,False
46675,51,False
46676,397,False
46677,6346,True
46678,465,False
46679,33,False
46680,4023,False
46681,372,False
46682,319,False
46683,4026,False
46684,4,True
46685,240,False
46686,1104,False
46687,969,False
46688,4031,False
46689,4032,False
46690,1530,False
46691,129,True
46692,913,False
46693,12,False
46694,480,False
46695,133,False
46696,979,False
46697,771,False
46698,703,False
46699,980,False
46700,243,False
46701,299,False
46702,175,True
46703,37,False
46704,781,False
46705,212,False
46706,186,True
46707,1763,False
46708,63,False
46709,43,False
46710,196,True
46711,433,False
46712,290,True
46713,1141,False
46714,48,False
46715,207,False
46716,1557,False
46717,209,False
46718,9,False
46719,940,False
46720,54,False
46721,159,False
46722,56,False
46723,33,False
46724,231,False
46725,352,True
46726,178,False
46727,1010,False
46728,199,False
46729,414,False
46730,704,False
46731,74,False
46732,67,False
46733,811,False
46734,354,True
46735,457,False
46736,710,False
46737,41,False
46738,73,False
46739,1,False
46740,814,False
46741,2,False
46742,77,False
46743,6,False
46744,187,False
46745,51,False
46746,196,False
46747,1031,False
46748,436,False
46749,322,False
46750,55,False
46751,308,False
46752,88,False
46753,976,False
46754,1039,False
46755,447,False
46756,100,False
46757,67,False
46758,451,True
46759,16,False
46760,1820,False
46761,98,False
46762,47,False
46763,54,False
46764,467,True
46765,552,False
46766,851,False
46767,219,False
46768,409,False
46769,127,False
46770,1614,False
46771,495,True
46772,496,False
46773,58,False
46774,998,False
46775,15,False
46776,61,True
46777,234,False
46778,2864,False
46779,928,False
46780,1066,False
46781,575,True
46782,1213,False
46783,938,False
46784,1071,False
46785,123,False
46786,297,False
46787,1013,False
46788,4136,False
46789,1675,False
46790,20,False
46791,129,False
46792,585,True
46793,2880,False
46794,614,True
46795,438,False
46796,878,False
46797,673,True
46798,1086,False
46799,1026,False
46800,951,False
46801,1085,False
46802,749,True
46803,1219,False
46804,10471,False
46805,1867,False
46806,1094,False
46807,827,True
46808,473,False
46809,817,False
46810,284,False
46811,150,False
46812,287,False
46813,1101,False
46814,861,True
46815,298,False
46816,866,True
46817,472,False
46818,2906,False
46819,158,False
46820,463,False
46821,909,True
46822,904,False
46823,1111,False
46824,1240,False
46825,589,False
46826,1114,False
46827,3,False
46828,1114,False
46829,1675,False
46830,910,True
46831,133,False
46832,1265,False
46833,172,False
46834,508,False
46835,4184,False
46836,562,False
46837,924,False
46838,14,False
46839,309,False
46840,1128,False
46841,947,True
46842,9974,False
46843,1911,False
46844,319,True
46845,1121,False
46846,407,False
46847,934,False
46848,113,False
46849,173,False
46850,307,False
46851,1139,False
46852,517,False
46853,288,False
46854,1235,True
46855,180,False
46856,82,False
46857,584,False
46858,502,False
46859,187,False
46860,1291,True
46861,13,False
46862,66,False
46863,542,False
46864,98,False
46865,14,False
46866,1338,True
46867,140,False
46868,332,False
46869,134,False
46870,855,False
46871,1311,False
46872,1391,True
46873,337,False
46874,2,False
46875,82,False
46876,538,False
46877,696,False
46878,433,False
46879,8,False
46880,7,False
46881,1419,True
46882,1046,False
46883,35,False
46884,1048,False
46885,405,False
46886,15,False
46887,95,False
46888,39,False
46889,623,False
46890,23,False
46891,43,False
46892,1188,False
46893,1428,True
46894,3,False
46895,568,False
46896,47,False
46897,9,False
46898,1057,False
46899,23,False
46900,1969,False
46901,1437,True
46902,59,False
46903,4,False
46904,95,False
46905,1447,True
46906,588,False
46907,31,False
46908,1204,False
46909,1073,False
46910,200,False
46911,56,False
46912,1076,False
46913,202,False
46914,47,False
46915,38,False
46916,124,False
46917,1523,True
46918,126,False
46919,717,False
46920,320,False
46921,585,False
46922,1537,True
46923,366,False
46924,367,False
46925,607,False
46926,661,False
46927,1574,True
46928,137,False
46929,123,False
46930,1227,False
46931,177,False
46932,919,False
46933,731,False
46934,68,False
46935,922,False
46936,457,False
46937,89,False
46938,614,False
46939,68,False
46940,1639,True
46941,498,False
46942,677,False
46943,10084,False
46944,1641,True
46945,1662,True
46946,610,False
46947,412,False
46948,1685,True
46949,1344,False
46950,142,False
46951,103,False
46952,1347,False
46953,539,False
46954,25,False
46955,288,False
46956,691,False
46957,478,False
46958,10634,False
46959,1124,False
46960,10636,False
46961,272,False
46962,16,False
46963,1730,True
46964,426,False
46965,1354,False
46966,1764,True
46967,1264,False
46968,301,False
46969,302,False
46970,24,False
46971,10,False
46972,164,False
46973,230,False
46974,1864,True
46975,315,False
46976,130,False
46977,445,False
46978,1071,False
46979,1077,False
46980,134,False
46981,1278,False
46982,1281,False
46983,720,False
46984,37,False
46985,41,False
46986,2025,True
46987,272,False
46988,121,False
46989,1156,False
46990,14,False
46991,73,False
46992,4,False
46993,2084,True
46994,2052,False
46995,74,False
46996,674,False
46997,465,False
46998,10676,False
46999,2128,True
47000,79,False
47001,1297,False
47002,2073,False
47003,1397,False
47004,472,False
47005,2,False
47006,2185,True
47007,162,False
47008,466,False
47009,2202,True
47010,1103,False
47011,1000,False
47012,10690,False
47013,836,False
47014,38,False
47015,3,False
47016,73,False
47017,1461,False
47018,486,False
47019,1186,False
47020,2273,True
47021,45,False
47022,44,False
47023,9,False
47024,15,False
47025,1192,False
47026,12,False
47027,2338,True
47028,52,False
47029,707,False
47030,27,False
47031,489,False
47032,490,False
47033,10176,False
47034,10712,False
47035,1202,False
47036,118,False
47037,2347,True
47038,96,False
47039,28,False
47040,1137,False
47041,58,False
47042,1035,False
47043,491,False
47044,60,False
47045,285,False
47046,2500,True
47047,18,False
47048,496,False
47049,1443,False
47050,791,False
47051,10199,False
47052,81,False
47053,2503,True
47054,1318,False
47055,113,False
47056,216,False
47057,530,False
47058,59,False
47059,76,False
47060,10208,False
47061,33,False
47062,65,False
47063,70,False
47064,1371,False
47065,2164,False
47066,2556,True
47067,149,False
47068,522,False
47069,1378,False
47070,77,False
47071,10,False
47072,9,False
47073,70,False
47074,71,False
47075,15,False
47076,54,False
47077,84,False
47078,826,False
47079,913,False
47080,2610,True
47081,340,False
47082,681,False
47083,61,False
47084,2624,True
47085,1395,False
47086,46,False
47087,110,False
47088,2177,False
47089,29,False
47090,37,False
47091,1091,False
47092,1402,False
47093,2801,True
47094,2196,False
47095,1095,False
47096,70,False
47097,122,False
47098,18,False
47099,2009,False
47100,10789,False
47101,748,False
47102,702,False
47103,15,False
47104,853,False
47105,2894,True
47106,5,False
47107,7,False
47108,69,False
47109,1134,False
47110,10800,False
47111,88,False
47112,25,False
47113,279,False
47114,1554,False
47115,37,False
47116,74,False
47117,25,False
47118,815,False
47119,4492,False
47120,3125,True
47121,3143,True
47122,102,False
47123,724,False
47124,37,False
47125,332,False
47126,3152,True
47127,599,False
47128,825,False
47129,2233,False
47130,602,False
47131,10821,False
47132,45,False
47133,109,False
47134,42,False
47135,2,False
47136,27,False
47137,107,False
47138,3231,True
47139,109,False
47140,100,False
47141,1455,False
47142,169,False
47143,3,False
47144,1999,False
47145,3237,True
47146,3246,True
47147,963,False
47148,176,False
47149,500,False
47150,42,False
47151,3247,True
47152,3277,True
47153,47,False
47154,208,False
47155,126,False
47156,3295,True
47157,2245,False
47158,5785,False
47159,369,False
47160,1476,False
47161,3405,True
47162,3455,True
47163,253,False
47164,3469,True
47165,1483,False
47166,85,False
47167,2084,False
47168,142,False
47169,457,False
47170,260,False
47171,66,False
47172,532,False
47173,3484,True
47174,148,False
47175,70,False
47176,49,False
47177,1495,False
47178,1586,False
47179,3515,True
47180,99,False
47181,274,False
47182,156,False
47183,1025,False
47184,1365,False
47185,29,False
47186,201,False
47187,3677,True
47188,85,False
47189,53,False
47190,10,False
47191,281,False
47192,174,False
47193,99,False
47194,3276,False
47195,60,False
47196,2114,False
47197,2295,False
47198,487,False
47199,885,False
47200,688,False
47201,4578,False
47202,218,False
47203,1522,False
47204,3709,True
47205,879,False
47206,3,False
47207,881,False
47208,248,False
47209,30,False
47210,1529,False
47211,85,False
47212,195,False
47213,34,False
47214,591,False
47215,1398,False
47216,199,False
47217,921,False
47218,3758,True
47219,117,False
47220,1629,False
47221,1334,False
47222,142,False
47223,121,False
47224,898,False
47225,39,False
47226,483,False
47227,1346,False
47228,246,False
47229,3763,True
47230,152,False
47231,1645,False
47232,1553,False
47233,209,False
47234,15,False
47235,253,False
47236,278,False
47237,3854,True
47238,136,False
47239,332,False
47240,2333,False
47241,747,False
47242,18,False
47243,3899,True
47244,2123,False
47245,121,False
47246,10945,False
47247,39,False
47248,65,False
47249,10416,False
47250,631,False
47251,3916,True
47252,942,False
47253,67,False
47254,86,False
47255,614,False
47256,3962,True
47257,235,False
47258,41,False
47259,159,False
47260,1382,False
47261,281,False
47262,48,False
47263,1275,False
47264,3350,False
47265,94,False
47266,756,False
47267,3974,True
47268,51,False
47269,12,False
47270,194,False
47271,572,False
47272,4027,True
47273,953,False
47274,1599,False
47275,91,False
47276,956,False
47277,10980,False
47278,1103,False
47279,317,False
47280,1693,False
47281,576,False
47282,577,False
47283,63,False
47284,1298,False
47285,965,False
47286,71,False
47287,1476,False
47288,73,False
47289,215,False
47290,4129,True
47291,110,False
47292,80,False
47293,173,False
47294,332,False
47295,49,False
47296,23,False
47297,319,False
47298,83,False
47299,9,False
47300,27,False
47301,796,False
47302,9,False
47303,3392,False
47304,231,False
47305,286,False
47306,52,False
47307,93,False
47308,331,False
47309,136,False
47310,98,False
47311,11015,False
47312,287,False
47313,4267,True
47314,95,False
47315,285,False
47316,612,False
47317,4273,True
47318,245,False
47319,139,False
47320,1170,False
47321,119,False
47322,4290,True
47323,11028,False
47324,252,False
47325,4315,True
47326,350,False
47327,63,False
47328,352,False
47329,714,False
47330,3420,False
47331,259,False
47332,314,False
47333,845,False
47334,4325,True
47335,82,False
47336,64,False
47337,158,False
47338,1050,False
47339,1794,False
47340,48,False
47341,1532,False
47342,606,False
47343,367,False
47344,4368,True
47345,101,False
47346,46,False
47347,529,False
47348,1675,False
47349,96,False
47350,1115,False
47351,19,False
47352,99,False
47353,98,False
47354,258,False
47355,4693,True
47356,92,False
47357,93,False
47358,4759,True
47359,341,False
47360,1687,False
47361,658,False
47362,4786,True
47363,100,False
47364,1785,False
47365,1693,False
47366,730,False
47367,104,False
47368,11,False
47369,4853,True
47370,395,False
47371,300,False
47372,341,False
47373,103,False
47374,415,False
47375,10547,False
47376,873,False
47377,1011,False
47378,48,False
47379,4967,True
47380,424,False
47381,170,False
47382,1504,False
47383,1800,False
47384,1019,False
47385,208,False
47386,5052,True
47387,8,False
47388,11095,False
47389,9,False
47390,5090,True
47391,1220,False
47392,14,False
47393,5182,True
47394,96,False
47395,15,False
47396,185,False
47397,252,False
47398,424,False
47399,770,False
47400,2014,False
47401,585,False
47402,308,False
47403,5257,True
47404,2171,False
47405,5294,True
47406,336,False
47407,140,False
47408,157,False
47409,453,False
47410,452,False
47411,66,False
47412,318,False
47413,5306,True
47414,153,False
47415,215,False
47416,189,False
47417,240,False
47418,11125,False
47419,170,False
47420,5311,True
47421,1546,False
47422,402,False
47423,341,False
47424,7,False
47425,792,False
47426,1257,False
47427,471,False
47428,285,False
47429,231,False
47430,43,False
47431,931,False
47432,173,False
47433,5316,True
47434,20,False
47435,1151,False
47436,187,False
47437,3,False
47438,483,False
47439,1570,False
47440,64,False
47441,1567,False
47442,494,False
47443,631,False
47444,5354,True
47445,432,False
47446,2550,False
47447,517,False
47448,5374,True
47449,382,False
47450,187,False
47451,360,False
47452,57,False
47453,5376,True
47454,1786,False
47455,11165,False
47456,389,False
47457,59,False
47458,34,False
47459,5448,True
47460,828,False
47461,490,False
47462,491,False
47463,1795,False
47464,451,False
47465,452,False
47466,5460,True
47467,1892,False
47468,4,False
47469,970,False
47470,5513,True
47471,4861,False
47472,248,False
47473,382,False
47474,1599,False
47475,456,False
47476,409,False
47477,5514,True
47478,304,False
47479,11189,False
47480,525,False
47481,48,False
47482,850,False
47483,535,False
47484,1254,False
47485,29,False
47486,5526,True
47487,855,False
47488,1613,False
47489,16,False
47490,991,False
47491,11201,False
47492,229,False
47493,4883,False
47494,428,False
47495,5543,True
47496,1829,False
47497,301,False
47498,2,False
47499,5571,True
47500,469,False
47501,329,False
47502,1701,False
47503,534,False
47504,5661,True
47505,34,False
47506,1529,False
47507,36,False
47508,1935,False
47509,94,False
47510,445,False
47511,1012,False
47512,3609,False
47513,138,False
47514,5713,True
47515,705,False
47516,294,False
47517,3614,False
47518,10,False
47519,97,False
47520,1947,False
47521,299,False
47522,316,False
47523,1950,False
47524,894,False
47525,10703,False
47526,45,False
47527,5792,True
47528,5831,True
47529,48,False
47530,293,False
47531,1659,False
47532,337,False
47533,4928,False
47534,339,False
47535,1662,False
47536,583,False
47537,5842,True
47538,98,False
47539,810,False
47540,368,False
47541,346,False
47542,102,False
47543,1877,False
47544,533,False
47545,1879,False
47546,515,False
47547,92,False
47548,376,False
47549,86,False
47550,5846,True
47551,582,False
47552,487,False
47553,611,False
47554,11266,False
47555,140,False
47556,2661,False
47557,467,False
47558,2,False
47559,144,False
47560,1684,False
47561,1759,False
47562,5931,True
47563,37,False
47564,4959,False
47565,6002,True
47566,1900,False
47567,598,False
47568,6007,True
47569,623,False
47570,127,False
47571,7,False
47572,2476,False
47573,379,False
47574,1909,False
47575,11288,False
47576,6018,True
47577,372,False
47578,4971,False
47579,98,False
47580,126,False
47581,1085,False
47582,6029,True
47583,18,False
47584,2691,False
47585,6096,True
47586,414,False
47587,415,False
47588,6103,True
47589,353,False
47590,780,False
47591,336,False
47592,6184,True
47593,2,False
47594,1929,False
47595,390,False
47596,507,False
47597,974,False
47598,343,False
47599,583,False
47600,428,False
47601,3699,False
47602,6198,True
47603,635,False
47604,4997,False
47605,4998,False
47606,163,False
47607,352,False
47608,880,False
47609,92,False
47610,156,False
47611,20,False
47612,983,False
47613,22,False
47614,6289,True
47615,1317,False
47616,444,False
47617,6263,False
47618,663,False
47619,1643,False
47620,3665,False
47621,400,False
47622,612,False
47623,1458,False
47624,24,False
47625,38,False
47626,6346,True
47627,11340,False
47628,5024,False
47629,6359,True
47630,10809,False
47631,6466,True
47632,1967,False
47633,2406,False
47634,1469,False
47635,4,False
47636,10,False
47637,332,False
47638,38,False
47639,52,False
47640,23,False
47641,158,False
47642,690,False
47643,5039,False
47644,1982,False
47645,6515,True
47646,585,False
47647,640,False
47648,11364,False
47649,209,False
47650,1030,False
47651,844,False
47652,201,False
47653,435,False
47654,707,False
47655,6534,True
47656,5,False
47657,411,False
47658,851,False
47659,208,False
47660,14,False
47661,79,False
47662,5058,False
47663,72,False
47664,1866,False
47665,225,False
47666,11382,False
47667,1795,False
47668,7,False
47669,2095,False
47670,418,False
47671,74,True
47672,11388,False
47673,11389,False
47674,109,True
47675,2013,False
47676,31,False
47677,31,False
47678,94,False
47679,188,False
47680,19,False
47681,512,False
47682,513,False
47683,11399,False
47684,732,False
47685,1822,False
47686,355,True
47687,880,False
47688,42,False
47689,5089,False
47690,726,False
47691,474,False
47692,2,False
47693,729,False
47694,492,True
47695,5,False
47696,972,False
47697,11414,False
47698,546,True
47699,2810,False
47700,579,True
47701,695,False
47702,52,False
47703,6353,False
47704,762,False
47705,587,True
47706,2173,False
47707,701,False
47708,19,False
47709,1090,False
47710,229,False
47711,465,False
47712,5112,False
47713,481,False
47714,546,False
47715,774,False
47716,227,False
47717,2056,False
47718,839,False
47719,648,True
47720,693,False
47721,553,False
47722,77,False
47723,555,False
47724,2063,False
47725,1564,False
47726,865,True
47727,1249,False
47728,1247,False
47729,7,False
47730,562,False
47731,251,False
47732,2,False
47733,3,False
47734,651,False
47735,1257,False
47736,6,False
47737,43,False
47738,570,False
47739,1942,False
47740,1869,False
47741,920,True
47742,574,False
47743,70,False
47744,965,True
47745,781,False
47746,1876,False
47747,2371,False
47748,807,False
47749,268,False
47750,63,False
47751,1010,True
47752,22,False
47753,264,False
47754,1134,True
47755,587,False
47756,525,False
47757,71,False
47758,591,False
47759,280,False
47760,11,False
47761,2191,False
47762,1222,True
47763,681,False
47764,15,False
47765,2233,False
47766,3869,False
47767,45,False
47768,19,False
47769,1609,False
47770,688,False
47771,1048,False
47772,1346,True
47773,3876,False
47774,25,False
47775,830,False
47776,386,False
47777,1359,True
47778,611,False
47779,1984,False
47780,2120,False
47781,4,False
47782,819,False
47783,3886,False
47784,125,False
47785,395,False
47786,305,False
47787,1523,True
47788,1919,False
47789,762,False
47790,13,False
47791,310,False
47792,2132,False
47793,2133,False
47794,8,False
47795,46,False
47796,1575,True
47797,11515,False
47798,993,False
47799,155,False
47800,838,False
47801,2232,False
47802,798,False
47803,854,False
47804,28,False
47805,123,False
47806,1333,False
47807,2016,False
47808,3916,False
47809,865,False
47810,566,False
47811,131,False
47812,738,False
47813,51,False
47814,38,False
47815,818,False
47816,183,False
47817,820,False
47818,36,False
47819,183,False
47820,628,False
47821,1554,False
47822,880,False
47823,2942,False
47824,750,False
47825,29,True
47826,57,False
47827,2133,False
47828,257,False
47829,897,False
47830,41,True
47831,261,False
47832,65,False
47833,816,False
47834,355,False
47835,60,False
47836,186,False
47837,841,False
47838,359,False
47839,2188,False
47840,680,False
47841,3953,False
47842,1128,False
47843,70,False
47844,603,False
47845,1579,False
47846,67,False
47847,79,False
47848,81,False
47849,139,True
47850,1236,False
47851,49,False
47852,1139,False
47853,86,False
47854,783,False
47855,1374,False
47856,2604,False
47857,477,False
47858,14,False
47859,168,True
47860,2494,False
47861,682,False
47862,174,True
47863,2079,False
47864,2080,False
47865,2215,False
47866,283,True
47867,31,False
47868,13,False
47869,89,False
47870,5281,False
47871,56,False
47872,11600,False
47873,2980,False
47874,321,False
47875,6536,False
47876,242,False
47877,1916,False
47878,332,True
47879,720,False
47880,18,False
47881,22,False
47882,110,False
47883,930,False
47884,889,False
47885,890,False
47886,815,False
47887,391,False
47888,729,False
47889,8,False
47890,5,False
47891,1096,False
47892,56,False
47893,448,True
47894,9,False
47895,689,False
47896,52,False
47897,12,False
47898,658,False
47899,462,True
47900,1433,False
47901,11629,False
47902,831,False
47903,887,False
47904,6,False
47905,3012,False
47906,29,False
47907,26,False
47908,5319,False
47909,465,True
47910,2218,False
47911,1198,False
47912,1298,False
47913,146,False
47914,1300,False
47915,1122,False
47916,1303,False
47917,85,False
47918,42,False
47919,5331,False
47920,495,True
47921,37,False
47922,352,False
47923,1963,False
47924,1642,False
47925,931,False
47926,5335,False
47927,769,False
47928,1134,False
47929,1217,False
47930,11659,False
47931,533,False
47932,515,True
47933,1320,False
47934,33,False
47935,674,False
47936,1323,False
47937,309,False
47938,986,False
47939,869,False
47940,85,False
47941,68,False
47942,1149,False
47943,548,True
47944,5,False
47945,61,False
47946,930,False
47947,2089,False
47948,2089,False
47949,76,False
47950,11679,False
47951,1471,False
47952,120,False
47953,555,False
47954,515,False
47955,10,False
47956,1437,False
47957,70,False
47958,566,True
47959,407,False
47960,1441,False
47961,11156,False
47962,116,False
47963,79,False
47964,588,True
47965,332,False
47966,761,False
47967,2408,False
47968,14,False
47969,791,False
47970,1504,False
47971,338,False
47972,339,False
47973,616,True
47974,1180,False
47975,342,False
47976,343,False
47977,142,False
47978,618,True
47979,98,False
47980,2459,False
47981,16,False
47982,1043,False
47983,350,False
47984,3091,False
47985,357,False
47986,416,False
47987,733,True
47988,66,False
47989,2029,False
47990,224,False
47991,2911,False
47992,2741,False
47993,835,False
47994,361,False
47995,163,False
47996,142,False
47997,150,False
47998,571,False
47999,13,False
48000,367,False
48001,2352,False
48002,1008,False
48003,738,True
48004,124,False
48005,2358,False
48006,1056,False
48007,2360,False
48008,852,False
48009,16,False
48010,179,False
48011,757,True
48012,213,False
48013,389,False
48014,580,False
48015,757,False
48016,758,False
48017,56,False
48018,148,False
48019,813,True
48020,953,False
48021,11,False
48022,1231,False
48023,400,False
48024,195,False
48025,1076,False
48026,40,False
48027,1078,False
48028,2340,False
48029,5441,False
48030,861,True
48031,11763,False
48032,402,False
48033,775,False
48034,22,False
48035,405,False
48036,2390,False
48037,14,False
48038,240,False
48039,162,False
48040,473,False
48041,646,False
48042,15,False
48043,987,True
48044,2967,False
48045,2399,False
48046,1033,False
48047,2401,False
48048,2402,False
48049,1058,False
48050,17,False
48051,11783,False
48052,1037,True
48053,619,False
48054,2408,False
48055,819,False
48056,1266,False
48057,14,False
48058,229,False
48059,1133,False
48060,231,False
48061,45,False
48062,1049,False
48063,34,True
48064,11,False
48065,2419,False
48066,2420,False
48067,44,False
48068,2422,False
48069,1459,False
48070,36,False
48071,152,False
48072,243,False
48073,30,False
48074,2,False
48075,11809,False
48076,234,False
48077,78,True
48078,47,False
48079,252,False
48080,56,False
48081,1071,False
48082,42,False
48083,1094,False
48084,74,False
48085,1075,False
48086,118,True
48087,46,False
48088,10,False
48089,240,False
48090,3202,False
48091,1483,False
48092,174,True
48093,465,False
48094,267,False
48095,71,False
48096,942,False
48097,66,False
48098,186,True
48099,40,False
48100,11834,False
48101,947,False
48102,241,True
48103,25,False
48104,18,False
48105,2549,False
48106,189,False
48107,73,False
48108,1097,False
48109,1501,False
48110,294,True
48111,3,False
48112,195,False
48113,2597,False
48114,723,False
48115,741,False
48116,3251,False
48117,1840,False
48118,2474,False
48119,946,False
48120,86,False
48121,1519,False
48122,2269,False
48123,1134,False
48124,282,False
48125,67,False
48126,561,False
48127,19,False
48128,1869,False
48129,21,False
48130,2486,False
48131,295,True
48132,1067,False
48133,308,False
48134,294,False
48135,491,False
48136,649,False
48137,418,True
48138,5554,False
48139,2287,False
48140,44,False
48141,268,False
48142,498,False
48143,1670,False
48144,2503,False
48145,1201,False
48146,422,True
48147,2634,False
48148,1549,False
48149,269,False
48150,2374,False
48151,1546,False
48152,11354,False
48153,475,True
48154,1682,False
48155,123,False
48156,71,False
48157,340,False
48158,4,False
48159,5579,False
48160,2519,False
48161,2520,False
48162,2521,False
48163,11900,False
48164,1566,False
48165,342,False
48166,11369,False
48167,2318,False
48168,345,False
48169,1571,False
48170,143,False
48171,725,True
48172,3,False
48173,611,False
48174,119,False
48175,18,False
48176,742,True
48177,2403,False
48178,692,False
48179,1194,False
48180,1907,False
48181,13,False
48182,1927,False
48183,1122,False
48184,271,False
48185,1035,False
48186,782,True
48187,348,False
48188,134,False
48189,134,False
48190,565,False
48191,234,False
48192,763,False
48193,2640,False
48194,1590,False
48195,372,False
48196,1276,False
48197,825,True
48198,1255,False
48199,2424,False
48200,17,False
48201,107,False
48202,66,False
48203,1260,False
48204,922,True
48205,2565,False
48206,3323,False
48207,923,True
48208,5626,False
48209,1013,False
48210,1606,False
48211,77,False
48212,587,False
48213,158,False
48214,825,False
48215,1294,False
48216,2668,False
48217,950,True
48218,9,False
48219,988,True
48220,791,False
48221,194,False
48222,399,False
48223,1054,False
48224,67,False
48225,1621,False
48226,1305,False
48227,85,False
48228,603,False
48229,1758,False
48230,5651,False
48231,13,False
48232,10,False
48233,5651,False
48234,167,False
48235,1631,False
48236,357,False
48237,395,False
48238,2389,False
48239,1255,False
48240,11978,False
48241,56,False
48242,426,False
48243,1301,False
48244,2605,False
48245,1775,False
48246,192,False
48247,1098,False
48248,31,False
48249,863,False
48250,1101,False
48251,2612,False
48252,36,True
48253,388,False
48254,228,False
48255,377,False
48256,202,False
48257,633,False
48258,1109,False
48259,43,False
48260,421,False
48261,11465,False
48262,3380,False
48263,2624,False
48264,47,False
48265,222,False
48266,213,False
48267,133,False
48268,225,False
48269,9,False
48270,842,False
48271,130,False
48272,105,False
48273,1816,False
48274,30,False
48275,222,False
48276,142,False
48277,52,True
48278,76,False
48279,54,False
48280,1290,False
48281,1339,False
48282,11486,False
48283,230,False
48284,1116,False
48285,25,False
48286,1503,False
48287,465,False
48288,50,False
48289,1229,False
48290,1348,False
48291,1507,False
48292,1302,False
48293,453,False
48294,241,True
48295,1100,False
48296,3414,False
48297,1066,False
48298,2661,False
48299,2620,False
48300,23,False
48301,169,False
48302,439,False
48303,45,False
48304,253,False
48305,241,False
48306,12,False
48307,1141,False
48308,14,False
48309,1327,False
48310,1322,False
48311,53,False
48312,54,False
48313,2541,False
48314,263,False
48315,2766,False
48316,116,False
48317,2680,False
48318,38,False
48319,1658,False
48320,91,False
48321,1155,False
48322,5746,False
48323,65,False
48324,957,False
48325,67,False
48326,2480,False
48327,286,False
48328,29,False
48329,22,False
48330,492,False
48331,1327,False
48332,155,False
48333,1168,False
48334,1734,False
48335,1555,False
48336,101,False
48337,194,False
48338,81,False
48339,27,False
48340,119,False
48341,1402,False
48342,143,False
48343,1362,False
48344,1416,False
48345,6,False
48346,295,True
48347,12090,False
48348,12091,False
48349,328,True
48350,220,False
48351,56,False
48352,970,False
48353,97,False
48354,2811,False
48355,45,False
48356,2586,False
48357,1301,False
48358,344,True
48359,234,False
48360,499,False
48361,142,False
48362,226,False
48363,130,False
48364,73,False
48365,12109,False
48366,34,False
48367,237,False
48368,355,True
48369,2823,False
48370,6,False
48371,1368,False
48372,1008,False
48373,325,False
48374,212,False
48375,45,False
48376,816,False
48377,1440,False
48378,360,True
48379,30,False
48380,43,False
48381,12125,False
48382,127,False
48383,51,False
48384,129,False
48385,6,False
48386,1407,False
48387,2,False
48388,1409,False
48389,820,True
48390,342,False
48391,370,False
48392,854,True
48393,63,False
48394,1204,False
48395,916,False
48396,51,False
48397,978,True
48398,144,False
48399,1,False
48400,983,True
48401,313,False
48402,11612,False
48403,988,True
48404,56,False
48405,76,False
48406,1013,True
48407,211,False
48408,63,False
48409,2143,False
48410,15,False
48411,1475,False
48412,3535,False
48413,65,False
48414,1097,True
48415,22,False
48416,2649,False
48417,1482,False
48418,22,False
48419,1367,False
48420,52,False
48421,614,False
48422,31,False
48423,609,False
48424,123,False
48425,173,False
48426,1335,False
48427,32,False
48428,1453,False
48429,1402,False
48430,1646,False
48431,40,False
48432,256,False
48433,106,False
48434,1427,True
48435,241,False
48436,107,False
48437,21,False
48438,1462,False
48439,1515,False
48440,29,False
48441,1819,True
48442,3568,False
48443,86,False
48444,1834,True
48445,54,False
48446,361,False
48447,1663,False
48448,57,False
48449,38,False
48450,198,False
48451,34,False
48452,366,False
48453,39,False
48454,66,False
48455,902,False
48456,207,False
48457,1882,True
48458,6,False
48459,328,False
48460,211,False
48461,1934,True
48462,1876,False
48463,73,False
48464,911,False
48465,139,False
48466,2152,True
48467,218,False
48468,219,False
48469,916,False
48470,99,False
48471,118,False
48472,47,False
48473,225,False
48474,848,False
48475,30,False
48476,2216,False
48477,2401,True
48478,11,False
48479,1894,False
48480,105,False
48481,80,False
48482,2425,True
48483,10,False
48484,1703,False
48485,22,False
48486,1130,False
48487,24,False
48488,2554,True
48489,27,False
48490,51,False
48491,3149,False
48492,20,False
48493,63,False
48494,31,False
48495,41,False
48496,351,False
48497,250,False
48498,2870,True
48499,176,False
48500,692,False
48501,102,False
48502,2,False
48503,2965,True
48504,3001,True
48505,466,False
48506,467,False
48507,3039,True
48508,2751,False
48509,3100,True
48510,39,False
48511,124,False
48512,113,False
48513,3110,True
48514,268,False
48515,229,False
48516,87,False
48517,1547,False
48518,1739,False
48519,967,False
48520,2852,False
48521,2988,False
48522,199,False
48523,1528,False
48524,213,False
48525,1529,False
48526,3123,True
48527,2288,False
48528,3140,True
48529,189,False
48530,68,False
48531,3177,True
48532,81,False
48533,160,False
48534,96,False
48535,64,False
48536,1319,False
48537,110,False
48538,914,False
48539,112,False
48540,27,False
48541,295,False
48542,143,False
48543,3271,True
48544,222,False
48545,108,False
48546,148,False
48547,109,False
48548,3279,True
48549,99,False
48550,12,False
48551,3321,True
48552,12306,False
48553,155,False
48554,1579,False
48555,55,False
48556,3689,False
48557,45,False
48558,7243,False
48559,3615,True
48560,61,False
48561,163,False
48562,120,False
48563,756,False
48564,3629,True
48565,14,False
48566,12320,False
48567,2900,False
48568,8,False
48569,108,False
48570,8,False
48571,1577,False
48572,451,False
48573,41,False
48574,2907,False
48575,203,False
48576,115,False
48577,1023,False
48578,3643,True
48579,772,False
48580,130,False
48581,183,False
48582,1401,False
48583,82,False
48584,3665,True
48585,2003,False
48586,74,False
48587,126,False
48588,3684,True
48589,128,False
48590,65,False
48591,1814,False
48592,540,False
48593,1625,False
48594,1414,False
48595,286,False
48596,790,False
48597,3694,True
48598,125,False
48599,42,False
48600,43,False
48601,38,False
48602,3791,True
48603,279,False
48604,238,False
48605,806,False
48606,1612,False
48607,363,False
48608,479,False
48609,3855,True
48610,327,False
48611,8,False
48612,170,False
48613,1835,False
48614,839,False
48615,495,False
48616,1690,False
48617,1691,False
48618,3863,True
48619,2382,False
48620,254,False
48621,501,False
48622,7,False
48623,64,False
48624,3884,True
48625,301,False
48626,178,False
48627,13,False
48628,6,False
48629,15,False
48630,27,False
48631,418,False
48632,12387,False
48633,309,False
48634,75,False
48635,1709,False
48636,3985,True
48637,85,False
48638,88,False
48639,36,False
48640,81,False
48641,236,False
48642,15,False
48643,246,False
48644,3777,False
48645,23,False
48646,323,False
48647,263,False
48648,4086,True
48649,3806,False
48650,845,False
48651,30,False
48652,203,False
48653,603,False
48654,604,False
48655,53,False
48656,18,False
48657,209,False
48658,3794,False
48659,381,False
48660,4101,True
48661,864,False
48662,344,False
48663,62,False
48664,171,False
48665,147,False
48666,46,False
48667,863,False
48668,4209,True
48669,348,False
48670,307,False
48671,16,False
48672,155,False
48673,62,False
48674,626,False
48675,434,False
48676,4269,True
48677,77,False
48678,78,False
48679,2850,False
48680,1689,False
48681,4300,True
48682,441,False
48683,83,False
48684,73,False
48685,2432,False
48686,365,False
48687,180,False
48688,4581,True
48689,2,False
48690,642,False
48691,245,False
48692,310,False
48693,619,False
48694,898,False
48695,3214,False
48696,2462,False
48697,376,False
48698,230,False
48699,1550,False
48700,24,False
48701,90,False
48702,20,False
48703,186,False
48704,4873,True
48705,23,False
48706,4892,True
48707,4909,True
48708,589,False
48709,3845,False
48710,907,False
48711,915,False
48712,1563,False
48713,27,False
48714,37,False
48715,115,False
48716,4987,True
48717,476,False
48718,99,False
48719,43,False
48720,318,False
48721,62,False
48722,5155,True
48723,104,False
48724,1759,False
48725,1760,False
48726,344,False
48727,5201,True
48728,334,False
48729,43,False
48730,5269,True
48731,119,False
48732,396,False
48733,416,False
48734,3044,False
48735,116,False
48736,964,False
48737,5270,True
48738,935,False
48739,1121,False
48740,420,False
48741,1593,False
48742,5453,True
48743,503,False
48744,14,False
48745,672,False
48746,9,False
48747,674,False
48748,5456,True
48749,150,False
48750,1761,False
48751,1603,False
48752,12511,False
48753,1979,False
48754,475,False
48755,79,False
48756,31,False
48757,438,False
48758,149,False
48759,2,False
48760,36,False
48761,152,False
48762,5751,True
48763,363,False
48764,1802,False
48765,5764,True
48766,168,False
48767,87,False
48768,388,False
48769,15,False
48770,5853,True
48771,1596,False
48772,157,False
48773,137,False
48774,3248,False
48775,5885,True
48776,376,False
48777,3915,False
48778,9,False
48779,143,False
48780,5886,True
48781,2345,False
48782,267,False
48783,50,False
48784,226,False
48785,1015,False
48786,49,False
48787,351,False
48788,5898,True
48789,353,False
48790,989,False
48791,5,False
48792,11,False
48793,679,False
48794,944,False
48795,521,False
48796,5915,True
48797,283,False
48798,189,False
48799,17,False
48800,5918,True
48801,410,False
48802,688,False
48803,5944,True
48804,2573,False
48805,23,False
48806,6005,True
48807,684,False
48808,296,False
48809,573,False
48810,324,False
48811,222,False
48812,6032,True
48813,579,False
48814,3285,False
48815,32,False
48816,704,False
48817,1901,False
48818,136,False
48819,495,False
48820,138,False
48821,12051,False
48822,3965,False
48823,45,False
48824,429,False
48825,47,False
48826,10,False
48827,49,False
48828,145,False
48829,6435,True
48830,52,False
48831,1848,False
48832,49,False
48833,1472,False
48834,6437,True
48835,725,False
48836,522,False
48837,3308,False
48838,82,False
48839,1882,False
48840,410,False
48841,42,False
48842,6510,True
48843,36,False
48844,470,False
48845,126,False
48846,1051,False
48847,736,False
48848,615,False
48849,536,False
48850,258,False
48851,1894,False
48852,97,False
48853,1089,False
48854,541,False
48855,1898,False
48856,3526,False
48857,33,False
48858,349,False
48859,12625,False
48860,83,False
48861,821,False
48862,131,False
48863,311,False
48864,272,False
48865,189,False
48866,6,False
48867,1698,False
48868,305,False
48869,360,False
48870,207,False
48871,251,True
48872,91,False
48873,281,False
48874,286,False
48875,14,False
48876,1031,False
48877,1920,False
48878,769,False
48879,584,False
48880,199,False
48881,1898,False
48882,609,False
48883,664,False
48884,454,False
48885,9,False
48886,377,False
48887,42,False
48888,12654,False
48889,1932,False
48890,658,False
48891,39,False
48892,1098,False
48893,118,False
48894,698,False
48895,397,False
48896,120,False
48897,217,False
48898,307,False
48899,1106,False
48900,393,False
48901,670,False
48902,718,False
48903,403,False
48904,673,False
48905,1112,False
48906,93,False
48907,802,False
48908,64,False
48909,2144,False
48910,1928,False
48911,186,False
48912,808,True
48913,587,False
48914,876,False
48915,186,False
48916,685,False
48917,143,False
48918,12153,False
48919,108,False
48920,841,True
48921,1135,False
48922,111,False
48923,12,False
48924,336,False
48925,696,False
48926,199,False
48927,339,False
48928,2,False
48929,260,False
48930,701,False
48931,1120,True
48932,562,False
48933,563,False
48934,375,False
48935,96,False
48936,3412,False
48937,511,False
48938,1736,False
48939,351,False
48940,31,False
48941,1603,False
48942,713,False
48943,1347,True
48944,837,False
48945,563,False
48946,10,False
48947,682,False
48948,4,False
48949,1359,True
48950,524,False
48951,59,False
48952,724,False
48953,1373,True
48954,408,False
48955,369,False
48956,1756,False
48957,589,False
48958,2719,False
48959,1824,False
48960,1448,True
48961,2004,False
48962,1123,False
48963,7,False
48964,657,False
48965,1126,False
48966,861,False
48967,1455,True
48968,382,False
48969,466,False
48970,245,False
48971,258,False
48972,2021,False
48973,1526,True
48974,595,False
48975,42,False
48976,609,False
48977,1620,True
48978,3302,False
48979,1197,False
48980,12753,False
48981,73,False
48982,28,False
48983,471,False
48984,215,False
48985,1773,True
48986,33,False
48987,1803,True
48988,150,False
48989,408,False
48990,478,False
48991,151,False
48992,239,False
48993,1870,True
48994,492,False
48995,1833,False
48996,963,False
48997,1863,False
48998,4150,False
48999,110,False
49000,489,False
49001,281,False
49002,417,False
49003,1650,False
49004,419,False
49005,1880,True
49006,3192,False
49007,781,False
49008,18,False
49009,120,False
49010,104,False
49011,21,False
49012,2024,True
49013,1230,False
49014,106,False
49015,2149,True
49016,710,False
49017,755,False
49018,63,False
49019,250,False
49020,424,False
49021,252,False
49022,796,False
49023,117,False
49024,2245,True
49025,469,False
49026,73,False
49027,24,False
49028,2335,True
49029,1192,False
49030,664,False
49031,476,False
49032,2358,True
49033,146,False
49034,128,False
49035,130,False
49036,672,False
49037,12813,False
49038,9,False
49039,153,False
49040,2438,True
49041,460,False
49042,18,False
49043,822,False
49044,3528,False
49045,2101,False
49046,1018,False
49047,826,False
49048,468,False
49049,538,False
49050,84,False
49051,2500,True
49052,793,False
49053,12832,False
49054,547,False
49055,12834,False
49056,836,False
49057,60,False
49058,27,False
49059,2547,True
49060,3391,False
49061,40,False
49062,180,False
49063,2311,False
49064,2649,False
49065,70,False
49066,321,False
49067,314,False
49068,44,False
49069,3556,False
49070,2885,True
49071,927,False
49072,243,False
49073,2908,True
49074,1300,False
49075,1300,False
49076,2993,True
49077,714,False
49078,942,False
49079,29,False
49080,188,False
49081,3066,True
49082,62,False
49083,68,False
49084,3288,False
49085,3111,True
49086,2344,False
49087,151,False
49088,3129,True
49089,12882,False
49090,310,False
49091,7,False
49092,48,False
49093,592,False
49094,163,False
49095,3185,True
49096,1337,False
49097,367,False
49098,599,False
49099,1342,False
49100,899,False
49101,2888,False
49102,4,False
49103,3441,True
49104,3316,False
49105,3807,False
49106,178,False
49107,3466,True
49108,67,False
49109,71,False
49110,12,False
49111,910,False
49112,31,False
49113,12376,False
49114,184,False
49115,3519,True
49116,915,False
49117,916,False
49118,21,False
49119,3520,True
49120,2197,False
49121,3562,True
49122,260,False
49123,27,False
49124,47,False
49125,832,False
49126,3807,True
49127,1049,False
49128,1004,False
49129,268,False
49130,3998,True
49131,187,False
49132,128,False
49133,12399,False
49134,624,False
49135,70,False
49136,4162,True
49137,609,False
49138,33,False
49139,7,False
49140,245,False
49141,944,False
49142,467,False
49143,805,False
49144,141,False
49145,142,False
49146,72,False
49147,145,False
49148,45,False
49149,639,False
49150,59,False
49151,3507,False
49152,4306,True
49153,805,False
49154,393,False
49155,1073,False
49156,155,False
49157,32,False
49158,4311,True
49159,85,False
49160,59,False
49161,968,False
49162,658,False
49163,164,False
49164,4344,True
49165,1046,False
49166,832,False
49167,1087,False
49168,169,False
49169,835,False
49170,43,False
49171,4355,True
49172,44,False
49173,4356,True
49174,4360,False
49175,842,False
49176,464,False
49177,28,False
49178,79,False
49179,80,False
49180,4428,True
49181,118,False
49182,2,False
49183,140,False
49184,992,False
49185,3544,False
49186,1107,False
49187,176,False
49188,190,False
49189,64,False
49190,723,False
49191,4676,True
49192,2278,False
49193,119,False
49194,648,False
49195,4692,True
49196,122,False
49197,18,False
49198,1007,False
49199,119,False
49200,74,False
49201,655,False
49202,736,False
49203,4745,True
49204,79,False
49205,3720,False
49206,4786,True
49207,60,False
49208,30,False
49209,38,False
49210,4855,True
49211,215,False
49212,65,False
49213,65,False
49214,871,False
49215,49,False
49216,4892,True
49217,120,False
49218,3016,False
49219,11,False
49220,96,False
49221,153,False
49222,186,False
49223,2310,False
49224,758,False
49225,894,False
49226,19,False
49227,16,False
49228,5008,True
49229,23,False
49230,41,False
49231,235,False
49232,946,False
49233,6,False
49234,96,False
49235,194,False
49236,724,False
49237,34,False
49238,5125,True
49239,1050,False
49240,20,False
49241,46,False
49242,22,False
49243,1054,False
49244,1055,False
49245,52,False
49246,3469,False
49247,1058,False
49248,1023,False
49249,177,False
49250,5285,True
49251,1062,False
49252,75,False
49253,43,False
49254,41,False
49255,1068,False
49256,373,False
49257,191,False
49258,21,False
49259,53,False
49260,5321,True
49261,85,False
49262,32,False
49263,17,False
49264,194,False
49265,19,False
49266,1,False
49267,49,False
49268,5352,True
49269,198,False
49270,2360,False
49271,7,False
49272,1198,False
49273,65,False
49274,5409,True
49275,282,False
49276,477,False
49277,10,False
49278,23,False
49279,4,False
49280,3081,False
49281,5507,True
49282,766,False
49283,81,False
49284,742,False
49285,779,False
49286,5561,True
49287,120,False
49288,145,False
49289,168,False
49290,123,False
49291,1106,False
49292,5567,True
49293,31,False
49294,30,False
49295,96,False
49296,44,False
49297,5578,True
49298,1115,False
49299,1116,False
49300,15,False
49301,41,False
49302,162,False
49303,241,False
49304,1564,False
49305,5644,True
49306,5,False
49307,6,False
49308,445,False
49309,985,False
49310,321,False
49311,249,False
49312,283,False
49313,324,False
49314,71,False
49315,5772,True
49316,53,False
49317,128,False
49318,2,False
49319,5828,True
49320,809,False
49321,313,False
49322,257,False
49323,290,False
49324,66,False
49325,266,False
49326,277,False
49327,5964,True
49328,103,False
49329,1147,False
49330,191,False
49331,794,False
49332,70,False
49333,1151,False
49334,1011,False
49335,42,False
49336,10,False
49337,17,False
49338,350,False
49339,5970,True
49340,803,False
49341,122,False
49342,58,False
49343,1161,False
49344,44,False
49345,1276,False
49346,188,False
49347,128,False
49348,86,False
49349,87,False
49350,1168,False
49351,1282,False
49352,5979,True
49353,91,False
49354,200,False
49355,3858,False
49356,213,False
49357,1034,False
49358,214,False
49359,371,False
49360,3591,False
49361,35,False
49362,2457,False
49363,9,False
49364,315,False
49365,139,False
49366,1184,False
49367,22,False
49368,181,False
49369,1187,False
49370,207,False
49371,228,False
49372,6376,True
49373,674,False
49374,257,False
49375,113,False
49376,368,False
49377,389,False
49378,329,False
49379,33,False
49380,4574,False
49381,1319,False
49382,317,False
49383,6440,True
49384,73,False
49385,927,False
49386,167,False
49387,1206,False
49388,878,False
49389,44,False
49390,150,False
49391,151,False
49392,152,False
49393,154,False
49394,154,False
49395,6495,True
49396,342,False
49397,110,False
49398,215,False
49399,27,False
49400,3775,False
49401,3637,False
49402,2502,False
49403,2502,False
49404,6504,True
49405,47,False
49406,58,False
49407,24,False
49408,29,False
49409,1345,False
49410,1233,False
49411,240,False
49412,274,False
49413,107,False
49414,4140,False
49415,4,True
49416,21,False
49417,1144,False
49418,496,False
49419,372,False
49420,126,False
49421,116,False
49422,362,False
49423,81,True
49424,439,False
49425,47,False
49426,1250,False
49427,17,False
49428,104,False
49429,51,False
49430,1698,False
49431,145,True
49432,219,False
49433,1257,False
49434,14,False
49435,1118,False
49436,4163,False
49437,37,False
49438,1166,False
49439,19,False
49440,375,False
49441,4641,False
49442,60,False
49443,8,True
49444,24,False
49445,156,False
49446,399,False
49447,252,False
49448,2548,False
49449,3685,False
49450,8,False
49451,303,False
49452,341,False
49453,7,False
49454,1278,False
49455,752,False
49456,1004,False
49457,244,False
49458,245,False
49459,395,False
49460,303,False
49461,1285,False
49462,270,False
49463,442,True
49464,17,False
49465,87,False
49466,88,False
49467,963,False
49468,1680,False
49469,517,True
49470,548,False
49471,361,False
49472,52,False
49473,96,False
49474,414,False
49475,725,False
49476,583,True
49477,35,False
49478,265,False
49479,97,False
49480,588,True
49481,176,False
49482,345,False
49483,610,True
49484,424,False
49485,349,False
49486,75,False
49487,349,False
49488,20,False
49489,69,False
49490,17,False
49491,58,False
49492,19,False
49493,116,False
49494,83,False
49495,1043,False
49496,781,False
49497,1180,False
49498,576,False
49499,577,False
49500,363,False
49501,81,False
49502,3739,False
49503,83,False
49504,1164,False
49505,211,False
49506,86,False
49507,757,False
49508,203,False
49509,1180,False
49510,1058,False
49511,133,False
49512,1174,False
49513,209,False
49514,133,False
49515,52,False
49516,406,False
49517,362,False
49518,1189,False
49519,384,False
49520,1346,False
49521,538,False
49522,87,False
49523,1247,False
49524,3,False
49525,63,False
49526,9,False
49527,40,False
49528,1428,False
49529,97,False
49530,3909,False
49531,240,False
49532,157,False
49533,5,False
49534,1433,False
49535,368,False
49536,75,False
49537,383,False
49538,1365,False
49539,64,False
49540,70,False
49541,19,False
49542,16,False
49543,1370,False
49544,18,False
49545,335,False
49546,1442,False
49547,1098,False
49548,42,False
49549,4061,False
49550,142,False
49551,569,False
49552,144,False
49553,863,False
49554,363,False
49555,61,False
49556,7,False
49557,450,False
49558,392,False
49559,12,False
49560,512,False
49561,507,False
49562,21,False
49563,15,False
49564,3196,False
49565,28,False
49566,33,False
49567,507,False
49568,146,False
49569,4078,False
49570,236,False
49571,4775,False
49572,3813,False
49573,47,False
49574,37,False
49575,867,False
49576,12,False
49577,145,False
49578,105,False
49579,273,False
49580,68,False
49581,585,False
49582,155,False
49583,376,False
49584,377,False
49585,6,False
49586,22,False
49587,1264,False
49588,4098,False
49589,28,False
49590,537,False
49591,1280,False
49592,1422,False
49593,4326,False
49594,542,False
49595,165,False
49596,85,False
49597,649,False
49598,623,False
49599,396,False
49600,68,False
49601,81,False
49602,998,False
49603,45,False
49604,147,False
49605,277,False
49606,139,False
49607,4818,False
49608,324,False
49609,6,False
49610,307,False
49611,79,False
49612,287,False
49613,246,False
49614,54,False
49615,52,False
49616,288,False
49617,30,False
49618,24,False
49619,2,False
49620,1529,False
49621,445,False
49622,1457,False
49623,1458,False
49624,249,False
49625,105,False
49626,169,False
49627,51,False
49628,426,False
49629,4367,False
49630,230,False
49631,111,False
49632,12,False
49633,4,False
49634,1140,False
49635,953,False
49636,1195,False
49637,334,False
49638,457,False
49639,727,False
49640,463,False
49641,121,False
49642,1552,False
49643,17,False
49644,51,False
49645,29,False
49646,671,False
49647,602,False
49648,48,False
49649,32,False
49650,605,False
49651,18,False
49652,264,False
49653,665,False
49654,1936,False
49655,102,False
49656,1937,False
49657,482,False
49658,1460,False
49659,460,False
49660,35,False
49661,10,False
49662,9,False
49663,5,False
49664,48,False
49665,112,False
49666,987,False
49667,974,False
49668,136,False
49669,4883,False
49670,17,False
49671,139,False
49672,20,False
49673,3923,False
49674,374,False
49675,55,False
49676,21,False
49677,58,False
49678,1,False
49679,582,False
49680,634,False
49681,39,False
49682,4,False
49683,402,False
49684,59,False
49685,7,False
49686,530,False
49687,127,False
49688,62,False
49689,11,False
49690,32,False
49691,33,False
49692,216,False
49693,393,False
49694,297,False
49695,1,False
49696,4086,False
49697,221,False
49698,499,False
49699,543,False
49700,52,False
49701,511,False
49702,61,False
49703,266,False
49704,1390,False
49705,1989,False
49706,518,False
49707,1083,False
49708,3962,False
49709,95,False
49710,244,False
49711,97,False
49712,13,False
49713,392,False
49714,1628,False
49715,521,False
49716,396,False
49717,96,False
49718,158,False
49719,526,False
49720,107,False
49721,1678,False
49722,38,False
49723,59,False
49724,17,False
49725,18,False
49726,42,False
49727,91,False
49728,12,False
49729,43,False
49730,354,False
49731,16,False
49732,17,False
49733,6,False
49734,85,False
49735,550,False
49736,1304,False
49737,1440,False
49738,713,False
49739,125,False
49740,128,False
49741,556,False
49742,1310,False
49743,71,False
49744,1435,False
49745,14,False
49746,1662,False
49747,2035,False
49748,21,False
49749,30,False
49750,5,False
49751,105,False
49752,713,False
49753,3400,False
49754,27,False
49755,73,False
49756,1326,False
49757,28,False
49758,154,False
49759,43,False
49760,36,False
49761,128,False
49762,151,False
49763,82,False
49764,32,False
49765,23,False
49766,61,False
49767,134,False
49768,211,False
49769,123,False
49770,734,False
49771,47,False
49772,60,False
49773,4996,False
49774,23,False
49775,14,False
49776,101,False
49777,64,False
49778,54,False
49779,74,False
49780,1740,False
49781,148,False
49782,3617,False
49783,172,False
49784,33,False
49785,124,False
49786,153,False
49787,86,False
49788,829,False
49789,4285,False
49790,86,False
49791,23,False
49792,43,False
49793,4284,False
49794,150,False
49795,629,False
49796,118,False
49797,14,True
49798,334,False
49799,93,False
49800,156,False
49801,21,False
49802,1215,False
49803,363,False
49804,85,False
49805,2101,False
49806,200,False
49807,96,False
49808,101,False
49809,181,False
49810,91,False
49811,16,False
49812,44,False
49813,1512,False
49814,82,False
49815,209,False
49816,70,False
49817,37,False
49818,99,False
49819,139,False
49820,221,False
49821,100,False
49822,371,False
49823,1224,False
49824,29,False
49825,63,False
49826,677,False
49827,2560,False
49828,65,False
49829,76,False
49830,1818,False
49831,301,False
49832,149,False
49833,81,False
49834,127,False
49835,132,False
49836,141,False
49837,130,False
49838,86,False
49839,1567,False
49840,193,False
49841,252,False
49842,13,False
49843,14,False
49844,255,False
49845,43,False
49846,87,False
49847,169,False
49848,71,False
49849,239,False
49850,62,False
49851,5097,False
49852,61,False
49853,103,False
49854,154,False
49855,7,False
49856,328,False
49857,164,False
49858,233,False
49859,115,False
49860,161,False
49861,849,False
49862,65,False
49863,4637,False
49864,853,False
49865,33,False
49866,100,False
49867,92,True
49868,120,False
49869,26,False
49870,9,False
49871,28,False
49872,519,False
49873,126,False
49874,187,False
49875,178,False
49876,202,False
49877,90,False
49878,182,False
49879,1612,False
49880,194,False
49881,262,False
49882,2200,False
49883,128,False
49884,63,False
49885,512,False
49886,241,False
49887,12,False
49888,537,False
49889,306,False
49890,118,False
49891,204,False
49892,1671,False
49893,198,False
49894,776,False
49895,113,False
49896,191,False
49897,525,False
49898,73,False
49899,44,False
49900,785,False
49901,1264,False
49902,50,False
49903,164,False
49904,89,False
49905,198,False
49906,793,False
49907,130,False
49908,2,False
49909,57,False
49910,21,False
49911,233,False
49912,335,False
49913,178,False
49914,175,False
49915,112,False
49916,269,False
49917,1359,False
49918,251,False
49919,219,False
49920,15,False
49921,1229,False
49922,36,False
49923,72,False
49924,589,False
49925,1667,False
49926,243,False
49927,584,False
49928,36,False
49929,27,False
49930,82,False
49931,19,False
49932,16,False
49933,160,False
49934,190,False
49935,123,False
49936,1016,False
49937,5223,False
49938,92,False
49939,267,False
49940,29,False
49941,18,False
49942,239,False
49943,32,False
49944,197,False
49945,34,False
49946,428,False
49947,148,False
49948,214,False
49949,953,False
49950,104,False
49951,106,False
49952,178,False
49953,320,False
49954,220,False
49955,42,False
49956,126,False
49957,297,True
49958,369,True
49959,69,False
49960,214,False
49961,446,False
49962,687,False
49963,292,False
49964,293,False
49965,233,False
49966,46,False
49967,307,False
49968,1716,False
49969,341,False
49970,112,False
49971,1824,False
49972,978,False
49973,177,True
49974,382,False
49975,374,False
49976,1425,False
49977,850,False
49978,1537,False
49979,207,False
49980,299,False
49981,235,False
49982,124,False
49983,312,False
49984,34,False
49985,244,False
49986,30,False
49987,857,False
49988,218,False
49989,1842,False
49990,241,False
49991,3867,False
49992,292,False
49993,718,False
49994,1553,False
49995,393,False
49996,241,False
49997,267,False
49998,4,False
49999,269,False
